anio,conglome,viession,hoession,ubigeo,departamento,provincia,dominio,mieperho,factor07,factor_pob,gashog2d,gasto_pc,linea,linpe,pobre,pobre_extremo,categoria_pobreza,inghog1d
2024,414,5,2,250101,25,2501,Sierra rural,3,1535.9620609007745,4607.886182702324,13325.384975103592,370.1495826417665,405.23225245430694,244.57690899609,1,0,Pobre no extremo,15000.343292426161
2025,151,1,4,040101,04,0401,Costa rural,3,1650.6424702053955,4951.9274106161865,45588.98319213621,1266.360644226006,462.95292493824854,210.45348193892937,0,0,No pobre,47812.32013128176
2023,400,3,2,150132,15,1501,Sierra urbana,7,517.4333825027629,3622.0336775193405,26170.31788970884,311.55140344891475,418.06444239594344,268.00199475133854,1,0,Pobre no extremo,111373.4043366833
2025,270,18,3,250101,25,2501,Costa rural,4,1484.8955146845237,5939.582058738095,4748.21533018586,98.92115271220541,425.0723803390804,262.9141401596219,1,1,Pobre extremo,9468.128445929122
2025,458,9,3,010201,01,0102,Lima Metropolitana,4,775.034854924353,3100.139419697412,93306.62825839336,1943.8880887165285,464.29647377801183,266.47079942620263,0,0,No pobre,66320.91806776947
2022,71,14,1,050101,05,0501,Selva urbana,4,1367.005043179959,5468.020172719836,39806.61336099118,829.3044450206495,388.77906257188425,207.43147143078957,0,0,No pobre,25398.207438815265
2023,493,17,4,150101,15,1501,Lima Metropolitana,7,331.84128439923205,2322.8889907946245,17815.659460046478,212.09118404817235,439.4617853091049,234.16254679979343,1,1,Pobre extremo,84742.9015069156
2023,180,14,4,130101,13,1301,Sierra urbana,5,1440.6145021225784,7203.072510612892,19875.680724751728,331.2613454125288,437.82156813730376,211.56725968988627,1,0,Pobre no extremo,52521.03762342182
2023,124,4,1,210101,21,2101,Lima Metropolitana,3,1947.0046830114811,5841.014049034444,8907.881217564533,247.44114493234812,422.5214569266675,242.02488855482164,1,0,Pobre no extremo,23916.60819189685
2025,381,5,4,250101,25,2501,Lima Metropolitana,3,182.84069410556089,548.5220823166826,25433.536982740596,706.487138409461,462.9774641424093,216.29173788633048,0,0,No pobre,33065.397390726976
2024,293,17,2,050101,05,0501,Costa urbana,2,278.274912217461,556.549824434922,49665.3169316629,2069.388205485954,474.2890061335693,253.94416883582795,0,0,No pobre,5782.358596188189
2023,285,2,2,130101,13,1301,Selva rural,4,334.9098579422264,1339.6394317689055,129369.21363787938,2695.191950789154,426.53358619136105,245.08018204547673,0,0,No pobre,86682.1010109769
2025,195,5,3,050101,05,0501,Sierra rural,2,918.0714193884723,1836.1428387769447,24839.57918058018,1034.9824658575073,425.61470509983997,240.0123216001088,0,0,No pobre,242756.57712346994
2022,399,4,2,200101,20,2001,Sierra urbana,3,652.482351372802,1957.447054118406,28115.489912414527,780.9858309004035,430.20637296707446,257.7659010575731,0,0,No pobre,21088.963416813884
2024,228,4,4,200101,20,2001,Callao,6,1633.148291727318,9798.88975036391,78689.73406813729,1092.9129731685734,452.31240308330615,235.01911215844643,0,0,No pobre,34966.9256523121
2022,431,6,1,040101,04,0401,Callao,3,1000.195754481827,3000.587263445481,9481.207185848127,263.3668662735591,446.8060290698962,218.88962182419792,1,0,Pobre no extremo,174978.4475151376
2024,430,13,3,010101,01,0101,Callao,4,1020.6209511082496,4082.4838044329986,30670.43759594544,638.96744991553,402.2834949206887,243.44938477600616,0,0,No pobre,6036.546786061124
2025,436,5,1,150101,15,1501,Callao,3,1462.372392518172,4387.117177554516,13621.052693462934,378.3625748184148,386.3895348599343,266.9943842538464,1,0,Pobre no extremo,60093.30906336507
2021,275,7,3,010201,01,0102,Sierra urbana,2,787.7410668179168,1575.4821336358336,30274.0437085961,1261.4184878581707,474.92541298167896,242.0811554340944,0,0,No pobre,193630.60700109618
2024,461,1,3,010201,01,0102,Sierra rural,3,771.0937700988807,2313.281310296642,62509.41819530489,1736.372727647358,406.1069759733704,244.07336143276015,0,0,No pobre,19344.57962341256
2022,106,14,1,040101,04,0401,Lima Metropolitana,3,1538.1601364922128,4614.480409476639,6081.760943671654,168.93780399087927,443.85966846905916,265.4325476881765,1,1,Pobre extremo,21120.769205485998
2025,21,4,2,200101,20,2001,Costa urbana,6,1582.079317089853,9492.475902539118,73133.82249880963,1015.7475347056893,462.84380027437226,236.06925702154214,0,0,No pobre,137099.91765660554
2024,64,17,2,040101,04,0401,Costa rural,3,127.35766781235708,382.07300343707124,37186.96310500991,1032.9711973613864,410.0276750547186,269.74502232003545,0,0,No pobre,12194.907161532214
2021,165,14,2,150132,15,1501,Costa rural,3,373.20190409739274,1119.6057122921782,30513.29906627486,847.5916407298572,443.54334136569287,211.17634304731527,0,0,No pobre,85986.19532540184
2021,27,16,2,250101,25,2501,Lima Metropolitana,5,504.8865441821116,2524.432720910558,90345.78998968228,1505.7631664947046,390.7900241149225,237.59278901086242,0,0,No pobre,52865.45398294804
2023,311,14,1,250101,25,2501,Lima Metropolitana,5,768.040890639965,3840.2044531998254,13205.645409897626,220.09409016496045,476.99314443756606,214.9030588710067,1,0,Pobre no extremo,113022.03874771843
2023,285,16,4,210101,21,2101,Selva rural,5,653.7513585207108,3268.756792603554,8056.006928221729,134.26678213702883,385.8158275050626,231.7328457838485,1,1,Pobre extremo,31968.411851539055
2022,148,8,3,200101,20,2001,Callao,7,1370.1880919377254,9591.316643564078,10700.191689790294,127.3832344022654,423.81746738409765,211.94017366512378,1,1,Pobre extremo,168684.9129947607
2024,281,3,1,010101,01,0101,Sierra urbana,5,1673.4569442256204,8367.284721128102,43453.0256688959,724.2170944815983,433.68192420600235,215.57701400680642,0,0,No pobre,24711.9772376636
2024,326,19,2,150132,15,1501,Sierra rural,3,464.96526647644595,1394.8957994293378,17232.17202683551,478.67144518987527,459.0481778663364,214.75600347425845,0,0,No pobre,8320.30550192004
2023,319,1,2,150132,15,1501,Lima Metropolitana,5,1169.6621151437018,5848.310575718509,12256.580274025466,204.27633790042444,392.1128517072421,222.40219373168057,1,1,Pobre extremo,7778.264795006234
2024,164,2,1,200101,20,2001,Lima Metropolitana,4,798.8508770539684,3195.4035082158734,11163.251421909008,232.56773795643767,424.08079738551766,209.42235241631855,1,0,Pobre no extremo,12189.33861188648
2024,386,15,3,250101,25,2501,Selva urbana,3,1060.9779625875176,3182.933887762553,31485.478382659567,874.5966217405435,409.97115695434525,256.65395224825113,0,0,No pobre,71417.26773203009
2021,406,10,1,130101,13,1301,Costa urbana,3,1279.4398993884483,3838.319698165345,26244.57872333945,729.0160756483181,411.201071569334,215.44729181045494,0,0,No pobre,17135.69981215979
2023,224,18,1,250101,25,2501,Costa rural,3,1797.839655495821,5393.518966487463,7503.217475314667,208.42270764762964,457.8787916065251,229.15982966003625,1,1,Pobre extremo,35635.70873980223
2025,272,14,4,210101,21,2101,Costa urbana,2,465.3560688718334,930.7121377436667,7731.996748158801,322.1665311732834,380.5460945031833,201.1239996761017,1,0,Pobre no extremo,39768.81467294066
2023,146,17,1,210101,21,2101,Costa urbana,2,265.31251540651465,530.6250308130293,16744.250082056984,697.6770867523743,454.90836413359665,207.34170802972474,0,0,No pobre,16735.330375102356
2025,453,13,4,200101,20,2001,Selva rural,2,1291.7026461861697,2583.4052923723393,61468.71513029288,2561.1964637622036,461.0398430123106,262.7390330289276,0,0,No pobre,42459.98647079039
2021,438,1,3,150101,15,1501,Callao,6,848.8486126679903,5093.091676007942,18337.3653967406,254.6856305102861,470.1362243842069,258.6012142688312,1,1,Pobre extremo,93056.15184318533
2022,356,5,1,150101,15,1501,Costa urbana,6,409.51511725667825,2457.0907035400696,7123.581700717018,98.9386347321808,442.68818032304836,258.86457167186364,1,1,Pobre extremo,37637.328391964795
2024,30,13,1,010101,01,0101,Sierra rural,4,322.4656179742049,1289.8624718968197,24885.549625783602,518.4489505371583,413.34553282722413,228.79473920784,0,0,No pobre,90985.93305233627
2021,45,14,2,150101,15,1501,Selva rural,5,1161.9285950606566,5809.642975303283,27840.42988489774,464.0071647482957,422.72347325488704,209.90715591961649,0,0,No pobre,24905.1684182697
2024,275,3,1,050101,05,0501,Lima Metropolitana,2,670.8941296035716,1341.7882592071433,7068.827427027109,294.5344761261295,476.97360822874293,207.55261650460213,1,0,Pobre no extremo,47361.40914461018
2022,471,15,2,050101,05,0501,Sierra rural,6,1995.110121213358,11970.660727280148,8991.07100822625,124.87598622536458,468.1186826435852,242.39219073605008,1,1,Pobre extremo,40020.45096158177
2022,34,19,2,010201,01,0102,Selva rural,4,871.2115567283565,3484.846226913426,52551.270089265876,1094.8181268597057,426.3525909099442,257.9735278436041,0,0,No pobre,106274.89769924559
2021,141,17,2,050101,05,0501,Sierra rural,2,503.3445566538471,1006.6891133076942,8889.401345951026,370.3917227479594,474.30630071109226,263.008013749817,1,0,Pobre no extremo,55528.40676847896
2022,427,3,3,130101,13,1301,Selva rural,2,1294.8131857228277,2589.6263714456554,54582.819564246965,2274.2841485102904,462.2954875406459,220.21121553921586,0,0,No pobre,19110.45899935949
2025,318,16,4,130101,13,1301,Selva rural,3,564.0842904119631,1692.2528712358894,6687.134669831001,185.7537408286389,470.1089861659795,222.47185988834175,1,1,Pobre extremo,59151.65682916303
2022,374,14,2,130101,13,1301,Sierra urbana,1,1038.7634821392062,1038.7634821392062,6915.562339890933,576.2968616575778,448.2977234575921,207.06136598029974,0,0,No pobre,13956.744575489192
2024,221,12,1,050101,05,0501,Sierra rural,3,1016.894749069914,3050.6842472097424,27469.508727698456,763.0419091027348,465.7654043461995,254.20868524876084,0,0,No pobre,54387.84975381707
2024,356,12,1,010101,01,0101,Sierra urbana,2,961.7594964599007,1923.5189929198013,13640.86903369544,568.3695430706433,469.17661413343257,219.29831897847973,0,0,No pobre,35221.279690379655
2024,22,11,2,250101,25,2501,Lima Metropolitana,3,1612.5628229121924,4837.688468736577,16625.508649138017,461.81968469827825,389.2016584540671,233.66506286944008,0,0,No pobre,42190.40555190518
2024,180,17,2,200101,20,2001,Callao,3,511.5647027857494,1534.694108357248,30837.592015345883,856.5997782040523,476.52169766606585,265.02281131701824,0,0,No pobre,34890.04600369075
2025,436,8,1,040101,04,0401,Callao,7,1818.1838796338932,12727.287157437253,16191.957414729128,192.76139779439438,413.3613098764063,252.65510112274558,1,1,Pobre extremo,19753.84650479761
2023,367,17,2,010201,01,0102,Selva rural,3,1603.5469561057153,4810.640868317146,11460.619433775655,318.35053982710156,423.98995095833556,203.691652740235,1,0,Pobre no extremo,17451.948983426606
2021,420,11,4,210101,21,2101,Callao,3,732.9324920623151,2198.7974761869455,41833.52604671138,1162.0423901864272,459.1903759192815,200.57082161216007,0,0,No pobre,107002.41028065112
2024,329,2,4,150132,15,1501,Costa rural,4,443.1447619322632,1772.5790477290527,31654.640634631072,659.4716798881474,446.48963055724977,255.11855481162857,0,0,No pobre,238513.11293028021
2022,231,10,3,210101,21,2101,Selva rural,6,631.1165465628085,3786.699279376851,27971.17280603188,388.4885111948872,469.3059912436057,238.6750165885087,1,0,Pobre no extremo,47610.13352944775
2024,499,10,2,010201,01,0102,Costa rural,3,732.0088691272489,2196.0266073817465,26467.441730908628,735.2067147474619,420.0573750776772,250.42340865538907,0,0,No pobre,37488.08728512403
2022,403,11,3,210101,21,2101,Costa rural,6,1158.1730207333887,6949.038124400333,13072.401989832035,181.56113874766714,417.32881636761584,210.97707252786296,1,1,Pobre extremo,10636.77221438214
2022,38,6,3,250101,25,2501,Costa rural,3,188.09952074593525,564.2985622378058,10835.879168586735,300.9966435718537,383.16888495413195,261.0433494979434,1,0,Pobre no extremo,6252.234102653059
2024,70,4,3,210101,21,2101,Costa rural,2,1837.282346718901,3674.564693437802,19726.972147407487,821.9571728086453,426.27253766696583,254.13274853101234,0,0,No pobre,7274.554306661607
2025,116,12,2,210101,21,2101,Callao,3,287.48222765611087,862.4466829683327,13268.91828149467,368.58106337485196,452.4070770329109,262.358723983823,1,0,Pobre no extremo,61737.39293281033
2022,239,11,3,250101,25,2501,Sierra rural,4,630.6194487900661,2522.4777951602646,26602.79473428509,554.2248902976061,410.11787176262163,223.87672578602294,0,0,No pobre,6152.254379261496
2022,335,13,4,250101,25,2501,Selva urbana,3,307.64613211063653,922.9383963319096,18911.453420570302,525.3181505713973,426.2726513673841,219.29936366982724,0,0,No pobre,70148.63398967849
2024,441,5,3,050101,05,0501,Sierra rural,4,587.6783703987543,2350.713481595017,27342.784239978835,569.6413383328924,401.9397768485278,210.62120079467488,0,0,No pobre,12120.866609867615
2022,148,6,4,250101,25,2501,Lima Metropolitana,3,1691.580255356736,5074.740766070208,24745.40112189228,687.3722533858967,457.27878058714606,265.1061955562898,0,0,No pobre,42600.11753508445
2022,9,1,4,040101,04,0401,Selva urbana,5,1268.8340416281603,6344.170208140802,131760.70328457066,2196.0117214095108,386.0511561341147,212.37804424904886,0,0,No pobre,24157.310531531304
2024,288,6,2,150101,15,1501,Sierra rural,3,531.9141276700133,1595.7423830100397,7726.592405441901,214.6275668178306,450.53830550004983,208.35220635980536,1,0,Pobre no extremo,12573.665345632642
2024,388,18,3,040101,04,0401,Lima Metropolitana,4,1756.3412066187416,7025.364826474966,22728.78482372883,473.51635049435066,417.8940011744983,213.48747462907477,0,0,No pobre,9095.563500411365
2021,50,9,2,210101,21,2101,Callao,4,1621.352912515121,6485.411650060484,9927.50722816795,206.82306725349895,384.1596069387121,253.99672087320792,1,1,Pobre extremo,6482.368966630136
2025,338,15,4,040101,04,0401,Costa rural,4,1531.9336364110031,6127.7345456440125,17417.595099218037,362.8665645670424,465.3469587291786,262.2670464488017,1,0,Pobre no extremo,12307.355879580877
2025,5,8,1,010201,01,0102,Costa urbana,3,1710.5021269328545,5131.506380798563,12896.285372758579,358.23014924329385,428.7721863181165,256.7639419547497,1,0,Pobre no extremo,335685.74689081695
2022,404,19,3,200101,20,2001,Selva rural,5,1277.3343948847987,6386.671974423994,47814.15252566278,796.9025420943797,439.9318969616129,239.42669870098993,0,0,No pobre,133793.99949099496
2025,343,16,2,150101,15,1501,Selva urbana,5,1052.7309844013414,5263.654922006707,7140.079596956799,119.00132661594665,453.20306915244566,269.5718975544406,1,1,Pobre extremo,43558.66115737124
2022,126,6,1,200101,20,2001,Costa urbana,3,810.4765497256399,2431.4296491769196,54324.293722745344,1509.0081589651484,445.5074433001189,204.81978451454142,0,0,No pobre,25174.822715035105
2021,75,6,3,150132,15,1501,Costa rural,7,525.1516387746269,3676.0614714223884,43335.186157449316,515.8950733029681,453.0856870814612,260.7034174475138,0,0,No pobre,20198.698194643788
2024,165,3,3,040101,04,0401,Selva urbana,4,1159.0821495291002,4636.328598116401,171077.87934648406,3564.1224863850844,456.2281684577858,229.93997031996383,0,0,No pobre,40527.2034982848
2024,278,10,2,200101,20,2001,Costa urbana,4,1790.0354568567677,7160.141827427071,136313.3010354315,2839.8604382381563,438.91515305646107,231.85856440938264,0,0,No pobre,20520.568195902386
2024,442,1,1,250101,25,2501,Sierra rural,2,1228.5653990854175,2457.130798170835,13119.704903929169,546.6543709970487,416.56378309077564,208.93164255558963,0,0,No pobre,20382.78670881333
2025,324,14,2,010101,01,0101,Lima Metropolitana,4,1847.25303726921,7389.01214907684,81893.37505726713,1706.111980359732,404.31421497163427,202.34030820476798,0,0,No pobre,59082.62062360326
2021,477,4,3,010101,01,0101,Costa rural,2,778.1430022270108,1556.2860044540216,20091.970164708826,837.1654235295345,470.2903236652787,222.16398282486034,0,0,No pobre,13234.727987880495
2025,300,12,3,250101,25,2501,Sierra rural,3,1420.7621478022456,4262.286443406737,35383.85761039588,982.8849336221077,476.99248446382205,212.23974731797506,0,0,No pobre,3039.718799901003
2025,290,6,4,200101,20,2001,Sierra rural,3,1332.4643976790182,3997.3931930370545,126510.69792490613,3514.1860534696148,415.7662755098209,233.8337129249918,0,0,No pobre,20232.71383146093
2021,77,11,3,210101,21,2101,Costa rural,5,1373.8243037192096,6869.121518596048,13597.01871752875,226.61697862547916,391.23107290723004,210.31313682376404,1,0,Pobre no extremo,155122.8298511906
2021,298,12,3,250101,25,2501,Selva urbana,2,1325.579823257506,2651.159646515012,28292.334923852282,1178.847288493845,402.2537327116431,209.6549415551593,0,0,No pobre,7127.43713590327
2021,137,10,1,150101,15,1501,Selva rural,5,521.1438823805219,2605.7194119026094,4662.606938266616,77.71011563777694,447.06673459871894,261.38852888726944,1,1,Pobre extremo,10526.152940425072
2021,106,18,1,130101,13,1301,Sierra urbana,3,372.822706737983,1118.468120213949,59822.62963341012,1661.73971203917,397.2933369958331,264.4906290928486,0,0,No pobre,19214.960892790892
2024,95,7,4,010201,01,0102,Sierra urbana,3,1959.3936868409114,5878.181060522735,178507.31899719796,4958.536638811054,458.0122273060988,267.49513460115367,0,0,No pobre,7347.49040121804
2023,135,7,4,210101,21,2101,Selva rural,5,186.06074480075227,930.3037240037613,45068.13498502682,751.1355830837804,472.30302398747136,247.63517100117383,0,0,No pobre,163335.62345783663
2023,68,11,4,150101,15,1501,Callao,4,988.6993253537136,3954.7973014148542,92162.06443615438,1920.0430090865495,476.3651515078847,253.97115533571085,0,0,No pobre,40047.27311918942
2021,147,4,2,200101,20,2001,Costa rural,3,907.6526025695376,2722.957807708613,75188.64860851657,2088.5735724587935,380.93255059748907,258.50493286698406,0,0,No pobre,6133.30286097153
2023,490,1,2,210101,21,2101,Sierra urbana,3,784.0360206086449,2352.108061825935,14243.53644444403,395.6537901234453,475.81541649544164,246.1245441384465,1,0,Pobre no extremo,31952.040785666726
2023,478,13,4,210101,21,2101,Selva rural,3,1585.769321795748,4757.307965387245,36018.25801037288,1000.5071669548023,454.0194419129618,223.11701732917703,0,0,No pobre,34919.3607830762
2021,159,18,2,200101,20,2001,Costa urbana,4,1516.1655477937802,6064.662191175121,41961.73931748398,874.2029024475829,388.40502322638025,210.9470898903467,0,0,No pobre,28529.52235910515
2023,384,9,3,250101,25,2501,Selva rural,3,1819.9273547068867,5459.78206412066,9416.605602586154,261.5723778496154,421.52404687787265,216.6091315010705,1,0,Pobre no extremo,30775.352948464053
2025,163,9,4,200101,20,2001,Callao,5,851.4262997551522,4257.1314987757605,98735.0927104981,1645.5848785083015,450.0045474579509,258.8289835983474,0,0,No pobre,31912.11987298927
2022,441,9,4,040101,04,0401,Selva urbana,4,1171.9411030659735,4687.764412263894,17081.900029491426,355.87291728107135,475.66854926610495,248.72680668007888,1,0,Pobre no extremo,49505.06192086388
2022,341,10,2,040101,04,0401,Lima Metropolitana,2,1795.3833899500291,3590.7667799000583,22133.76461259898,922.2401921916243,396.41413936113923,231.90570344683061,0,0,No pobre,52754.410019754636
2021,189,2,1,010201,01,0102,Selva rural,3,1988.3113194252303,5964.933958275691,21220.440023798954,589.4566673277487,392.7733281926954,202.0583554026317,0,0,No pobre,8127.371920496261
2024,415,6,4,010101,01,0101,Sierra rural,3,1941.6592884941745,5824.977865482523,27826.249683694085,772.9513801026135,427.23470532618785,218.63430593037182,0,0,No pobre,38567.96865106334
2021,339,15,2,050101,05,0501,Sierra rural,3,1463.903355410595,4391.710066231784,375761.50189068925,10437.81949696359,476.80988937384893,251.02282451880347,0,0,No pobre,43539.46285981623
2024,95,3,2,010201,01,0102,Lima Metropolitana,4,372.13235983934123,1488.529439357365,15585.83938709495,324.7049872311448,477.13792152580106,235.8671064566516,1,0,Pobre no extremo,19726.740251707066
2022,181,11,1,010201,01,0102,Costa rural,4,144.05342240675054,576.2136896270022,6692.393936749323,139.42487368227756,402.79147410529094,230.4872746137715,1,1,Pobre extremo,199982.3859458797
2021,288,6,4,130101,13,1301,Sierra rural,5,1667.9148771655896,8339.574385827947,31171.058111494673,519.5176351915778,411.9347147971457,221.95755805459353,0,0,No pobre,33417.82205281235
2025,322,3,1,050101,05,0501,Costa urbana,2,1697.7898465344683,3395.5796930689366,12373.281846992119,515.5534102913383,470.80319856446545,242.48522814039168,0,0,No pobre,60112.11782451227
2023,187,11,3,010101,01,0101,Selva rural,6,1518.085725700592,9108.514354203553,18624.665527923786,258.6759101100526,453.4841490852064,267.64697697601827,1,1,Pobre extremo,23178.640403768015
2024,372,15,1,210101,21,2101,Lima Metropolitana,3,631.8546233985182,1895.5638701955547,46997.54451615494,1305.4873476709706,477.23164286576184,263.0786550308254,0,0,No pobre,26791.783096371975
2023,138,13,1,050101,05,0501,Costa urbana,3,1315.6539332372006,3946.961799711602,10109.21796731262,280.81161020312834,469.31483630155543,202.13485566589975,1,0,Pobre no extremo,51151.855857915885
2023,130,10,2,130101,13,1301,Costa rural,4,700.872039449021,2803.488157796084,19385.995675910774,403.8749099148078,401.50960503137435,233.6667675808412,0,0,No pobre,9094.769828510669
2021,194,6,1,150132,15,1501,Sierra rural,5,956.231667591757,4781.158337958785,35020.034604753695,583.6672434125616,455.9726859412683,223.06285086328634,0,0,No pobre,76496.5361928442
2023,316,15,3,010201,01,0102,Lima Metropolitana,3,826.6266614629699,2479.8799843889096,13352.879471545843,370.9133186540512,384.85652315601163,235.74232636378608,1,0,Pobre no extremo,10602.368069664499
2025,472,18,2,200101,20,2001,Sierra urbana,5,1835.9161649011057,9179.580824505529,25961.946403781683,432.69910672969473,461.7832778741474,242.43495829102002,1,0,Pobre no extremo,87664.671216439
2023,273,18,3,010201,01,0102,Selva rural,6,544.8989284133636,3269.3935704801816,35002.56742186365,486.14676974810624,440.15567624446084,214.00196475982827,0,0,No pobre,27767.543078415147
2021,352,7,1,250101,25,2501,Sierra urbana,5,1197.4607186901253,5987.303593450626,24229.16267196763,403.8193778661272,475.6100962636462,254.70976486837793,1,0,Pobre no extremo,285134.8567518049
2025,144,15,3,130101,13,1301,Selva urbana,1,785.8649051643324,785.8649051643324,30984.23640677575,2582.019700564646,476.00324554690786,233.25476350601764,0,0,No pobre,97041.49239135135
2022,16,18,3,010201,01,0102,Costa rural,5,1359.835112637029,6799.175563185145,37091.76598386647,618.1960997311078,385.0815109024355,269.44042384287724,0,0,No pobre,97529.77655114839
2023,302,18,1,010201,01,0102,Selva urbana,5,1172.6699682372025,5863.349841186013,14677.692331433478,244.6282055238913,396.05214855557676,201.7589170020493,1,0,Pobre no extremo,41978.74942301617
2021,423,9,1,050101,05,0501,Sierra urbana,4,1855.557594595287,7422.230378381148,7176.992899019766,149.5206853962451,428.42070473186914,213.2803423330521,1,1,Pobre extremo,99665.41349219506
2022,245,2,2,050101,05,0501,Sierra urbana,5,293.06308823230506,1465.3154411615253,10593.469269853776,176.5578211642296,467.9493524946149,248.27408603922788,1,1,Pobre extremo,77658.12208421633
2022,415,8,2,200101,20,2001,Sierra urbana,7,519.2175955378505,3634.523168764953,9151.261659860102,108.94359118881073,461.44451422960566,248.6625822567891,1,1,Pobre extremo,5235.473267484587
2024,107,2,4,150101,15,1501,Selva urbana,3,1556.061131279006,4668.183393837018,81569.3222283387,2265.814506342742,476.43700263517786,240.75317570918614,0,0,No pobre,15201.182711970761
2025,88,11,2,250101,25,2501,Lima Metropolitana,2,800.6949958002025,1601.389991600405,5639.7142681366595,234.98809450569414,441.80841171113406,268.037202008344,1,1,Pobre extremo,14324.151622858642
2023,129,7,1,200101,20,2001,Costa rural,4,414.9891938345754,1659.9567753383017,47348.406158516365,986.4251283024242,405.65635195616204,229.07205061039534,0,0,No pobre,16684.566493000635
2021,395,6,3,150132,15,1501,Callao,1,1056.3103925662367,1056.3103925662367,14528.90192884891,1210.7418274040758,382.5106639505177,229.19257684472635,0,0,No pobre,28089.00901411646
2024,375,10,3,250101,25,2501,Selva rural,3,1339.0699170616338,4017.2097511849015,68312.08469195182,1897.5579081097728,402.29264907205487,263.7333454256921,0,0,No pobre,60872.601533935485
2025,341,5,2,050101,05,0501,Callao,4,185.17075689164733,740.6830275665893,18400.621931332123,383.3462902360859,447.5273197953625,237.69092473977676,1,0,Pobre no extremo,117574.62419615446
2024,4,11,2,010201,01,0102,Lima Metropolitana,3,654.0815897981449,1962.2447693944348,27663.744551500593,768.4373486527943,472.6274823343013,224.76093631099204,0,0,No pobre,66566.5411947082
2025,327,1,1,210101,21,2101,Selva rural,4,1637.9028216224815,6551.611286489926,42857.600860098624,892.866684585388,412.0903667308265,250.32565900837014,0,0,No pobre,125602.29660804337
2025,410,2,3,010201,01,0102,Costa urbana,5,1088.464676559369,5442.323382796845,83185.73071008913,1386.4288451681523,467.57043302892953,243.37694327312693,0,0,No pobre,12628.076607374114
2023,367,1,4,010101,01,0101,Callao,3,167.220508829308,501.661526487924,16105.363727441701,447.37121465115837,419.48982483411567,221.4487035200614,0,0,No pobre,21944.70599478349
2025,306,19,4,200101,20,2001,Costa urbana,6,635.7069100219317,3814.24146013159,15447.4643941113,214.54811658487918,410.82712493685506,220.8550158656851,1,1,Pobre extremo,27991.02383904058
2024,396,2,2,250101,25,2501,Callao,2,1314.3672463609007,2628.7344927218014,42626.48864616696,1776.10369359029,430.8844242805818,227.69289582690783,0,0,No pobre,18631.624417716903
2025,95,4,4,210101,21,2101,Sierra urbana,5,478.78299219824703,2393.914960991235,6449.109301553057,107.48515502588428,424.22734924096153,205.01340459621355,1,1,Pobre extremo,11818.370441387679
2023,209,12,1,010101,01,0101,Costa rural,5,1672.0436718168871,8360.218359084436,5734.271997627976,95.57119996046626,471.3799868517018,265.98318317413475,1,1,Pobre extremo,53645.905587799745
2023,225,18,4,150132,15,1501,Callao,3,1385.494223458962,4156.482670376887,37431.675782073224,1039.768771724256,426.82569474081265,212.81140281376656,0,0,No pobre,17975.98760884508
2024,459,1,2,010201,01,0102,Costa rural,3,995.6202158008069,2986.860647402421,49133.469342985554,1364.81859286071,407.73353872230757,213.56770116294044,0,0,No pobre,81374.05725237797
2022,348,1,1,150101,15,1501,Sierra rural,3,1839.6851840268912,5519.055552080674,36331.425571999534,1009.2062658888759,464.2565577501904,245.29268835119544,0,0,No pobre,10695.4556102139
2022,480,14,3,130101,13,1301,Sierra rural,5,844.4214647568572,4222.107323784286,24639.25437089058,410.65423951484297,479.87495116595665,250.6972933109868,1,0,Pobre no extremo,86132.46697571187
2025,321,4,1,010101,01,0101,Lima Metropolitana,5,546.639480071762,2733.1974003588102,16570.796271547875,276.17993785913126,444.8171419181324,251.57848217199106,1,0,Pobre no extremo,45020.453160406425
2021,47,5,2,010201,01,0102,Callao,3,1356.6656858007316,4069.9970574021945,112285.83557954009,3119.0509883205577,405.0461368936359,226.25525164529617,0,0,No pobre,45031.98222827293
2025,476,11,2,010201,01,0102,Selva urbana,4,1189.2608561932823,4757.043424773129,126237.33584303627,2629.9444967299223,403.8815077013179,261.1330267036948,0,0,No pobre,46345.34724696396
2024,181,13,4,250101,25,2501,Callao,2,736.9710117693278,1473.9420235386556,29639.211260074044,1234.9671358364185,385.770669621526,238.0799343223631,0,0,No pobre,33481.6243524929
2024,106,16,4,250101,25,2501,Callao,4,752.9626665155566,3011.8506660622265,14539.755329778945,302.9115693703947,387.7293038514085,230.7011286513789,1,0,Pobre no extremo,34071.86137519333
2024,199,13,3,150101,15,1501,Sierra rural,7,856.5995864047934,5996.197104833554,10848.716540473271,129.15138738658658,471.49830951827624,256.72705226059674,1,1,Pobre extremo,27718.17415623021
2024,386,2,3,010101,01,0101,Lima Metropolitana,2,653.1632782108016,1306.3265564216033,39658.7497762051,1652.447907341879,389.6487107049551,217.04928744566865,0,0,No pobre,48972.44332908834
2024,106,16,2,050101,05,0501,Selva rural,6,1449.4586720857526,8696.752032514516,8904.938648236612,123.67970344773072,428.4343848276779,260.21298104048634,1,1,Pobre extremo,63050.841359729086
2023,280,6,2,250101,25,2501,Selva rural,5,1337.58096959729,6687.9048479864505,9092.427889041646,151.54046481736077,449.8121779693178,237.71805761954494,1,1,Pobre extremo,23097.653248436072
2022,260,14,2,130101,13,1301,Lima Metropolitana,7,937.4775398381461,6562.342778867022,17399.118127759648,207.13235866380532,465.0354782773603,263.00407103711956,1,1,Pobre extremo,145544.49465702559
2024,108,1,3,010201,01,0102,Selva urbana,2,855.9238839805506,1711.8477679611012,42466.33950839869,1769.4308128499454,397.12709502537274,214.11287717390314,0,0,No pobre,25180.751442731573
2021,19,17,2,010201,01,0102,Costa urbana,3,793.5974117834397,2380.792235350319,100897.26283677021,2802.7017454658394,423.77786791253567,265.5244153201698,0,0,No pobre,17992.38234201615
2021,410,11,3,150132,15,1501,Sierra urbana,1,638.5898106452817,638.5898106452817,33715.76240297389,2809.6468669144906,405.14801950137775,248.1513719380673,0,0,No pobre,31213.774328331
2021,459,19,2,150132,15,1501,Costa rural,5,262.8236599984128,1314.1182999920638,42064.56508327822,701.0760847213037,405.5823089966602,243.282996876167,0,0,No pobre,16885.564032530074
2021,296,3,1,150101,15,1501,Costa urbana,4,609.588902492751,2438.355609971004,65145.9373627818,1357.2070283912874,410.3839307486676,229.54472636381053,0,0,No pobre,57889.192125025154
2023,306,11,1,010101,01,0101,Lima Metropolitana,2,710.2825625168236,1420.5651250336473,59902.42122304866,2495.9342176270275,438.7116214418467,266.9420499976007,0,0,No pobre,31529.715296207716
2021,171,5,2,040101,04,0401,Selva rural,5,1140.5996119041522,5702.998059520761,16370.772516125488,272.84620860209145,381.65774716855884,231.0743739818059,1,0,Pobre no extremo,75632.51166999423
2024,331,17,1,210101,21,2101,Costa urbana,3,1570.1981672482946,4710.594501744884,58927.51308269343,1636.8753634081509,420.8766286315528,234.8980066713303,0,0,No pobre,34172.86611938706
2025,493,7,3,250101,25,2501,Selva urbana,2,851.8340751846602,1703.6681503693203,68092.13512203906,2837.1722967516275,398.68301352327927,254.70486760097188,0,0,No pobre,33069.936366845846
2021,195,10,4,010101,01,0101,Sierra urbana,3,1895.0381211189745,5685.114363356924,35583.90938156475,988.4419272656875,476.7118508512635,219.93897007288942,0,0,No pobre,24147.443704582136
2023,12,11,1,010201,01,0102,Selva rural,2,1671.9649305382086,3343.929861076417,30419.190270151743,1267.4662612563227,438.27291592503104,220.40467189696543,0,0,No pobre,83019.101645455
2023,195,3,4,200101,20,2001,Selva urbana,3,1971.1235109791157,5913.370532937347,46142.97800014343,1281.749388892873,466.8095468830323,254.2708381334854,0,0,No pobre,28473.244631716676
2021,490,10,1,150132,15,1501,Lima Metropolitana,3,1764.7857779788153,5294.357333936446,42003.371639681194,1166.7603233244777,399.5689986769612,209.00058524330757,0,0,No pobre,47312.13873715145
2025,283,10,3,210101,21,2101,Costa urbana,6,1271.7793036878204,7630.675822126923,5030.609593101887,69.86957768197065,461.0015699323788,257.6075164205116,1,1,Pobre extremo,103372.6206145291
2021,369,14,1,250101,25,2501,Costa rural,5,1237.110646851766,6185.55323425883,39575.285290161344,659.5880881693557,421.47824613052336,243.7622505816894,0,0,No pobre,33259.830015331085
2023,182,12,1,050101,05,0501,Sierra rural,3,346.09964083301236,1038.298922499037,77745.30816847036,2159.5918935686213,397.76946888494024,237.73586364822899,0,0,No pobre,32865.34004453856
2022,450,15,2,050101,05,0501,Selva urbana,5,1472.5585728939786,7362.792864469893,65500.12431872459,1091.6687386454098,456.12452023882327,216.03765675259172,0,0,No pobre,28844.344319604974
2024,305,10,4,150132,15,1501,Selva rural,4,1240.3930294260756,4961.572117704302,37776.21137383701,787.0044036216044,456.2011097615281,255.0457718541086,0,0,No pobre,43916.64710876015
2023,144,10,4,010101,01,0101,Costa urbana,3,1063.170996452371,3189.512989357113,30737.753195125635,853.8264776423788,479.5887906864061,256.34671626561243,0,0,No pobre,81385.18205375875
2021,386,19,3,250101,25,2501,Sierra rural,5,1417.2450578588484,7086.225289294242,18822.56807593931,313.70946793232184,458.09372617981643,233.80593075135624,1,0,Pobre no extremo,79007.23229858717
2024,316,1,3,210101,21,2101,Sierra rural,4,943.690901392188,3774.763605568752,24268.67688561781,505.5974351170377,394.5267247927128,227.24182824000462,0,0,No pobre,59353.48053694033
2021,182,10,4,010201,01,0102,Costa urbana,4,1095.3333585757437,4381.333434302975,51772.62939919747,1078.5964458166138,412.2544741785728,217.23132862667578,0,0,No pobre,121771.75222342942
2021,30,2,2,010101,01,0101,Sierra urbana,4,856.869379126187,3427.477516504748,38029.02607758662,792.2713766163879,425.1726917291146,252.79638119624224,0,0,No pobre,39445.06490553627
2022,84,17,2,150132,15,1501,Costa urbana,4,1463.0046974043107,5852.018789617243,60679.84282681887,1264.1633922253932,392.6652805709795,244.76163461886944,0,0,No pobre,147951.05767034861
2024,166,7,4,150101,15,1501,Selva rural,3,1765.5608440409876,5296.682532122963,16858.908277945604,468.3030077207112,458.8038974447814,214.46417205568005,0,0,No pobre,103766.33286618277
2024,284,7,1,040101,04,0401,Lima Metropolitana,6,1697.6053843519448,10185.63230611167,71342.27295521455,990.8649021557576,432.6698537912587,255.61276557794307,0,0,No pobre,18888.387189591336
2022,281,9,4,010101,01,0101,Costa rural,2,1593.4480168939908,3186.8960337879817,15419.660901483423,642.4858708951426,474.44495690957535,261.7543719350922,0,0,No pobre,79810.81138422512
2023,96,2,1,130101,13,1301,Selva rural,6,126.19663863464675,757.1798318078804,32289.703507812323,448.46810427517113,438.930814452582,204.1473083923772,0,0,No pobre,5672.960202883923
2021,381,14,4,250101,25,2501,Lima Metropolitana,3,1832.5728813671728,5497.718644101518,16224.730849645284,450.6869680457023,432.28990837382537,254.0694446616829,0,0,No pobre,120837.36395809911
2025,266,17,1,050101,05,0501,Sierra rural,2,622.2638693744485,1244.527738748897,24622.121670640907,1025.9217362767045,387.1425152932864,259.69613533993567,0,0,No pobre,33816.529609720936
2021,444,1,2,130101,13,1301,Costa rural,4,1787.1504916304143,7148.601966521657,167781.87381310618,3495.455704439712,394.9345904944578,269.40555296321827,0,0,No pobre,16697.05698134112
2021,298,9,4,010101,01,0101,Selva urbana,3,474.2393958698154,1422.7181876094462,42549.370412712866,1181.9269559086906,464.95260767641514,216.6321049256157,0,0,No pobre,6326.430232466631
2023,296,19,3,010101,01,0101,Sierra rural,5,935.3269277070008,4676.634638535004,32947.44871045309,549.1241451742183,479.06759778258083,225.9702243649977,0,0,No pobre,31723.653517872608
2021,225,4,1,130101,13,1301,Callao,3,1523.857709221136,4571.573127663408,95871.67000126887,2663.1019444796907,421.51791358982695,267.63337645406153,0,0,No pobre,122440.56868994169
2022,333,8,2,150101,15,1501,Sierra urbana,4,1316.529996026628,5266.119984106512,2675.1559999422034,55.73241666546257,461.0086083724929,206.5810885205509,1,1,Pobre extremo,46292.52499522402
2022,361,13,3,130101,13,1301,Costa urbana,3,890.2516822559168,2670.75504676775,23320.12004242174,647.7811122894927,442.75857663306516,236.65954907403278,0,0,No pobre,24437.98440361425
2024,374,4,2,010201,01,0102,Selva urbana,3,1389.385327806529,4168.155983419587,17158.75531572488,476.6320921034689,475.9059273671714,235.47212058865213,0,0,No pobre,30032.15199805096
2025,42,9,1,210101,21,2101,Callao,3,1143.004069088615,3429.012207265845,12434.245076285413,345.3956965634837,403.8137235444093,242.45834172168145,1,0,Pobre no extremo,137302.48699284298
2021,303,9,4,130101,13,1301,Selva rural,4,623.8989826075114,2495.5959304300454,6796.859398563651,141.60123747007606,434.4835743007943,223.1554830392403,1,1,Pobre extremo,73045.67257009819
2021,421,18,2,130101,13,1301,Costa rural,4,1328.0259464445655,5312.103785778262,22088.705678684488,460.1813683059268,420.87958183425957,264.8142662070254,0,0,No pobre,34834.97482511075
2023,246,12,4,250101,25,2501,Selva urbana,4,488.0694640545944,1952.2778562183776,50219.34438135544,1046.2363412782383,434.17159759430155,218.9042882671351,0,0,No pobre,92457.7019800905
2022,208,10,4,210101,21,2101,Callao,7,1418.5777400924144,9930.0441806469,23571.856212569277,280.61733586391995,406.88580834188554,245.47868623090815,1,0,Pobre no extremo,80293.03928133147
2025,237,11,2,040101,04,0401,Callao,4,105.91066748416132,423.6426699366453,55216.49797192173,1150.3437077483693,429.7746162715744,234.71489159284553,0,0,No pobre,14927.557992085767
2024,22,7,2,130101,13,1301,Callao,6,1142.6677761473625,6856.006656884175,28691.202114274965,398.48891825381895,442.4804146724765,218.66714167360558,1,0,Pobre no extremo,25689.18693586441
2022,185,9,2,130101,13,1301,Sierra urbana,2,862.0284923566679,1724.0569847133359,76845.56937034587,3201.898723764411,388.1215883999492,213.2197657005699,0,0,No pobre,150149.9734756632
2024,468,6,4,010201,01,0102,Costa urbana,2,675.8971702236998,1351.7943404473997,17111.103972963716,712.9626655401548,454.2987254807623,266.95934869803614,0,0,No pobre,71409.18993199896
2023,242,19,3,050101,05,0501,Selva urbana,3,1079.8451377458114,3239.535413237434,4987.02938864899,138.5285941291386,450.6522963160417,239.290402311705,1,1,Pobre extremo,213732.79733156023
2023,363,16,1,010201,01,0102,Selva rural,2,1326.0921018181873,2652.1842036363746,6487.831969870904,270.3263320779543,468.0457601451485,242.29336385571094,1,0,Pobre no extremo,66112.74298566824
2021,283,15,3,130101,13,1301,Costa rural,4,1934.0933058055832,7736.373223222333,17188.89205266266,358.10191776380543,422.58565518099255,254.8026821329385,1,0,Pobre no extremo,17855.133836524765
2025,41,7,4,250101,25,2501,Selva urbana,4,1682.8225307873856,6731.2901231495425,12183.841382860272,253.83002880958898,386.1669132614718,205.68586610198483,1,0,Pobre no extremo,35564.34728031092
2024,336,16,2,010201,01,0102,Costa urbana,4,1462.5847778592404,5850.3391114369615,15812.390446045116,329.4248009592732,426.1461129021687,249.9634987457745,1,0,Pobre no extremo,79806.84939751777
2022,162,5,2,250101,25,2501,Selva rural,5,1010.0371321903782,5050.185660951891,74968.60441204316,1249.4767402007194,393.76091720619615,211.55980963006243,0,0,No pobre,35996.201258212604
2023,160,16,1,210101,21,2101,Selva urbana,7,845.073827362273,5915.516791535912,6967.505487678768,82.94649390093771,444.7446813521818,251.8336759553519,1,1,Pobre extremo,38584.327519725004
2021,474,1,1,250101,25,2501,Costa rural,6,161.8063437133947,970.8380622803683,104539.69909542687,1451.9402652142621,384.71315241313056,209.89300701391642,0,0,No pobre,277904.776613527
2021,89,19,3,150101,15,1501,Costa urbana,2,782.2841158121915,1564.568231624383,13027.248620582606,542.8020258576086,417.39964062276954,258.27455899115176,0,0,No pobre,28648.818802760994
2024,322,5,3,200101,20,2001,Sierra urbana,3,1711.9165634779715,5135.749690433915,8781.398761618093,243.92774337828035,388.28428984874955,247.67113825089086,1,1,Pobre extremo,50107.80021470474
2023,12,7,1,210101,21,2101,Sierra urbana,3,829.646705754951,2488.940117264853,23753.061200716365,659.8072555754546,380.33664340716035,227.01232021966942,0,0,No pobre,47119.01471314752
2025,424,19,4,200101,20,2001,Sierra rural,2,977.0114982180783,1954.0229964361565,103685.32646631918,4320.221936096633,476.0557223901592,225.11841107318085,0,0,No pobre,90502.58250847833
2023,73,5,3,130101,13,1301,Selva urbana,4,616.485405647319,2465.941622589276,14170.763496622154,295.22423951296156,479.61273480262804,210.42629444891438,1,0,Pobre no extremo,47131.468561180634
2024,76,17,2,130101,13,1301,Costa rural,4,620.8522417453968,2483.408966981587,15664.09480736513,326.33530848677356,435.5502951531813,263.28373490362816,1,0,Pobre no extremo,41335.18706647812
2024,346,8,2,150101,15,1501,Selva urbana,3,217.55634569432195,652.6690370829658,16634.98569227941,462.08293589665027,403.8955849945484,208.29704909941688,0,0,No pobre,272527.431009268
2023,201,1,4,010101,01,0101,Costa urbana,5,1266.2274586776216,6331.137293388108,75737.45004604266,1262.290834100711,471.1099036808657,233.0454171970388,0,0,No pobre,32782.20551918202
2024,10,2,1,200101,20,2001,Sierra rural,5,951.3318657861581,4756.65932893079,18005.714233058985,300.09523721764975,472.3036597076107,216.55629183528623,1,0,Pobre no extremo,75599.31677520259
2023,352,15,3,010201,01,0102,Costa rural,1,1251.3255342325099,1251.3255342325099,40199.13823031366,3349.928185859472,465.4508891170706,269.74292556133184,0,0,No pobre,10026.027205386232
2022,226,18,2,150101,15,1501,Selva urbana,3,1139.0851100548202,3417.2553301644607,29987.30589164433,832.9807192123425,434.4369984567382,241.00908360630888,0,0,No pobre,36396.19342099516
2023,176,11,1,210101,21,2101,Costa rural,6,1617.804715864632,9706.828295187792,24367.428014374447,338.4365001996451,387.47021608960273,210.4709152373709,1,0,Pobre no extremo,32982.02155042342
2023,276,10,3,040101,04,0401,Costa urbana,4,1526.9226333917982,6107.690533567193,17174.85998796778,357.8095830826621,388.84389275367977,246.72947983352648,1,0,Pobre no extremo,33789.78958473783
2024,39,4,4,010201,01,0102,Sierra rural,3,1565.7623209619708,4697.2869628859125,158274.08743755872,4396.502428821075,469.6619787712655,269.4126312055786,0,0,No pobre,6498.586770625079
2024,60,5,2,250101,25,2501,Costa rural,3,1048.5541131891835,3145.6623395675506,331987.92850267654,9221.886902852126,467.58268474572293,242.35302964307618,0,0,No pobre,25476.32654196532
2021,66,4,4,130101,13,1301,Costa urbana,3,772.374567572468,2317.123702717404,12147.570554653905,337.4325154070529,423.4397249181218,232.01653661893363,1,0,Pobre no extremo,15237.249472777528
2021,321,13,4,210101,21,2101,Sierra urbana,2,1873.5295220126104,3747.059044025221,10257.09364403949,427.37890183497876,412.8154619476425,220.52890851330582,0,0,No pobre,107629.81016007601
2022,435,13,4,150101,15,1501,Costa rural,5,203.11257006145252,1015.5628503072626,27908.896814195097,465.148280236585,444.4123920144102,206.44863903801377,0,0,No pobre,15289.94671235262
2021,124,18,3,200101,20,2001,Sierra rural,2,389.9804849154376,779.9609698308752,3478.2757463622206,144.92815609842586,460.6987948255525,215.97724092929212,1,1,Pobre extremo,68059.24458535294
2023,164,2,4,200101,20,2001,Lima Metropolitana,3,897.2382751356155,2691.7148254068466,28098.43822348494,780.5121728745817,453.1684942051821,238.75345456954116,0,0,No pobre,71353.3977829986
2024,408,16,3,150132,15,1501,Selva rural,1,1266.5195398792212,1266.5195398792212,163810.83489069864,13650.90290755822,441.5602938050706,252.76499890547075,0,0,No pobre,20016.700917275346
2021,411,1,3,130101,13,1301,Selva rural,5,115.58071213277113,577.9035606638556,15693.28602136176,261.554767022696,403.15110444448317,261.4551623160755,1,0,Pobre no extremo,15515.585008254864
2021,386,19,4,010201,01,0102,Costa rural,1,1466.7133566911698,1466.7133566911698,71141.03143515396,5928.41928626283,406.2504869220715,255.55985752608694,0,0,No pobre,27381.791916246242
2022,159,9,4,250101,25,2501,Costa rural,3,1161.580431300838,3484.741293902514,100952.99229234311,2804.2497858984198,452.4067481397702,208.78256409606925,0,0,No pobre,24389.388423624696
2022,57,3,1,250101,25,2501,Costa urbana,4,1020.935241486158,4083.740965944632,12389.096095432877,258.1061686548516,460.2619852451031,254.1421919509133,1,0,Pobre no extremo,13584.475969448027
2023,78,7,2,130101,13,1301,Selva urbana,3,904.6405737729496,2713.9217213188485,31585.608946712273,877.3780262975631,391.613518809959,240.7123182302064,0,0,No pobre,27016.180969657104
2024,194,10,1,150132,15,1501,Selva rural,3,1087.0253603071865,3261.0760809215594,36999.84947605038,1027.773596556955,398.7297047711306,232.83752902533766,0,0,No pobre,49611.30743545576
2022,285,1,2,150132,15,1501,Callao,3,407.39289551532045,1222.1786865459612,51844.0777231343,1440.113270087064,448.04702621773714,240.09348829304565,0,0,No pobre,11037.954388183412
2021,15,10,2,010201,01,0102,Selva urbana,5,306.5523046262668,1532.761523131334,55359.55233725451,922.6592056209084,418.89865874714013,200.56527301407414,0,0,No pobre,29874.700332385542
2024,12,9,1,150132,15,1501,Selva rural,7,650.311209628493,4552.178467399451,73883.87014708358,879.5698827033759,436.32928672710307,204.74111700797187,0,0,No pobre,21481.40357162256
2024,101,15,1,150101,15,1501,Costa rural,3,1448.0591047721168,4344.17731431635,13307.570049048027,369.6547235846674,441.48149526556364,236.80944953510868,1,0,Pobre no extremo,39868.90245995634
2021,156,15,2,150132,15,1501,Callao,1,1217.746979287443,1217.746979287443,31464.666425598458,2622.055535466538,457.6203467267332,212.15334746370903,0,0,No pobre,239092.24496942447
2022,340,3,2,200101,20,2001,Sierra rural,1,1012.233733476124,1012.233733476124,102147.41416685938,8512.284513904948,460.5716950716907,238.18786664934032,0,0,No pobre,7979.817165624486
2021,125,5,2,050101,05,0501,Sierra rural,5,1185.8898352023248,5929.449176011623,112583.01806931221,1876.383634488537,408.00962452614567,224.79495003123705,0,0,No pobre,32659.532487651995
2024,359,9,3,010101,01,0101,Lima Metropolitana,4,1162.590224774752,4650.360899099008,32944.55567067869,686.344909805806,434.1296728922171,263.51884144723266,0,0,No pobre,48026.37361026114
2025,280,9,2,200101,20,2001,Selva rural,5,683.3796584308582,3416.898292154291,16672.90315198601,277.88171919976685,392.352393862188,266.4778399113118,1,0,Pobre no extremo,21810.342212730022
2025,405,7,4,200101,20,2001,Callao,4,285.1662997649791,1140.6651990599164,68303.03488744183,1422.9798934883713,464.20151686975487,268.58488791479635,0,0,No pobre,52466.25130783277
2023,394,12,4,040101,04,0401,Selva rural,6,1803.8865004597963,10823.319002758777,43590.609716443614,605.4251349506058,464.54479383331955,262.9256597117973,0,0,No pobre,8438.878250335174
2021,110,9,4,040101,04,0401,Costa urbana,6,1239.8313989854378,7438.988393912627,42752.06133906186,593.7786297091925,409.95057189994566,269.0123595834633,0,0,No pobre,25588.628519389626
2021,334,6,1,130101,13,1301,Costa rural,5,1425.7211993936182,7128.605996968091,54078.672294107906,901.3112049017984,396.06202074220425,249.43029880175533,0,0,No pobre,2519.6877387091927
2023,357,2,1,040101,04,0401,Costa rural,4,981.5947262972147,3926.378905188859,11434.128651164012,238.21101356591691,387.00917782002665,267.2379595930736,1,1,Pobre extremo,28486.726659664073
2023,146,9,1,130101,13,1301,Lima Metropolitana,3,1537.313101955469,4611.939305866406,57665.71248493118,1601.825346803644,437.4976441911586,244.92547258197789,0,0,No pobre,10590.481896856387
2023,216,17,2,200101,20,2001,Selva urbana,4,1210.5448015594677,4842.179206237871,30917.390397357187,644.1122999449414,389.142810039988,256.6449944820004,0,0,No pobre,49669.753504047
2024,398,1,4,010101,01,0101,Costa urbana,4,202.22213198466144,808.8885279386458,75158.01565887746,1565.7919928932804,448.05948446205997,209.23369949065972,0,0,No pobre,149354.17764644892
2021,162,19,2,010201,01,0102,Sierra urbana,4,1791.1843672480131,7164.7374689920525,27403.37231541839,570.9035899045498,447.81264010341465,247.78197113217905,0,0,No pobre,47846.31419518106
2024,128,6,3,010201,01,0102,Sierra rural,2,680.5186788969851,1361.0373577939702,45482.1120619616,1895.0880025817332,441.39874071316245,265.1772316534682,0,0,No pobre,33715.97230359104
2023,314,5,3,050101,05,0501,Sierra rural,4,361.9924771005374,1447.9699084021497,40603.48798241485,845.9059996336428,467.6560501863094,237.8033769072934,0,0,No pobre,21587.893412387755
2021,332,2,1,210101,21,2101,Costa rural,4,267.2779146382,1069.1116585528,16459.355340445007,342.90323625927095,417.8280692729132,213.07737994712164,1,0,Pobre no extremo,27448.301837614996
2024,150,9,3,010201,01,0102,Lima Metropolitana,4,1468.8365963000106,5875.346385200042,11949.42537290845,248.9463619355927,470.22695826245774,236.8821992507501,1,0,Pobre no extremo,27862.60250005301
2024,454,14,4,210101,21,2101,Callao,3,1437.5398969282837,4312.619690784852,55603.59529426008,1544.5443137294467,383.6925368846131,249.4858695841642,0,0,No pobre,36906.156127449285
2023,36,4,3,150132,15,1501,Costa urbana,3,1430.3080371452143,4290.924111435643,12441.837224440016,345.6065895677782,391.27569879214076,253.88519493681784,1,0,Pobre no extremo,58511.182526566765
2021,173,4,1,250101,25,2501,Sierra urbana,3,1839.9302680949754,5519.790804284927,19881.344857715547,552.2595793809874,421.22055625184436,236.65914069523888,0,0,No pobre,16847.75783594692
2023,420,15,2,200101,20,2001,Sierra rural,6,762.9917417955378,4577.950450773227,19347.71457371031,268.7182579681987,439.3993018688573,215.2157616953055,1,0,Pobre no extremo,114393.77566312895
2021,22,8,3,010101,01,0101,Costa urbana,4,1166.152807081954,4664.611228327816,37436.645877760464,779.930122453343,383.23756366393656,264.86821520051234,0,0,No pobre,29295.523797664122
2025,206,4,4,130101,13,1301,Sierra urbana,3,1277.041607689264,3831.124823067792,49423.08421155056,1372.8634503208489,436.7434471424264,254.153219151735,0,0,No pobre,36839.05436437064
2022,127,16,4,210101,21,2101,Selva rural,1,1961.0154742762788,1961.0154742762788,6628.039646651367,552.3366372209472,410.73983164830315,218.94818804323228,0,0,No pobre,131403.88333259977
2022,336,4,4,050101,05,0501,Costa rural,4,693.4576730653245,2773.830692261298,14007.812134371412,291.8294194660711,468.7146807811829,256.82690421774623,1,0,Pobre no extremo,4321.827522092776
2022,445,16,2,010201,01,0102,Selva urbana,3,1917.029279817487,5751.087839452461,13426.856590422343,372.9682386228429,433.3284591668731,224.35038546626413,1,0,Pobre no extremo,2848.3402710892924
2023,356,12,4,150101,15,1501,Sierra rural,7,382.5952328565246,2678.1666299956723,21911.599986850353,260.8523807958375,438.7893908217434,221.87019412678666,1,0,Pobre no extremo,53609.325861907106
2025,440,16,1,010201,01,0102,Sierra rural,4,1551.6027664528997,6206.411065811599,4478.254762727239,93.29697422348414,474.5621811114883,260.4153639143001,1,1,Pobre extremo,36624.32967347098
2021,217,19,1,040101,04,0401,Sierra urbana,3,1302.4832100387844,3907.449630116353,74639.11120744812,2073.3086446513366,456.41710266545937,261.1264644771985,0,0,No pobre,160467.28494815712
2024,96,8,4,200101,20,2001,Selva urbana,4,1652.102470816776,6608.409883267104,28406.055161062755,591.792815855474,423.82732661467656,227.89369819732855,0,0,No pobre,11788.666134463996
2021,417,6,3,040101,04,0401,Callao,3,154.50258991570956,463.5077697471287,23840.430078405658,662.2341688446016,427.68796149560194,200.6245963557095,0,0,No pobre,59018.51755253522
2024,429,10,4,010201,01,0102,Selva rural,5,248.44898158420605,1242.2449079210303,53075.78049761732,884.5963416269553,444.79238685593987,213.05959349799943,0,0,No pobre,25342.794393957593
2021,164,5,1,150101,15,1501,Costa urbana,3,232.42198118137713,697.2659435441315,42863.67892420402,1190.657747894556,400.0199216650513,263.6507429757191,0,0,No pobre,93726.34418671406
2025,148,18,1,040101,04,0401,Costa rural,7,1226.6229654448468,8586.360758113928,42449.30092630689,505.34882055127247,388.86508404941225,262.912453593854,0,0,No pobre,4083.280867632422
2024,18,10,1,010101,01,0101,Costa urbana,4,1245.5785283935222,4982.314113574089,26527.285678349177,552.6517849656078,411.12365159456186,231.73413236654133,0,0,No pobre,27872.530767615997
2023,294,10,3,040101,04,0401,Sierra urbana,5,1821.5992897744547,9107.996448872274,29561.820391472003,492.6970065245334,457.83827979362303,221.2881695093115,0,0,No pobre,75218.0101573274
2021,195,7,3,150101,15,1501,Callao,2,988.4466775850454,1976.893355170091,57519.428108395616,2396.642837849817,405.7323798769951,221.192380447362,0,0,No pobre,16408.930306935476
2021,151,18,3,040101,04,0401,Callao,3,229.2932045094315,687.8796135282945,43427.29959570747,1206.3138776585408,393.07592003359196,262.8036361839977,0,0,No pobre,34386.50666719412
2024,480,1,1,210101,21,2101,Sierra rural,5,498.1058630827793,2490.5293154138967,127446.02866397983,2124.100477732997,401.902259846226,222.73133176828617,0,0,No pobre,38170.17560627436
2023,365,7,2,150132,15,1501,Selva rural,4,115.33888015390153,461.3555206156061,30519.589137967127,635.8247737076484,447.89729120057063,235.81061818180768,0,0,No pobre,50833.97302587104
2023,123,1,4,130101,13,1301,Sierra rural,2,1575.7575977439694,3151.515195487939,48321.23938492019,2013.3849743716746,441.39480566935185,251.17077354150285,0,0,No pobre,12218.771163534964
2025,400,15,4,010201,01,0102,Costa urbana,3,1649.6389300734716,4948.916790220414,24084.177972547048,669.0049436818624,448.8314997296436,214.6636729126593,0,0,No pobre,22365.424687820647
2023,187,4,1,210101,21,2101,Selva rural,3,1996.0867909398585,5988.260372819575,36002.33716642035,1000.0649212894542,412.1958122680382,217.76873571101257,0,0,No pobre,59556.17109489418
2023,453,10,3,130101,13,1301,Lima Metropolitana,4,883.1694532008792,3532.6778128035166,37730.48226224592,786.05171379679,470.08561269332716,225.06433251665888,0,0,No pobre,76435.8208511219
2023,452,9,2,150132,15,1501,Costa rural,3,136.66691326302578,410.00073978907733,18042.616311046626,501.1837864179618,425.17703573281455,245.7956372543173,0,0,No pobre,43151.390991886234
2022,149,2,2,210101,21,2101,Sierra urbana,3,545.9867748317072,1637.9603244951215,15036.093476369597,417.6692632324888,431.37130319269437,257.2243455802429,1,0,Pobre no extremo,25765.452958923433
2025,104,14,3,050101,05,0501,Costa rural,3,1216.760848560262,3650.282545680786,47908.346209921525,1330.7873947200424,474.8807976002127,238.26940343316997,0,0,No pobre,39890.247642210285
2021,243,16,4,210101,21,2101,Callao,3,1927.6916374001992,5783.074912200597,40496.36833439946,1124.8991203999851,477.9277267944976,209.30501156547365,0,0,No pobre,84346.59076815506
2024,462,1,4,010101,01,0101,Sierra urbana,2,296.7992477945092,593.5984955890184,100792.4909799895,4199.687124166229,446.1542725916552,231.23718661488047,0,0,No pobre,44425.663745082114
2021,231,2,2,150101,15,1501,Callao,7,330.9887383054113,2316.9211681378792,27013.3952357416,321.58803852073333,474.4813192575791,208.9383505486236,1,0,Pobre no extremo,11152.997893163556
2025,479,7,2,010201,01,0102,Costa rural,2,1433.3420720299916,2866.6841440599833,10992.866273460404,458.03609472751685,434.15073863404433,206.18080187666868,0,0,No pobre,11802.137066390284
2024,206,10,3,200101,20,2001,Lima Metropolitana,6,1367.6934045409441,8206.160427245664,27183.70572337436,377.5514683801995,410.72829455667716,241.27317388960134,1,0,Pobre no extremo,37670.26694930481
2025,198,1,4,130101,13,1301,Costa urbana,3,575.9620750924828,1727.8862252774484,53774.494088752836,1493.735946909801,411.50928559665414,266.9348478258546,0,0,No pobre,6912.213128186013
2023,396,13,2,040101,04,0401,Selva urbana,3,1644.975102927586,4934.925308782758,3986.3623552948543,110.73228764707929,435.8940589882346,258.63282833338417,1,1,Pobre extremo,80207.38116751397
2024,400,1,4,010201,01,0102,Selva rural,3,344.67963540718006,1034.0389062215402,26754.135089112173,743.1704191420048,440.50361206551986,254.2129883779745,0,0,No pobre,14358.99688631889
2023,337,5,2,200101,20,2001,Sierra urbana,4,1858.9095050758435,7435.638020303374,49008.28136638244,1021.0058617996342,423.9617069919749,250.89391761057337,0,0,No pobre,11427.876710378152
2021,493,16,3,150132,15,1501,Costa urbana,4,481.96066763160064,1927.8426705264026,33232.79374940228,692.3498697792141,468.37714835118436,262.79894999949886,0,0,No pobre,196404.9228584536
2021,87,15,4,210101,21,2101,Sierra rural,4,254.5695081737095,1018.278032694838,19486.84883041927,405.97601730040145,422.6696118713551,252.69845588999445,1,0,Pobre no extremo,21779.656689580217
2024,142,17,2,200101,20,2001,Sierra rural,2,745.0919643003238,1490.1839286006475,9114.113159160586,379.75471496502445,407.3423646997668,243.881414171054,1,0,Pobre no extremo,48213.678326498026
2024,317,16,2,050101,05,0501,Costa rural,6,456.8984482156354,2741.3906892938126,26616.166767803577,369.6689828861608,380.798187834354,225.52760561916043,1,0,Pobre no extremo,66085.94957050077
2025,199,13,2,010201,01,0102,Callao,7,1101.1883275684625,7708.318292979237,8938.560230719384,106.4114313180879,477.0569278157637,207.0660722901855,1,1,Pobre extremo,155086.13927101795
2025,46,11,2,010201,01,0102,Sierra rural,3,1405.0084210062796,4215.025263018839,49305.17636493764,1369.5882323593787,462.43132831429443,232.27233546908073,0,0,No pobre,20072.50670713999
2023,288,17,3,010201,01,0102,Callao,4,1032.7509991087534,4131.0039964350135,28427.88112834313,592.2475235071486,441.5559584685329,264.7348965301757,0,0,No pobre,43354.36225367827
2024,15,17,4,150101,15,1501,Selva urbana,4,1355.1539304408575,5420.61572176343,103309.1380216531,2152.2737087844393,463.0542253903461,240.8170185762607,0,0,No pobre,32230.49100977304
2021,44,2,4,150132,15,1501,Sierra urbana,3,793.3489773599704,2380.046932079911,4637.8572650324795,128.82936847312442,461.0289230250944,212.91529259265934,1,1,Pobre extremo,399639.86981091776
2025,401,13,1,150101,15,1501,Costa rural,2,153.05293475341597,306.10586950683194,19811.707813167443,825.4878255486434,473.1850780225825,245.43163159365906,0,0,No pobre,4806.387724589145
2025,169,14,4,010201,01,0102,Sierra urbana,4,1950.7218360277832,7802.887344111133,52054.03890793871,1084.4591439153899,418.6067683360375,232.5823563856353,0,0,No pobre,30930.95731275843
2021,310,11,1,050101,05,0501,Sierra urbana,5,1656.8856586259913,8284.428293129957,75236.8227728659,1253.9470462144316,435.48522420859405,265.19660620080765,0,0,No pobre,35688.09197500046
2025,495,10,2,040101,04,0401,Lima Metropolitana,1,239.49576576079335,239.49576576079335,53986.281902012524,4498.856825167711,389.8628023720246,211.26579370434018,0,0,No pobre,32502.72066994224
2023,44,3,3,050101,05,0501,Costa urbana,4,953.4351526970354,3813.7406107881416,11409.82369032597,237.70466021512436,476.5315425718973,249.84082239547337,1,1,Pobre extremo,8563.729512957803
2024,98,17,3,130101,13,1301,Sierra rural,6,1306.5362331365618,7839.217398819371,17446.9125195414,242.31822943807504,478.51270692825,247.71217253647612,1,1,Pobre extremo,5685.256722467485
2021,261,15,2,150132,15,1501,Selva rural,3,462.129114088012,1386.3873422640359,3596.858240533817,99.91272890371714,458.90842479312016,268.84791049650534,1,1,Pobre extremo,7778.267962224158
2024,109,9,1,210101,21,2101,Sierra urbana,2,1198.1783615892657,2396.3567231785314,28025.892899838756,1167.7455374932815,425.41209831483366,239.54384886329072,0,0,No pobre,86030.70708931434
2025,283,10,2,010201,01,0102,Callao,5,1113.9323744236053,5569.661872118027,76646.03682740947,1277.4339471234912,429.6566750914358,261.0101825153548,0,0,No pobre,35706.02210434034
2025,372,8,3,200101,20,2001,Selva urbana,3,495.7038582159391,1487.1115746478172,27073.84154887532,752.0511541354256,423.5366932987857,201.72997562720016,0,0,No pobre,6252.628280396701
2021,343,13,3,040101,04,0401,Lima Metropolitana,2,368.2995876271612,736.5991752543224,45207.54242021842,1883.6476008424343,409.33106365222307,208.60243777568928,0,0,No pobre,152028.58334707198
2023,104,18,4,210101,21,2101,Callao,3,1542.0283502754112,4626.085050826234,44136.48178825248,1226.0133830070133,432.7791405548767,224.21570009925713,0,0,No pobre,258655.33597730458
2022,256,5,1,250101,25,2501,Selva urbana,3,712.9142476843041,2138.7427430529124,20228.12472567146,561.8923534908739,385.34450695005665,243.35291780100664,0,0,No pobre,49079.20301011794
2021,379,6,4,050101,05,0501,Callao,6,563.6770143002624,3382.0620858015745,3014.9341075175294,41.874084826632355,479.1887061937168,231.43555414771862,1,1,Pobre extremo,55663.68702410139
2022,206,17,3,040101,04,0401,Selva rural,4,1501.9688703313784,6007.875481325514,89932.04798692839,1873.584333061008,422.4050135164141,214.18873731426123,0,0,No pobre,39691.432641342595
2022,335,11,3,250101,25,2501,Sierra rural,3,1498.5305148436657,4495.591544530997,39687.843371386116,1102.4400936496143,472.73665840371063,241.2442617924004,0,0,No pobre,19397.29810310475
2023,43,16,4,150101,15,1501,Sierra rural,4,625.1631470388354,2500.6525881553416,8728.431286674971,181.84231847239525,452.4271460660004,239.6689341538954,1,1,Pobre extremo,5823.727099167702
2022,353,9,4,250101,25,2501,Costa rural,7,1757.880076378522,12305.160534649654,37563.575122970666,447.1854181306032,408.9942916863934,236.7113234964594,0,0,No pobre,12300.635862667868
2022,245,2,3,210101,21,2101,Costa rural,2,1407.6753136374505,2815.350627274901,32210.753962285675,1342.1147484285698,402.20526181746027,206.33892784774886,0,0,No pobre,34396.1609257193
2023,287,5,4,150132,15,1501,Callao,3,756.9520138609224,2270.8560415827674,87551.24076941398,2431.9789102614995,479.5675433762356,264.89178449293615,0,0,No pobre,64569.08592285715
2022,355,1,4,050101,05,0501,Costa rural,7,912.2303353508519,6385.612347455963,41145.55465804218,489.8280316433593,457.21263550540357,241.45787125910056,0,0,No pobre,28796.462431753276
2022,273,4,1,040101,04,0401,Sierra rural,7,1480.748403268174,10365.238822877218,41278.394450618,491.40945774545236,404.9661474149341,218.479422303906,0,0,No pobre,33027.173194080686
2022,476,4,3,250101,25,2501,Sierra urbana,2,502.00928250143477,1004.0185650028695,32189.512191043643,1341.2296746268185,386.74450481772607,248.11927332761644,0,0,No pobre,37951.82700787541
2021,83,3,2,050101,05,0501,Callao,2,990.6455057029257,1981.2910114058513,13456.936704796248,560.705696033177,449.6916545301379,222.25355936082212,0,0,No pobre,40377.300767969464
2021,110,9,1,040101,04,0401,Costa urbana,3,1341.7608502903893,4025.2825508711676,49289.71289441136,1369.1586915114267,410.30164568110763,235.4099218742098,0,0,No pobre,20193.800045641343
2021,438,12,2,040101,04,0401,Selva rural,1,1125.0472412165552,1125.0472412165552,26294.72279478236,2191.2268995651966,402.1330812627717,223.87922397412882,0,0,No pobre,54884.25877121677
2023,190,10,4,210101,21,2101,Lima Metropolitana,4,1255.8238572185371,5023.2954288741485,11412.81676274601,237.76701589054187,453.4937415149336,261.6275818576385,1,1,Pobre extremo,11941.150463822607
2025,471,2,4,050101,05,0501,Selva rural,2,1137.8037490058814,2275.607498011763,14866.488736193654,619.4370306747356,447.9261322654348,269.5786409174451,0,0,No pobre,49340.99979017172
2022,288,11,2,210101,21,2101,Selva rural,2,478.5321432010382,957.0642864020764,9676.53045235692,403.188768848205,428.1412674760191,211.2827445729529,1,0,Pobre no extremo,7955.927400505775
2022,424,10,4,250101,25,2501,Costa rural,4,879.3901554479806,3517.5606217919226,69822.65040109893,1454.6385500228944,474.26559327703734,201.65052653896177,0,0,No pobre,11004.442137740529
2023,397,6,4,130101,13,1301,Costa urbana,7,1110.7724414073368,7775.407089851358,159676.86896608825,1900.9151067391458,447.9638366057491,215.35257548874299,0,0,No pobre,17721.322825643616
2022,251,18,1,150132,15,1501,Selva urbana,3,1582.1192104572976,4746.357631371893,76087.97597461569,2113.5548881837694,469.3419560619909,241.29663881683294,0,0,No pobre,44114.06004023285
2021,212,2,2,130101,13,1301,Sierra rural,3,1342.418050622131,4027.254151866393,37744.96031301887,1048.4711198060797,399.0552942349719,212.1765797704273,0,0,No pobre,45973.959266512305
2025,291,2,1,010101,01,0101,Selva urbana,7,910.5227958532761,6373.659570972933,25364.14246818166,301.95407700216265,409.66459100808885,256.8039097224307,1,0,Pobre no extremo,15511.404185570502
2024,133,10,2,010201,01,0102,Costa rural,4,1951.3596811023765,7805.438724409506,20705.578688123285,431.3662226692351,390.4520133693728,228.60694037561098,0,0,No pobre,8789.823808560632
2022,201,16,1,130101,13,1301,Sierra urbana,3,304.81149119147784,914.4344735744335,11073.760115777834,307.6044476604954,410.45799978720356,242.73729184998908,1,0,Pobre no extremo,121298.47610896251
2021,285,12,3,150101,15,1501,Lima Metropolitana,3,492.9292502544399,1478.7877507633198,155144.1468463686,4309.55963462135,477.177832920638,231.89324891360013,0,0,No pobre,38821.14307213666
2024,326,1,3,150132,15,1501,Lima Metropolitana,2,748.4939590601616,1496.9879181203232,10608.162401052537,442.0067667105224,476.28562460923007,263.2329545133268,1,0,Pobre no extremo,31659.199107899123
2025,409,8,2,010201,01,0102,Costa rural,4,534.2869462770293,2137.147785108117,12524.938142402778,260.9362113000579,456.0386354550991,202.45947359435945,1,0,Pobre no extremo,52264.23177239487
2024,95,16,3,250101,25,2501,Costa urbana,3,1288.3397939314216,3865.0193817942645,22562.593783155688,626.7387161987691,432.1048262782957,251.05113269596197,0,0,No pobre,13989.308847280197
2021,278,18,1,210101,21,2101,Lima Metropolitana,3,175.146385738885,525.439157216655,24303.41622996782,675.0948952768839,458.07797987922453,245.65204933386067,0,0,No pobre,105971.0069132473
2024,450,13,2,150101,15,1501,Costa rural,2,437.12989011949026,874.2597802389805,46250.86275604485,1927.1192815018687,435.348695121372,245.4660521690032,0,0,No pobre,64603.84825928807
2023,429,15,3,010201,01,0102,Selva rural,3,657.3597515513483,1972.0792546540447,14675.199384972511,407.64442736034755,380.3508504671443,228.97925751267437,0,0,No pobre,27354.729006670084
2024,325,12,3,010201,01,0102,Sierra urbana,4,1398.3569726507014,5593.427890602806,4492.956392866057,93.60325818470953,430.15470739436154,201.09726599331282,1,1,Pobre extremo,34125.42665311461
2022,219,8,2,040101,04,0401,Sierra urbana,2,1764.1432769041432,3528.2865538082865,21844.80790508986,910.2003293787442,439.89234460110526,248.24685053775704,0,0,No pobre,28574.27831095984
2022,89,10,3,010101,01,0101,Sierra rural,2,1617.1343640508035,3234.268728101607,23210.232410853718,967.0930171189049,406.5748357503004,258.06298489657775,0,0,No pobre,137754.94502853914
2023,72,14,3,210101,21,2101,Sierra rural,6,445.95377317548423,2675.7226390529054,21574.186252937572,299.64147573524406,400.3293564241662,205.96612176911438,1,0,Pobre no extremo,55897.467359383045
2021,247,5,2,250101,25,2501,Selva rural,4,1174.2709410380312,4697.083764152125,21317.47235164798,444.1140073259996,407.38090948056515,230.91322529707782,0,0,No pobre,62466.646882369474
2022,129,18,3,050101,05,0501,Callao,2,157.04302615490576,314.0860523098115,19622.62253313247,817.6092722138529,442.36277495178655,211.38163977629378,0,0,No pobre,38916.38287501876
2025,212,19,3,130101,13,1301,Callao,4,690.0198731704362,2760.079492681745,8168.6554508358895,170.18032189241436,394.60641149355524,242.76564505007258,1,1,Pobre extremo,36306.98703148142
2022,428,15,3,150132,15,1501,Sierra urbana,2,1631.3692101738206,3262.7384203476413,100305.92807486393,4179.413669785997,452.0328301329499,254.99234134513256,0,0,No pobre,237780.0889068025
2022,343,6,3,010101,01,0101,Callao,5,967.6648561123451,4838.324280561726,95324.81290445561,1588.746881740927,422.26748209616096,246.66945954491845,0,0,No pobre,25269.107643923333
2021,96,11,4,040101,04,0401,Selva rural,5,384.8885123240857,1924.4425616204285,94455.3916102128,1574.25652683688,415.33478592053257,222.26420493401199,0,0,No pobre,45221.350935902585
2024,75,11,2,040101,04,0401,Sierra urbana,4,933.2514248277942,3733.0056993111766,9255.751254840976,192.82815114252034,460.7231291680353,209.78128919826688,1,1,Pobre extremo,285320.5480291461
2022,423,18,4,010201,01,0102,Callao,5,476.26255837823373,2381.3127918911687,38693.5296730402,644.8921612173366,430.6063249436527,255.59877022353237,0,0,No pobre,136901.20280180906
2023,495,18,4,200101,20,2001,Callao,2,847.0637699415294,1694.1275398830587,18387.72996554925,766.1554152312187,417.8400561190928,222.67418009448846,0,0,No pobre,53066.22592745392
2024,54,10,1,130101,13,1301,Callao,5,1026.8835982209025,5134.417991104512,17509.775081186788,291.8295846864465,467.81547155606046,201.54978822210984,1,0,Pobre no extremo,8024.447955694669
2025,344,2,4,010101,01,0101,Costa urbana,2,764.160413770954,1528.320827541908,11663.507857617826,485.9794940674094,416.82516321994757,239.99948500444756,0,0,No pobre,317679.45429124974
2021,459,9,4,010201,01,0102,Callao,3,1880.2410058243356,5640.723017473007,270764.84652861283,7521.245736905912,465.90002829433706,217.26741171633648,0,0,No pobre,28553.74200841632
2025,413,14,1,010101,01,0101,Callao,6,1168.8075653571257,7012.845392142754,21507.017820192243,298.70858083600336,430.41986984625584,258.88441988507236,1,0,Pobre no extremo,39494.097971850424
2024,54,19,3,150101,15,1501,Costa rural,4,1701.4960804991038,6805.984321996415,11733.525939199633,244.44845706665902,400.80070974550074,210.0278643073545,1,0,Pobre no extremo,101906.87511641416
2024,218,10,3,210101,21,2101,Sierra rural,7,1545.3842394056026,10817.689675839218,30465.785265244507,362.68791982433936,441.2818188111084,230.43605943414752,1,0,Pobre no extremo,29554.096211520216
2024,16,4,4,150132,15,1501,Costa urbana,2,1356.2159876087753,2712.4319752175506,53467.12497095416,2227.796873789757,408.5323526269961,217.71911425277082,0,0,No pobre,44922.01489591197
2025,99,6,1,130101,13,1301,Lima Metropolitana,4,1044.0886217749062,4176.354487099625,23689.76948862529,493.53686434636023,394.7155132176195,248.2721133454757,0,0,No pobre,38734.42695884565
2024,20,14,3,040101,04,0401,Callao,2,104.13018918501625,208.2603783700325,33517.799354581446,1396.5749731075603,388.652937139778,238.3971636550195,0,0,No pobre,25245.567027096997
2025,46,4,1,200101,20,2001,Callao,4,1265.5884410489593,5062.353764195837,66283.00084888212,1380.8958510183775,404.1697335797442,255.36914034740172,0,0,No pobre,51602.608631732364
2024,451,15,2,250101,25,2501,Costa rural,2,776.3191607047456,1552.6383214094913,11394.242259870069,474.7600941612529,453.6554642002191,232.10288026565564,0,0,No pobre,19262.880694896343
2023,193,16,2,050101,05,0501,Callao,2,323.7481169225057,647.4962338450114,31571.564744012696,1315.4818643338624,463.79992223757426,200.33659020810768,0,0,No pobre,11656.244666070825
2024,383,7,2,210101,21,2101,Callao,3,944.7899008629477,2834.369702588843,15136.764526741064,420.4656812983629,466.17208459819216,215.0637536377647,1,0,Pobre no extremo,62369.516936332104
2025,58,17,2,130101,13,1301,Callao,5,1497.5513123382789,7487.756561691394,13401.158527908097,223.35264213180162,407.01482737099434,269.94099757359913,1,1,Pobre extremo,126971.98148620692
2022,437,19,4,150101,15,1501,Sierra rural,2,1927.1878099275375,3854.375619855075,130193.36552360884,5424.723563483702,446.0972932945342,228.37414925166573,0,0,No pobre,17282.85925352384
2024,111,19,2,130101,13,1301,Lima Metropolitana,5,810.7992931319558,4053.996465659779,24823.587133799392,413.7264522299899,403.03540599149295,243.41645755203578,0,0,No pobre,21446.731037305646
2022,129,17,2,250101,25,2501,Selva rural,2,1131.1742675394557,2262.3485350789115,10345.109242196018,431.0462184248341,442.276211396824,263.345212564113,1,0,Pobre no extremo,36491.540636117206
2023,337,6,1,150132,15,1501,Lima Metropolitana,1,1717.3643283908116,1717.3643283908116,24333.76105614385,2027.8134213453206,468.7210993041697,201.4366927501562,0,0,No pobre,36531.358024673165
2021,194,11,3,150132,15,1501,Costa urbana,3,734.5988979050281,2203.7966937150845,9058.546566636578,251.6262935176827,384.0893682602081,246.17251774781766,1,0,Pobre no extremo,5053.460837301077
2023,413,16,1,010101,01,0101,Callao,7,370.2887654445492,2592.021358111844,22121.49756466485,263.3511614841053,478.5225667725406,220.18638817849057,1,0,Pobre no extremo,23766.128390465015
2024,340,8,4,010201,01,0102,Selva urbana,2,635.5754793421092,1271.1509586842185,14608.583722291962,608.6909884288317,462.7087877458445,219.5473778746702,0,0,No pobre,218651.35178768248
2022,326,11,2,150132,15,1501,Lima Metropolitana,2,1808.3333766359372,3616.6667532718743,42610.23161192764,1775.4263171636514,456.16621162936985,215.7395982273815,0,0,No pobre,146890.5318578102
2022,8,7,3,200101,20,2001,Selva urbana,5,402.8469060774917,2014.2345303874586,153793.95996661915,2563.2326661103193,449.1362893711791,257.5910451403812,0,0,No pobre,199645.2293859505
2025,29,19,3,050101,05,0501,Sierra rural,3,725.5200159128859,2176.560047738658,22984.30576462555,638.4529379062653,457.02738889138783,226.10634127125462,0,0,No pobre,67346.8800252239
2022,112,10,2,150101,15,1501,Costa urbana,5,982.8165899506472,4914.082949753236,15110.98809301214,251.84980155020233,479.4595356040546,204.6981576782298,1,0,Pobre no extremo,21334.006430032237
2025,435,9,2,250101,25,2501,Lima Metropolitana,3,1709.515124632748,5128.545373898244,29199.415063636217,811.0948628787838,457.01912971125404,206.77958105182142,0,0,No pobre,46929.49592281655
2021,161,4,4,040101,04,0401,Callao,4,1881.655238940652,7526.620955762608,102967.41663677161,2145.1545132660754,415.1600784668327,210.40300538807614,0,0,No pobre,66066.01645680986
2024,131,15,4,150132,15,1501,Costa rural,3,909.0395883031841,2727.1187649095523,42817.31939971961,1189.3699833255446,441.39218529335034,262.92493110756476,0,0,No pobre,26128.737898686482
2025,188,13,2,040101,04,0401,Lima Metropolitana,4,1870.7126918716797,7482.850767486719,23695.878248528297,493.66413017767286,413.6923016159836,229.92103985551398,0,0,No pobre,6473.784722580886
2021,163,2,2,150132,15,1501,Callao,5,406.77228022973367,2033.8614011486684,4189.116656902472,69.81861094837453,477.00654432566705,264.12345377196647,1,1,Pobre extremo,89810.73653789559
2022,197,2,2,200101,20,2001,Costa rural,5,398.01935460310375,1990.0967730155187,25665.594717085733,427.7599119514289,470.01397328257,257.22356309334873,1,0,Pobre no extremo,23189.357798841906
2022,475,16,2,040101,04,0401,Costa urbana,4,1903.576557306116,7614.306229224464,54116.461206254346,1127.4262751302988,436.76202274628287,258.6517834880494,0,0,No pobre,67941.00606154568
2021,364,9,3,010201,01,0102,Selva urbana,6,1068.3922537038293,6410.353522222976,63689.17663411535,884.5718976960466,458.1273754493449,220.0782267792283,0,0,No pobre,7472.04572070009
2022,204,13,4,150101,15,1501,Costa urbana,3,453.22488717251247,1359.6746615175375,87531.81466917049,2431.439296365847,470.9686942971764,218.9920088896675,0,0,No pobre,19117.68034728558
2021,212,3,2,050101,05,0501,Callao,3,1027.1817040935675,3081.5451122807026,14661.138967343992,407.25386020399975,404.3600263656559,239.20478658864795,0,0,No pobre,53526.52439770651
2025,109,9,2,200101,20,2001,Selva urbana,4,1588.101195220198,6352.404780880792,18718.3046727356,389.9646806819917,437.9481856928805,229.25474733929656,1,0,Pobre no extremo,68257.15707946174
2025,276,13,3,010201,01,0102,Selva urbana,4,1671.148694874695,6684.59477949878,24144.518641021274,503.01080502127655,428.1716319252548,235.63424818102428,0,0,No pobre,76769.34588407475
2021,73,2,1,050101,05,0501,Selva rural,1,1741.5415876335603,1741.5415876335603,50953.280734458975,4246.106727871581,457.15913548429415,203.72429413003897,0,0,No pobre,33898.55873834248
2025,167,8,2,010201,01,0102,Selva rural,4,1182.1847158660953,4728.738863464381,21230.21249834876,442.29609371559917,417.90825213338286,268.01131338837695,0,0,No pobre,44039.43767461429
2025,260,9,3,010201,01,0102,Costa rural,3,1747.1974272989726,5241.5922818969175,43146.15437288298,1198.5042881356383,450.89796397081915,204.0718165488086,0,0,No pobre,53620.57751434855
2025,243,16,3,010201,01,0102,Sierra rural,5,1069.057396726184,5345.28698363092,19035.638140377905,317.26063567296507,420.2993089011738,212.5181908363321,1,0,Pobre no extremo,49995.15735744491
2023,275,2,1,010101,01,0101,Sierra urbana,5,1253.413814543047,6267.069072715235,14253.286937976465,237.55478229960775,391.1074864644504,247.47403673846807,1,1,Pobre extremo,64291.36128883272
2024,102,6,4,050101,05,0501,Costa urbana,4,1541.567624316126,6166.270497264504,73039.49694766014,1521.6561864095863,390.7121431608317,210.88510862100082,0,0,No pobre,11484.761002077445
2022,475,8,4,010201,01,0102,Selva urbana,1,908.3270561499662,908.3270561499662,35636.46838562858,2969.7056988023814,391.9056324553187,207.48089493954524,0,0,No pobre,234039.1441448227
2023,173,5,4,210101,21,2101,Callao,4,239.80482556367207,959.2193022546883,52679.34750470249,1097.4864063479686,383.2519875932162,210.75342669596455,0,0,No pobre,30205.62121176647
2025,171,9,2,210101,21,2101,Costa urbana,5,765.3160780296254,3826.5803901481268,22344.512264060933,372.4085377343489,433.2973171596772,204.33441702514864,1,0,Pobre no extremo,33027.70753608738
2021,141,1,4,150132,15,1501,Sierra rural,3,1285.4940119123246,3856.4820357369736,55476.471677391404,1541.0131021497612,447.1902681983735,217.5923118180841,0,0,No pobre,27145.351619695568
2025,397,9,2,150101,15,1501,Callao,4,465.431502315006,1861.726009260024,10338.157267926279,215.3782764151308,392.67284018256896,218.978348971037,1,1,Pobre extremo,45786.889293642154
2024,188,10,2,040101,04,0401,Sierra rural,7,381.93219064931606,2673.5253345452124,11931.199023992738,142.03808361896117,441.1858000221612,234.90354612838252,1,1,Pobre extremo,8583.893805757258
2025,441,4,3,150132,15,1501,Sierra urbana,3,656.8530347237315,1970.5591041711946,62811.592120755246,1744.7664477987569,439.7740078257912,230.71057620433425,0,0,No pobre,22308.35056599423
2021,86,3,4,010101,01,0101,Callao,3,161.01177832786058,483.0353349835817,25255.11413309763,701.5309481416009,394.7094051396862,233.15993906041916,0,0,No pobre,5387.798523299247
2024,476,10,4,210101,21,2101,Lima Metropolitana,3,1512.5035063651476,4537.510519095443,21549.448219979266,598.5957838883129,420.40825999612633,243.12276529462318,0,0,No pobre,22743.898295994328
2025,52,15,4,050101,05,0501,Sierra urbana,4,591.5596441578436,2366.2385766313746,11759.529756500364,244.99020326042424,455.5135709770984,216.16730018746807,1,0,Pobre no extremo,42524.080172519185
2024,111,11,2,150101,15,1501,Selva urbana,6,336.0529536095391,2016.3177216572344,55493.63035008664,770.7448659734256,381.6756025552011,209.42928917643266,0,0,No pobre,64182.9146735318
2022,437,14,2,150101,15,1501,Selva rural,4,1428.345890330527,5713.383561322108,144185.98122444385,3003.87460884258,394.69478838983883,261.52147950518804,0,0,No pobre,34226.683586060615
2022,365,6,4,040101,04,0401,Lima Metropolitana,3,1701.5632238322469,5104.689671496741,46483.76978205205,1291.2158272792235,479.58283743247443,244.37589376982658,0,0,No pobre,48338.61969880005
2025,342,12,2,050101,05,0501,Sierra urbana,4,137.76363213737906,551.0545285495162,17957.811263852676,374.1210679969308,453.354489714906,204.24643057543597,1,0,Pobre no extremo,6728.227087450367
2024,43,13,2,250101,25,2501,Selva rural,4,543.8395644083272,2175.3582576333088,93724.44094514,1952.5925196904166,426.41302792192556,267.27361549305743,0,0,No pobre,42443.17673603992
2021,211,17,1,040101,04,0401,Lima Metropolitana,4,1895.9414172522086,7583.765669008834,37177.316338330995,774.527423715229,442.9801412091625,248.51479515878862,0,0,No pobre,127651.93559206623
2025,456,16,1,150101,15,1501,Selva rural,2,831.982858272273,1663.965716544546,18220.636771657686,759.1931988190703,464.6220970598474,210.6193249460908,0,0,No pobre,57746.00871737081
2022,200,3,4,010101,01,0101,Selva urbana,4,1883.3249204256695,7533.299681702678,84805.35942272039,1766.7783213066748,464.23045855536367,267.8394102173481,0,0,No pobre,17215.706144059408
2022,298,2,4,200101,20,2001,Callao,3,621.0038229042871,1863.0114687128612,22871.13994498477,635.3094429162436,412.4701435461207,225.5785140274743,0,0,No pobre,43004.04083925265
2025,346,11,1,200101,20,2001,Costa rural,1,514.3285075866708,514.3285075866708,7343.606874703771,611.9672395586475,429.12914225452243,268.9157055905339,0,0,No pobre,142181.5990158836
2024,240,9,2,210101,21,2101,Callao,4,506.8059822831922,2027.2239291327687,20214.28431853153,421.1309233027402,443.80550964986435,207.22929405753018,1,0,Pobre no extremo,64185.271021510795
2022,115,3,2,150101,15,1501,Selva rural,7,261.9344548073827,1833.5411836516787,43428.62884404839,517.0074862386713,387.1896916514604,211.1978451924847,0,0,No pobre,65957.45279225595
2024,26,18,3,010101,01,0101,Callao,3,1803.2213481673386,5409.664044502016,14102.504151487614,391.7362264302115,474.5796599390752,246.0193685612391,1,0,Pobre no extremo,16544.285277658153
2022,407,15,4,040101,04,0401,Selva urbana,7,1961.686543002512,13731.805801017585,4988.56516767311,59.38768056753703,423.2741825662373,201.55004256162513,1,1,Pobre extremo,25275.823126172734
2022,299,14,4,010101,01,0101,Sierra urbana,2,1913.566733816112,3827.133467632224,100996.69343620435,4208.195559841848,417.0862327257927,201.3082748852765,0,0,No pobre,33906.33569174544
2023,77,2,4,130101,13,1301,Costa urbana,5,1718.8534656718207,8594.267328359103,398122.3149874213,6635.371916457022,470.7100361449826,255.43879825574302,0,0,No pobre,221218.92251088482
2022,412,17,3,040101,04,0401,Sierra urbana,2,1709.0870245368528,3418.1740490737056,17537.149019772634,730.7145424905265,391.8286648753105,211.74462322178744,0,0,No pobre,14580.560169786433
2021,137,8,3,010201,01,0102,Callao,3,1356.0623876210766,4068.18716286323,15262.546123415515,423.9596145393199,383.9260797387108,264.3152994811325,0,0,No pobre,47081.38836767749
2025,20,10,2,040101,04,0401,Sierra rural,4,1669.8060527061657,6679.224210824663,8003.365472520343,166.73678067750714,448.50024123002737,229.812731351996,1,1,Pobre extremo,71196.9776552178
2025,440,18,1,210101,21,2101,Sierra urbana,4,495.85049225179074,1983.401969007163,12847.798213348373,267.6624627780911,418.5002968105104,261.1556648009493,1,0,Pobre no extremo,76250.02111827306
2024,211,19,1,200101,20,2001,Costa rural,5,837.0339977355442,4185.1699886777205,6801.842051361051,113.36403418935085,456.4475808830106,229.243450886057,1,1,Pobre extremo,28326.619335494048
2022,240,8,1,040101,04,0401,Selva urbana,4,1317.588957260021,5270.355829040084,8312.565396682896,173.178445764227,386.8544611526755,237.1161003480498,1,1,Pobre extremo,26209.908557504452
2021,39,8,2,010201,01,0102,Selva rural,4,1762.065531867033,7048.262127468132,26957.62577244789,561.6172035926644,418.3757143535386,222.1559913173489,0,0,No pobre,249594.12892376038
2024,435,3,1,130101,13,1301,Sierra rural,6,1354.891978500689,8129.3518710041335,6495.547352781592,90.21593545529988,403.5325212046112,246.06534924291546,1,1,Pobre extremo,27774.402536840378
2023,268,3,3,010101,01,0101,Selva urbana,4,1694.1417208349912,6776.566883339965,7175.416292025016,149.48783941718784,453.9606532946597,222.27408161601463,1,1,Pobre extremo,23901.958668237112
2024,207,12,3,050101,05,0501,Selva urbana,3,1000.5040801136652,3001.5122403409955,32413.116770522025,900.3643547367229,402.71701104273717,215.62190684950346,0,0,No pobre,91964.48270176564
2024,479,17,4,200101,20,2001,Selva rural,2,1462.8771016395842,2925.7542032791685,15433.229049048323,643.0512103770135,425.7945334774355,205.67331183738906,0,0,No pobre,41290.226324206065
2022,439,4,1,010101,01,0101,Lima Metropolitana,3,1961.9635321126646,5885.890596337994,37086.41829384751,1030.1782859402088,461.8877551136712,204.03685434794926,0,0,No pobre,9889.221808162196
2023,462,17,3,130101,13,1301,Sierra urbana,5,391.6282585465397,1958.1412927326985,19775.418739187346,329.5903123197891,471.53905354644695,221.41820472416023,1,0,Pobre no extremo,96712.77034422316
2024,267,14,4,050101,05,0501,Costa urbana,1,1861.1493154001907,1861.1493154001907,22765.407249269912,1897.1172707724927,452.26057936657776,251.5531341674479,0,0,No pobre,24398.915461246237
2021,154,19,1,150101,15,1501,Lima Metropolitana,2,1092.4915008996152,2184.9830017992304,54290.01936468602,2262.0841401952507,422.9228411532954,214.39340464405313,0,0,No pobre,24136.829020036643
2021,42,9,1,150132,15,1501,Sierra rural,2,1322.11425838711,2644.22851677422,16418.739783374007,684.1141576405836,437.1985874742733,220.94592150976476,0,0,No pobre,519294.18909975275
2025,411,12,3,210101,21,2101,Selva rural,4,1767.9511131299741,7071.804452519897,50956.669488411746,1061.597281008578,448.9689947152494,263.3619992965487,0,0,No pobre,28720.06333363228
2023,11,5,4,010101,01,0101,Costa rural,3,878.3429278494023,2635.028783548207,18437.410455772442,512.1502904381234,467.49326265741183,244.74102470679244,0,0,No pobre,38845.222560825816
2023,294,11,4,250101,25,2501,Costa rural,2,895.5158922910962,1791.0317845821924,12852.997385170205,535.5415577154253,468.8573984760292,264.38056725953834,0,0,No pobre,90508.55131648637
2025,98,3,3,050101,05,0501,Costa urbana,4,1101.6454890594907,4406.581956237963,10233.102560015452,213.18963666698858,473.0969491488347,263.7858223802544,1,1,Pobre extremo,14298.65766266775
2024,427,15,3,150101,15,1501,Costa urbana,5,136.2939605440161,681.4698027200805,6057.142491029936,100.95237485049893,461.0711098907382,204.4387477739983,1,1,Pobre extremo,63470.3657814303
2023,275,14,3,250101,25,2501,Sierra urbana,3,1043.6657437923666,3130.9972313770995,8809.797507577781,244.71659743271616,394.67979359416665,266.85065274498555,1,1,Pobre extremo,91494.48527529379
2021,448,11,1,150132,15,1501,Costa rural,4,653.0658034890376,2612.2632139561506,5452.651764104273,113.59691175217235,454.76395333862433,203.5824571342879,1,1,Pobre extremo,136833.05674221052
2021,390,8,3,150132,15,1501,Sierra rural,2,1863.1129465443846,3726.225893088769,10992.201505889077,458.00839607871154,461.45923735632175,264.7933242423941,1,0,Pobre no extremo,70222.67045104493
2022,430,4,3,200101,20,2001,Callao,6,266.69706763075953,1600.1824057845572,56325.64822781329,782.3006698307402,467.7871427676384,238.27134056597012,0,0,No pobre,12028.447293378491
2023,372,12,2,250101,25,2501,Selva rural,3,972.7088778376234,2918.1266335128703,26702.626458398157,741.7396238443932,472.4816894617826,237.3232708014174,0,0,No pobre,56177.25853408241
2024,230,8,3,200101,20,2001,Costa urbana,7,1900.1895237169856,13301.3266660189,18975.64787903056,225.90056998845904,430.9159813518447,249.92848438338734,1,1,Pobre extremo,9461.177519963767
2025,369,6,3,200101,20,2001,Costa urbana,7,1811.9669756051073,12683.76882923575,14441.181507257557,171.91882746735186,445.50926951243105,261.5447889533211,1,1,Pobre extremo,124247.53995202336
2025,426,15,1,200101,20,2001,Costa urbana,5,1432.5620405116454,7162.810202558227,25006.04632853342,416.7674388088903,380.9552776616969,243.19031889628798,0,0,No pobre,106315.35887355961
2024,220,12,4,200101,20,2001,Callao,1,1219.785998792542,1219.785998792542,27644.656911043658,2303.7214092536383,437.2783567692434,229.7779897646925,0,0,No pobre,45465.93960739911
2022,65,16,1,150101,15,1501,Selva rural,4,633.3887805523963,2533.555122209585,9862.05513426522,205.45948196385874,427.319838107394,207.83225400893414,1,1,Pobre extremo,43653.84213081884
2025,355,16,2,210101,21,2101,Sierra rural,2,797.2185142296642,1594.4370284593283,40831.22918250061,1701.3012159375255,476.23060446947994,255.2446514126415,0,0,No pobre,36041.154814179536
2023,232,4,3,040101,04,0401,Costa rural,6,271.2562430328418,1627.5374581970507,20068.97232040417,278.7357266722801,470.17092986027274,208.98054447295635,1,0,Pobre no extremo,35364.29993264048
2022,328,11,3,150101,15,1501,Callao,5,1593.6057657406516,7968.028828703258,35141.315753466384,585.6885958911064,459.76039294333856,250.845610283947,0,0,No pobre,95590.50850318171
2023,443,13,3,130101,13,1301,Callao,7,715.3525590172422,5007.467913120696,26139.105902736042,311.17983217542906,385.6994184520267,236.9547462047418,1,0,Pobre no extremo,26597.681780217637
2021,52,9,3,200101,20,2001,Lima Metropolitana,4,1368.7856081573939,5475.1424326295755,7505.835848841461,156.3715801841971,420.20288422833335,227.0085147330648,1,1,Pobre extremo,325072.0750843438
2022,374,4,3,050101,05,0501,Sierra rural,4,779.4300766773655,3117.720306709462,86748.16855409127,1807.2535115435683,449.604222219456,242.90904703773575,0,0,No pobre,43177.07496641697
2025,431,12,3,050101,05,0501,Selva rural,4,982.2278386528991,3928.9113546115964,26627.2453792945,554.7342787353022,382.9660743564281,254.064926025218,0,0,No pobre,125684.12160652685
2022,376,9,2,250101,25,2501,Sierra rural,3,1154.5046975151504,3463.514092545451,19323.404284528846,536.7612301258013,403.5813791752801,265.8797732915435,0,0,No pobre,6940.121490287893
2022,263,13,3,250101,25,2501,Sierra urbana,4,1623.5195759421467,6494.078303768587,45446.92152663509,946.810865138231,468.75071901181286,218.52878179864598,0,0,No pobre,20389.10506198472
2022,267,16,3,130101,13,1301,Lima Metropolitana,4,501.19711732729274,2004.788469309171,9493.898022922667,197.78954214422222,392.9780767299424,266.2991112148189,1,1,Pobre extremo,90798.29481362713
2022,359,6,3,150101,15,1501,Selva rural,6,857.6542349767271,5145.925409860363,6523.33920885501,90.60193345631959,385.1373504338644,267.26636321914543,1,1,Pobre extremo,50146.127038548286
2023,317,10,2,050101,05,0501,Lima Metropolitana,4,347.15498659445336,1388.6199463778134,44397.089733641915,924.9393694508732,438.05857562846694,256.9541360135776,0,0,No pobre,37362.96494289439
2021,324,13,3,010201,01,0102,Lima Metropolitana,6,243.94495935039265,1463.669756102356,75501.67743502324,1048.6344088197673,474.646461542778,261.70060224596443,0,0,No pobre,104781.83693153478
2024,409,7,2,010201,01,0102,Costa urbana,6,1248.8812767207046,7493.2876603242275,34813.97076676954,483.5273717606881,463.4624739908639,248.46992596020203,0,0,No pobre,302653.25037275936
2022,396,19,1,040101,04,0401,Costa rural,4,459.27298428191506,1837.0919371276602,55559.25829751335,1157.4845478648615,477.47725047209553,202.73680539518992,0,0,No pobre,11433.142128993772
2025,154,19,3,010201,01,0102,Lima Metropolitana,3,213.61874965958773,640.8562489787632,8608.002492381174,239.11118034392152,455.35231536962493,240.25549812937746,1,1,Pobre extremo,98804.02792288348
2022,358,17,4,010101,01,0101,Sierra urbana,4,1804.4860692921704,7217.944277168682,19470.451701570244,405.6344104493801,423.73697740845716,252.30431940725404,1,0,Pobre no extremo,23333.62902886322
2025,366,13,2,200101,20,2001,Sierra urbana,3,1115.1973975922522,3345.5921927767567,14879.808945520885,413.32802626446903,474.6616439589874,265.91921942944344,1,0,Pobre no extremo,85376.4285831179
2023,140,13,1,130101,13,1301,Selva rural,2,355.79359406567085,711.5871881313417,67835.2403014682,2826.4683458945087,422.6633278453312,239.93162929132114,0,0,No pobre,23062.28763253274
2025,427,2,2,250101,25,2501,Selva urbana,3,201.50964215034446,604.5289264510334,41967.91189772076,1165.7753304922435,415.00946163442444,255.59404747801685,0,0,No pobre,61659.033215999894
2024,51,10,2,010101,01,0101,Callao,7,327.73410148594667,2294.1387104016267,68052.89586581524,810.1535222120862,424.8195917767434,249.35271022811457,0,0,No pobre,67525.90081547554
2021,117,13,1,210101,21,2101,Costa urbana,1,995.5407566091668,995.5407566091668,15427.60322613158,1285.6336021776317,461.39739543824646,219.65620219833073,0,0,No pobre,18096.804222586732
2025,421,9,3,200101,20,2001,Costa rural,4,1370.0839848209057,5480.335939283623,9717.358609324738,202.4449710275987,471.7693549848888,210.8309652605951,1,1,Pobre extremo,22579.93159976396
2025,46,1,3,050101,05,0501,Costa rural,5,1318.4321424734865,6592.160712367432,88980.34722111037,1483.005787018506,415.76821099596754,252.56337300745304,0,0,No pobre,30062.486570001227
2021,309,14,2,200101,20,2001,Costa rural,4,374.4038639025472,1497.6154556101887,27542.879330190844,573.8099860456426,426.22474565322625,216.36378528256552,0,0,No pobre,7149.015996741608
2024,88,16,1,250101,25,2501,Callao,4,1303.6290084916468,5214.516033966587,70150.12610086368,1461.46096043466,469.8327323304383,217.12840882410987,0,0,No pobre,57166.99900517697
2022,208,15,3,150132,15,1501,Selva rural,5,869.2446860134389,4346.223430067194,25375.757864003866,422.9292977333978,384.7043664528669,245.07623670904533,0,0,No pobre,158382.68315691917
2025,377,1,2,150132,15,1501,Costa urbana,3,983.0131901689836,2949.0395705069504,195529.56750389008,5431.376875108058,458.38686941138513,255.23479248206698,0,0,No pobre,10309.20745598339
2021,269,17,4,010101,01,0101,Lima Metropolitana,2,1622.7177718661026,3245.435543732205,77667.86286555382,3236.160952731409,425.4217758234339,240.76324650028653,0,0,No pobre,70135.46328702086
2023,89,13,1,150101,15,1501,Lima Metropolitana,7,731.7488080913129,5122.24165663919,23293.977250826098,277.30925298602494,417.6518351049671,261.948820771535,1,0,Pobre no extremo,51179.02408081873
2021,381,15,4,050101,05,0501,Selva rural,3,379.29818961037216,1137.8945688311164,27404.869939152795,761.2463871986888,424.6921291836839,214.8010288475472,0,0,No pobre,18228.782626870005
2023,118,16,4,250101,25,2501,Costa rural,4,1759.560953776047,7038.243815104188,27490.307680761667,572.7147433492014,421.869067550158,217.66901006785176,0,0,No pobre,279539.9237723184
2024,54,16,2,250101,25,2501,Callao,4,503.04809414604216,2012.1923765841686,9677.380654463395,201.6120969679874,455.6618618187806,244.5868852910211,1,1,Pobre extremo,114753.92146999463
2022,441,2,1,250101,25,2501,Lima Metropolitana,2,658.6567540538211,1317.3135081076423,17435.25478231808,726.4689492632533,472.79475222441556,258.0557729232808,0,0,No pobre,125310.08318944607
2021,116,17,3,010201,01,0102,Sierra rural,7,1442.5211119149826,10097.647783404878,16282.086577945727,193.83436402316343,429.1455825446579,237.75462611747633,1,1,Pobre extremo,37816.8385863483
2025,118,11,3,250101,25,2501,Sierra rural,5,1398.7456024094538,6993.728012047269,33165.38600264383,552.7564333773971,463.27337857825114,200.72671013117824,0,0,No pobre,8002.874769113654
2024,260,8,2,150132,15,1501,Callao,2,1620.7600404392745,3241.520080878549,12917.98165173303,538.2492354888763,453.19445357122385,247.3860190444859,0,0,No pobre,43098.349238546354
2021,75,3,3,210101,21,2101,Callao,7,449.34661875108804,3145.4263312576163,23504.22128689759,279.8121581773523,413.0680785556477,256.95077031125544,1,0,Pobre no extremo,32042.311085692305
2025,480,12,3,130101,13,1301,Costa urbana,5,769.3317972969862,3846.658986484931,19349.989767285784,322.4998294547631,438.7313814526548,219.3580539527182,1,0,Pobre no extremo,100896.94041173316
2021,305,16,4,200101,20,2001,Costa rural,4,339.17815401689603,1356.7126160675841,28803.33849891993,600.0695520608318,446.6815675015695,203.79387602175873,0,0,No pobre,20103.428438902993
2023,7,14,4,130101,13,1301,Selva rural,4,1127.9743796203481,4511.897518481393,100840.53041553158,2100.844383656908,382.34993718904633,236.25663846752838,0,0,No pobre,137909.81985431144
2021,366,16,1,150132,15,1501,Callao,2,655.8841258235323,1311.7682516470645,72106.0084253969,3004.4170177248707,419.595555122424,202.95086542456673,0,0,No pobre,19513.046877842622
2021,122,17,4,150132,15,1501,Callao,4,1408.9777179162693,5635.910871665077,8271.332384827188,172.31942468389977,479.2638175847457,229.12117207406712,1,1,Pobre extremo,73555.37074938157
2021,11,11,3,210101,21,2101,Selva urbana,2,100.65429917062804,201.30859834125607,25676.855281468055,1069.868970061169,443.72564270700934,201.24724911292068,0,0,No pobre,17208.24401658357
2024,348,17,1,040101,04,0401,Callao,4,213.3976970732006,853.5907882928024,20484.39436796986,426.7582159993721,413.4244069291776,215.74767060355555,0,0,No pobre,34954.85114227829
2021,438,19,1,010101,01,0101,Selva urbana,4,921.8645709867524,3687.4582839470095,15033.8609884193,313.2054372587354,405.0024039400728,227.2175716320837,1,0,Pobre no extremo,9578.316810410324
2025,489,1,2,010201,01,0102,Selva urbana,6,1920.5498963535802,11523.299378121481,186786.07370009858,2594.2510236124804,400.9481602100756,207.81941228216806,0,0,No pobre,39056.44696387671
2023,215,12,4,150101,15,1501,Sierra rural,5,1792.6176359824476,8963.088179912238,16745.90408119538,279.0984013532563,420.16414089652073,207.99091327920783,1,0,Pobre no extremo,13256.837307552152
2023,429,15,1,250101,25,2501,Selva rural,3,1988.617153317768,5965.851459953305,17824.101007011377,495.11391686142713,399.32656906076096,257.8943218227938,0,0,No pobre,63256.94014948632
2021,279,18,3,250101,25,2501,Selva urbana,6,891.9774272416853,5351.864563450112,130476.76243348884,1812.1772560206782,393.5186182053528,202.89967067301797,0,0,No pobre,72873.57065751456
2024,498,14,1,210101,21,2101,Costa rural,4,188.48012392012794,753.9204956805117,64352.58800530622,1340.6789167772129,416.4063284426959,248.2276374071552,0,0,No pobre,35904.64388601421
2024,28,1,1,040101,04,0401,Costa rural,4,681.3166698375486,2725.2666793501944,18052.35726179924,376.0907762874842,440.69996926457935,257.0137434544546,1,0,Pobre no extremo,18892.019759101393
2025,235,13,2,250101,25,2501,Selva urbana,2,1383.9646191305078,2767.9292382610156,53345.45478233711,2222.7272825973796,394.6399182086128,209.15056478949472,0,0,No pobre,54452.02187174286
2021,367,15,3,010201,01,0102,Sierra urbana,6,356.81123855808903,2140.8674313485344,21687.870217054173,301.22041968130793,384.434327386286,213.67595141594308,1,0,Pobre no extremo,93951.05725515296
2023,313,7,3,010101,01,0101,Selva urbana,6,669.9471396440019,4019.6828378640116,23027.979584173856,319.8330497801924,383.46328180636914,244.90453111165206,1,0,Pobre no extremo,30641.39839701605
2024,26,15,4,010201,01,0102,Sierra urbana,5,206.71571263523148,1033.5785631761573,13031.89945134653,217.19832418910883,406.73842524359685,222.09526289202532,1,1,Pobre extremo,23635.72533177111
2021,409,10,3,040101,04,0401,Costa urbana,6,1002.437372941445,6014.62423764867,3011.6764605799212,41.828839730276684,399.01322905163016,233.34961498644302,1,1,Pobre extremo,10299.446126935683
2024,54,14,1,150132,15,1501,Costa urbana,3,496.94928762066706,1490.8478628620012,7462.263098066476,207.2850860574021,433.92553602901523,258.52018957958126,1,1,Pobre extremo,45154.07463162493
2024,29,6,3,010201,01,0102,Costa rural,6,273.3712511081045,1640.227506648627,9955.246279664085,138.26730943977896,425.57201870508993,209.6588219969003,1,1,Pobre extremo,104819.9444117027
2023,467,14,3,130101,13,1301,Selva rural,4,881.3100380167102,3525.240152066841,39226.32656794329,817.2151368321519,412.4766614339019,243.37567653332943,0,0,No pobre,151749.79053070192
2022,353,12,1,010201,01,0102,Sierra rural,2,767.3282683108944,1534.6565366217887,30887.117727402685,1286.9632386417786,463.35428341509606,265.967840559656,0,0,No pobre,46042.1461472097
2025,164,11,2,150132,15,1501,Selva rural,4,1121.2837001964353,4485.134800785741,71511.24262174914,1489.8175546197738,430.49469929965267,204.02266407810194,0,0,No pobre,8945.252706284416
2025,270,19,4,250101,25,2501,Costa rural,4,1523.1734450959143,6092.693780383657,9108.805306568305,189.76677722017303,389.15299920840994,204.20047354893327,1,1,Pobre extremo,22696.571066623223
2023,334,2,4,200101,20,2001,Costa rural,3,313.88059921035995,941.6417976310798,134337.6165709185,3731.6004603032916,409.5764354073695,238.8319660832346,0,0,No pobre,117068.66565287056
2024,35,1,2,200101,20,2001,Selva rural,1,1603.138621399016,1603.138621399016,123613.9280555978,10301.160671299816,477.33392661965917,267.20530572660306,0,0,No pobre,82628.68410549406
2021,286,8,1,200101,20,2001,Sierra rural,2,149.9509617628422,299.9019235256844,27775.038066643676,1157.2932527768198,477.6977320758014,215.43315496567521,0,0,No pobre,12916.767778123889
2024,348,14,4,250101,25,2501,Costa rural,3,941.8936147421108,2825.6808442263323,14506.827224165561,402.9674228934878,405.46716355471193,223.15543788013403,1,0,Pobre no extremo,262146.32865866553
2023,273,9,2,210101,21,2101,Lima Metropolitana,2,1216.1175450831756,2432.2350901663513,15198.427281018357,633.2678033757649,396.7236128794914,206.90535821835115,0,0,No pobre,12303.71207027456
2025,451,2,2,010101,01,0101,Lima Metropolitana,2,1918.2974789656155,3836.594957931231,32154.961697032028,1339.7900707096678,429.5688146217244,225.35730613057947,0,0,No pobre,24603.617093914232
2024,208,5,2,010101,01,0101,Sierra rural,3,1190.4537510523344,3571.3612531570034,146434.83156695066,4067.6342101930736,428.14649181668466,203.1032736014056,0,0,No pobre,60058.94236951258
2025,238,8,4,250101,25,2501,Costa rural,7,401.6234672156383,2811.364270509468,24700.327571007267,294.05151870246743,421.01376872690173,227.23657984213202,1,0,Pobre no extremo,33542.16771721307
2021,414,16,4,010201,01,0102,Lima Metropolitana,5,1083.3294301534274,5416.647150767138,6478.023194244463,107.96705323740773,432.9357227493953,238.88414424594217,1,1,Pobre extremo,26238.044718107994
2025,93,16,4,150101,15,1501,Costa urbana,3,851.9894996636907,2555.968498991072,148127.82889134713,4114.6619136485315,403.21953785182006,268.2503378678983,0,0,No pobre,36810.21467937948
2025,173,13,4,010101,01,0101,Sierra urbana,7,1010.7755784404629,7075.429049083241,18763.19469585105,223.3713654267982,391.4929341543687,257.2871585749365,1,1,Pobre extremo,101256.37304385331
2022,79,15,3,130101,13,1301,Costa rural,4,474.4843278522658,1897.937311409063,99550.11322551481,2073.9606921982254,437.0461458476435,257.5445787542744,0,0,No pobre,248462.15466768143
2022,110,1,2,130101,13,1301,Sierra urbana,4,1051.5713803914166,4206.285521565666,47249.571464556015,984.3660721782503,473.25979967823747,215.9701027200538,0,0,No pobre,49192.68734455063
2022,217,3,3,050101,05,0501,Selva urbana,4,385.075552152666,1540.302208610664,23539.00264027772,490.39588833911915,393.77492766202977,206.10642915181916,0,0,No pobre,19367.542446418127
2025,435,6,2,130101,13,1301,Lima Metropolitana,3,1513.6818533126527,4541.045559937958,64173.49791406624,1782.5971642796178,450.4814724231462,242.21522928729706,0,0,No pobre,40341.90251787122
2023,358,14,4,010101,01,0101,Costa rural,3,1228.421894428636,3685.2656832859084,13887.281639438334,385.7578233177315,423.78966873803853,236.47967365390372,1,0,Pobre no extremo,261569.31934048925
2025,106,4,4,150101,15,1501,Costa urbana,3,249.20261402438828,747.6078420731649,20705.172392906334,575.1436775807315,409.3976589728804,236.1552713604342,0,0,No pobre,81810.03816045578
2023,47,18,3,150132,15,1501,Sierra rural,4,1790.2674890650617,7161.069956260247,16686.214543934417,347.62946966530035,465.3109218392426,207.6305590340497,1,0,Pobre no extremo,138625.4546394552
2023,181,15,1,200101,20,2001,Costa urbana,4,1271.1212487697128,5084.484995078851,22457.658748250284,467.8678905885476,425.6491694537182,234.5719425984328,0,0,No pobre,83336.39292657608
2022,64,9,4,010201,01,0102,Sierra urbana,5,700.6034047428798,3503.017023714399,44045.37054444134,734.0895090740224,438.33120140679904,210.52490184196978,0,0,No pobre,93028.31923618708
2024,246,18,1,150132,15,1501,Sierra rural,3,186.7205591018896,560.1616773056687,43750.30869398131,1215.2863526105918,424.30562869399296,229.54802155982867,0,0,No pobre,38056.93460406511
2021,244,3,2,150101,15,1501,Costa urbana,5,1301.2307219661027,6506.153609830513,6635.668532619654,110.59447554366089,388.1249581669553,204.35138428513713,1,1,Pobre extremo,153400.50775096734
2022,422,10,3,210101,21,2101,Costa urbana,4,809.5364965618401,3238.1459862473603,16614.219534842938,346.1295736425612,439.4904686900186,259.9824819585998,1,0,Pobre no extremo,2140.0366617271284
2022,320,17,1,200101,20,2001,Costa urbana,7,1824.4743992691265,12771.320794883886,19407.171101431886,231.03775120752246,421.88409750381214,200.92260604141424,1,0,Pobre no extremo,64153.62203463809
2024,87,7,1,050101,05,0501,Selva rural,3,166.26788215693165,498.80364647079494,45594.229037258825,1266.5063621460786,388.67566060676296,265.7526197611731,0,0,No pobre,58609.57124052668
2021,217,15,4,210101,21,2101,Callao,6,174.29462715026233,1045.7677629015739,7629.018144817435,105.9585853446866,439.5811734418975,260.40242759102574,1,1,Pobre extremo,15242.224077027702
2025,490,1,1,010101,01,0101,Sierra rural,5,1903.6686451231774,9518.343225615887,50808.60322284979,846.8100537141632,380.98709320392277,252.6825650798512,0,0,No pobre,51263.74594330363
2025,7,11,1,150101,15,1501,Costa urbana,4,1933.2604967910618,7733.041987164247,9759.163194728497,203.315899890177,400.8520388254592,268.77854076000074,1,1,Pobre extremo,65818.89437288752
2022,278,17,2,200101,20,2001,Callao,4,152.71023086801335,610.8409234720534,33641.40623235166,700.8626298406597,458.10695369052127,203.76739979893082,0,0,No pobre,6427.581557137325
2021,337,5,3,050101,05,0501,Lima Metropolitana,2,1460.4631463885223,2920.9262927770446,73349.84706022014,3056.2436275091727,383.7927424858734,244.91179742366427,0,0,No pobre,52299.328715585456
2022,210,7,4,010201,01,0102,Lima Metropolitana,7,520.8402194247969,3645.8815359735786,8917.827605115388,106.16461434661176,444.66820980551387,259.4511463330201,1,1,Pobre extremo,133228.69533613895
2023,497,19,4,010201,01,0102,Costa urbana,2,1432.6462559435377,2865.2925118870753,33442.22854240001,1393.426189266667,474.9706946207324,208.86319675715384,0,0,No pobre,195421.00756793274
2022,169,15,1,250101,25,2501,Sierra urbana,4,1750.592313650169,7002.369254600676,22766.988178684285,474.3122537225893,397.1192458173007,240.9342485066569,0,0,No pobre,68079.09192457145
2022,330,3,2,010101,01,0101,Costa urbana,3,291.57980983832323,874.7394295149697,11162.297679776651,310.0638244382403,421.7111860209575,227.57453360862704,1,0,Pobre no extremo,33473.28602914183
2025,138,15,1,130101,13,1301,Lima Metropolitana,3,553.6561918478799,1660.9685755436396,8933.23186278402,248.1453295217783,437.54976973709984,230.50789793429652,1,0,Pobre no extremo,96497.47311361301
2025,441,5,1,150101,15,1501,Costa urbana,4,145.74756982034017,582.9902792813607,14231.590771272531,296.4914744015111,425.0415838733844,263.87668597696586,1,0,Pobre no extremo,15729.15803301446
2025,391,12,4,050101,05,0501,Selva urbana,6,183.2767063444375,1099.660238066625,12972.022905278687,180.16698479553733,442.0377686181767,237.70560151923127,1,1,Pobre extremo,80521.67724616577
2023,496,5,1,050101,05,0501,Callao,4,156.27393061377094,625.0957224550838,22358.550778874254,465.803141226547,420.4097525166998,206.52834313924268,0,0,No pobre,35091.0356197714
2025,381,3,1,130101,13,1301,Sierra rural,7,1621.2964772101875,11349.075340471312,18325.30293133871,218.15836823022272,394.85041290219203,265.60513216911005,1,1,Pobre extremo,119605.56544462524
2021,306,9,2,130101,13,1301,Selva urbana,4,666.7560890184757,2667.0243560739027,39389.50112488204,820.6146067683758,388.9044359824456,212.96478193940268,0,0,No pobre,22844.1123767384
2024,230,9,4,210101,21,2101,Callao,2,1037.1017351867793,2074.2034703735585,55694.85473129281,2320.6189471372004,454.44431561771444,262.4845771530445,0,0,No pobre,204878.4295799686
2021,475,7,3,200101,20,2001,Callao,2,1596.904100834331,3193.808201668662,6794.677927876534,283.11158032818895,403.86239495219047,267.9644504759752,1,0,Pobre no extremo,123701.06199864455
2021,308,2,2,210101,21,2101,Selva rural,5,1040.3929591427643,5201.964795713821,21470.05565318938,357.8342608864897,464.74503127667236,261.4486224212487,1,0,Pobre no extremo,53074.05546632899
2025,161,16,2,040101,04,0401,Sierra urbana,2,915.4725189867326,1830.945037973465,11442.248817632877,476.7603674013699,454.302724382184,247.39936444662445,0,0,No pobre,48897.02068138369
2024,1,9,2,040101,04,0401,Callao,4,121.98909232997174,487.95636931988696,10130.949364910535,211.06144510230283,384.9453184342362,252.0486273876163,1,1,Pobre extremo,202189.54172032065
2024,236,13,4,010101,01,0101,Selva urbana,2,1179.2750548198367,2358.5501096396733,6555.623621404317,273.1509842251799,400.12111170637354,248.99070706353285,1,0,Pobre no extremo,317379.3475117732
2024,437,19,1,250101,25,2501,Selva rural,3,337.0118484604642,1011.0355453813926,6133.859663966116,170.38499066572547,409.1992656559538,232.2367071498544,1,1,Pobre extremo,26177.561890974288
2023,188,17,3,150101,15,1501,Costa rural,5,1552.8316575029498,7764.158287514749,16861.47310056013,281.0245516760022,439.448224882604,219.2093803121631,1,0,Pobre no extremo,27279.572902303422
2025,418,6,4,050101,05,0501,Sierra rural,4,589.7016752485372,2358.8067009941487,38315.77805515111,798.2453761489814,460.9827000315139,219.95019109657207,0,0,No pobre,136244.75488154663
2024,4,4,1,200101,20,2001,Costa urbana,2,1380.9560805364447,2761.9121610728894,38193.18289893713,1591.382620789047,386.0333255158423,251.18175029002964,0,0,No pobre,3508.035294354675
2023,401,1,2,010201,01,0102,Selva urbana,3,1327.824702866891,3983.4741086006725,10431.534329260252,289.76484247945143,404.96089518798107,243.82255138243852,1,0,Pobre no extremo,2882.6259150942083
2022,132,18,4,010201,01,0102,Selva urbana,3,1271.6836455670382,3815.0509367011146,9523.914231185216,264.5531730884782,417.6209762379721,240.94188237784027,1,0,Pobre no extremo,17629.2322899184
2022,427,19,1,150132,15,1501,Costa urbana,2,607.208814320666,1214.417628641332,33366.92331687715,1390.288471536548,398.3377154588166,245.68261865470782,0,0,No pobre,51425.936691512004
2023,218,9,3,130101,13,1301,Costa urbana,4,607.4705766335795,2429.882306534318,18241.08248124456,380.022551692595,434.5292097506349,254.23503648016222,1,0,Pobre no extremo,12525.610240597718
2023,260,13,3,010101,01,0101,Sierra urbana,4,1739.7912825385267,6959.165130154107,59918.41485246488,1248.3003094263515,427.800247935831,252.38386402518734,0,0,No pobre,10861.312079539362
2025,1,8,1,150132,15,1501,Selva urbana,2,124.33393199781129,248.66786399562258,9900.603261324677,412.5251358885282,411.649564205116,207.37774840546814,0,0,No pobre,23525.91865103455
2025,71,13,4,150132,15,1501,Selva urbana,3,444.89300356252005,1334.67901068756,5054.631060422725,140.40641834507568,431.68868869203567,225.41245347947,1,1,Pobre extremo,149129.93894418905
2022,478,15,2,250101,25,2501,Lima Metropolitana,3,1259.3247435197716,3777.9742305593145,46687.68896303657,1296.880248973238,415.5821564351114,218.477699574886,0,0,No pobre,25776.82063298212
2024,178,11,1,150101,15,1501,Callao,3,1652.3878833660226,4957.163650098068,4909.683030289135,136.3800841746982,414.3194067467291,237.67670635569016,1,1,Pobre extremo,115632.23198737258
2022,457,12,2,050101,05,0501,Costa rural,4,780.8564664784315,3123.425865913726,7323.034629942697,152.56322145713952,406.5395525356993,204.29912576601052,1,1,Pobre extremo,42425.38932441295
2024,189,14,3,200101,20,2001,Lima Metropolitana,3,1341.5425713605202,4024.627714081561,14730.77982412447,409.188328447902,434.0437934314388,253.3724833244755,1,0,Pobre no extremo,180070.40550232676
2024,291,4,1,010201,01,0102,Selva rural,3,1158.597197278449,3475.7915918353465,20816.597462576807,578.2388184049113,424.4115394452327,207.45691336339067,0,0,No pobre,30120.333832638982
2025,8,1,3,010201,01,0102,Costa rural,5,222.62619851586726,1113.1309925793362,46227.474885938944,770.4579147656491,399.6324784127224,218.99814181374325,0,0,No pobre,58236.684042016655
2021,253,4,2,010201,01,0102,Lima Metropolitana,2,1281.3253741682884,2562.6507483365767,10798.944109182277,449.95600454926154,381.29662608981994,254.79190536547333,0,0,No pobre,47947.8607911588
2021,408,19,2,040101,04,0401,Selva urbana,4,1646.4165973177376,6585.66638927095,88074.6961751157,1834.8895036482438,395.09295406129195,203.60919880430959,0,0,No pobre,33483.85809959551
2023,467,9,1,150101,15,1501,Costa rural,4,1985.6518085688776,7942.607234275511,6874.067495931814,143.20973949857947,384.2834601498539,246.2140747989194,1,1,Pobre extremo,85697.10063090835
2025,292,10,1,010101,01,0101,Selva urbana,3,156.31613803827344,468.9484141148203,19249.780825047183,534.7161340290884,423.1598833638432,264.71347902560706,0,0,No pobre,76741.11287880463
2024,434,4,1,010201,01,0102,Sierra rural,5,1354.1105279093492,6770.552639546746,56791.359027478036,946.5226504579673,402.50968539123585,243.23464720314516,0,0,No pobre,48620.41243421745
2021,244,9,3,250101,25,2501,Sierra urbana,4,887.6441509811281,3550.5766039245123,59562.668197713305,1240.888920785694,422.04553325247247,249.88602411809876,0,0,No pobre,5665.490102501018
2024,123,13,2,010201,01,0102,Costa rural,4,118.59698854179004,474.38795416716016,1882.727205908347,39.2234834564239,412.9449873370009,255.45868107657827,1,1,Pobre extremo,11917.701079103856
2021,299,12,2,010101,01,0101,Selva urbana,4,1267.2857930461716,5069.143172184687,307782.8336164948,6412.142367010308,433.8014810686567,215.5572425530306,0,0,No pobre,15287.964810594372
2021,283,11,3,040101,04,0401,Costa rural,5,332.61186725570747,1663.0593362785373,20130.56618158208,335.5094363597013,452.3866828788601,240.66747426087943,1,0,Pobre no extremo,48878.102375711205
2021,32,12,1,250101,25,2501,Callao,7,819.2770153593596,5734.939107515517,34565.1353325313,411.48970633965837,427.9313938133856,221.63397012211323,1,0,Pobre no extremo,37103.42894061726
2025,334,18,4,150132,15,1501,Callao,4,596.5974757279644,2386.3899029118575,19924.8904998108,415.10188541272504,386.1968060939131,217.46467654577137,0,0,No pobre,18267.845527439604
2022,377,12,1,010101,01,0101,Selva rural,6,786.2104643150888,4717.2627858905325,183806.43500431496,2552.8671528377076,381.7510481414908,213.4719490559888,0,0,No pobre,16957.274893291433
2024,146,16,4,150132,15,1501,Sierra urbana,1,1036.1216048518042,1036.1216048518042,85854.50728706045,7154.542273921704,401.3231166277539,240.98014307118976,0,0,No pobre,77131.1961991599
2025,156,5,4,130101,13,1301,Sierra rural,4,782.4981117300775,3129.99244692031,179289.34717492544,3735.194732810947,422.49675112208536,255.61723485876635,0,0,No pobre,18707.53533157055
2025,413,12,3,210101,21,2101,Costa urbana,3,1150.1905541201245,3450.5716623603735,41188.31041974147,1144.1197338817076,384.4905028627267,261.31223449319117,0,0,No pobre,3263.036915392081
2025,16,11,2,010201,01,0102,Callao,2,553.4344114424222,1106.8688228848443,61140.655966629834,2547.5273319429098,412.7733804839889,230.00101622993017,0,0,No pobre,45215.12806595937
2025,355,9,2,010101,01,0101,Costa urbana,4,1307.187358113925,5228.7494324557,10507.484441971772,218.9059258744119,468.7025707895152,226.1029300138557,1,1,Pobre extremo,22422.362860150053
2025,47,18,2,210101,21,2101,Costa rural,5,1722.1497078372215,8610.748539186108,21202.264497055614,353.3710749509269,389.0019021852169,248.11148314704135,1,0,Pobre no extremo,82337.54564350437
2023,251,3,2,200101,20,2001,Selva urbana,3,525.7273891389035,1577.1821674167104,61185.11122564842,1699.5864229346782,474.85165097695733,254.62514692966454,0,0,No pobre,18132.22413581469
2024,187,17,3,250101,25,2501,Selva rural,4,1064.9667101256828,4259.866840502731,35825.710112001034,746.3689606666882,465.66717755091196,217.73235356706775,0,0,No pobre,30467.85668972788
2025,31,14,4,150101,15,1501,Callao,4,1332.5105906447884,5330.042362579154,29588.28854763771,616.4226780757856,463.17811560135385,220.81036189477257,0,0,No pobre,50848.727004979635
2024,260,1,2,130101,13,1301,Sierra urbana,3,1172.7896493054907,3518.3689479164723,13385.108751216145,371.8085764226707,466.3658510876291,237.33753234056653,1,0,Pobre no extremo,4278.506096475588
2023,421,17,4,200101,20,2001,Sierra rural,3,794.7339477652293,2384.201843295688,76797.26286272347,2133.2573017423183,388.0050265252983,231.10699814879607,0,0,No pobre,21002.20610848795
2023,17,8,3,200101,20,2001,Sierra rural,3,1320.1794452109218,3960.5383356327657,75822.64301707773,2106.184528252159,395.1168093978697,249.40514131418055,0,0,No pobre,17674.548105650483
2024,39,5,1,130101,13,1301,Callao,3,153.66779179914485,461.0033753974345,68733.22088461682,1909.2561356838005,393.4372426561082,235.31394936914222,0,0,No pobre,23679.04014686109
2021,304,5,3,150132,15,1501,Callao,4,802.8218407932227,3211.2873631728908,34990.58062671978,728.9704297233287,391.1241810751376,207.8119374005808,0,0,No pobre,22733.61500325807
2022,430,9,2,010101,01,0101,Lima Metropolitana,2,1111.963207817906,2223.926415635812,27148.962091310557,1131.2067538046065,412.7711219532229,211.61672363516732,0,0,No pobre,38002.547197759515
2021,474,3,1,050101,05,0501,Sierra rural,2,139.1650017881429,278.3300035762858,73992.50976037474,3083.0212400156142,463.02168829505274,263.1336190674448,0,0,No pobre,45795.70508599371
2021,432,19,3,010201,01,0102,Costa urbana,4,1064.5327764001697,4258.131105600679,62512.413669774985,1302.3419514536456,405.1962143631229,215.91788553809502,0,0,No pobre,71192.44620614634
2021,39,9,3,250101,25,2501,Sierra urbana,4,1343.0834754546938,5372.333901818775,12046.920139331472,250.97750290273902,404.422167899226,203.50602639925302,1,0,Pobre no extremo,63179.13320534505
2025,489,18,4,040101,04,0401,Lima Metropolitana,3,1542.4946256547858,4627.4838769643575,35764.567057258835,993.4601960349677,447.5888757420613,251.20181908010576,0,0,No pobre,124798.47786699056
2023,132,16,3,010101,01,0101,Costa urbana,2,315.41075467791774,630.8215093558355,48642.17749541898,2026.7573956424576,389.6925102136717,247.88078006912485,0,0,No pobre,100135.40096213063
2021,30,1,1,010201,01,0102,Costa rural,3,1982.0732622942203,5946.219786882661,14679.49871837447,407.76385328817975,416.0279992361924,242.00532130583738,1,0,Pobre no extremo,152524.44593831696
2023,158,2,3,010101,01,0101,Sierra rural,5,1251.7186325366815,6258.593162683408,60663.425525579965,1011.0570920929994,409.5426306844221,235.15793081253324,0,0,No pobre,129429.3675540983
2024,278,14,2,200101,20,2001,Sierra urbana,6,790.068205963427,4740.409235780562,51322.81459772323,712.8168694128226,464.7300864129421,267.8706247832774,0,0,No pobre,22660.54687603048
2022,203,14,4,050101,05,0501,Callao,5,573.2764234677562,2866.382117338781,18496.286346324065,308.2714391054011,431.450127762546,208.38826071429173,1,0,Pobre no extremo,27967.4895195997
2024,66,1,1,040101,04,0401,Sierra rural,2,1188.5040371984876,2377.008074396975,7933.819689101986,330.5758203792494,444.6473564121941,235.7113947804705,1,0,Pobre no extremo,30161.052385436415
2024,108,16,1,010101,01,0101,Costa urbana,4,1775.2521296164846,7101.008518465938,45597.89169128068,949.9560769016808,392.90343382062355,239.48314604290306,0,0,No pobre,123296.73030903231
2025,268,15,3,010201,01,0102,Costa urbana,3,1089.074252668593,3267.2227580057793,157652.89446940567,4379.247068594602,472.891826055591,201.57450428665877,0,0,No pobre,30297.676280210802
2022,222,15,2,040101,04,0401,Costa urbana,3,1356.7969056494244,4070.390716948273,33855.582965425754,940.4328601507154,412.24521541251045,228.8394697363037,0,0,No pobre,83706.0349429076
2024,292,12,4,040101,04,0401,Sierra rural,2,779.6232351270644,1559.2464702541288,47917.92160485417,1996.5800668689237,450.68388378431615,254.79614877720488,0,0,No pobre,5833.50469700027
2024,18,16,1,150101,15,1501,Sierra urbana,5,837.489347369048,4187.44673684524,9425.72896192785,157.09548269879753,475.46261799155434,232.97691286700527,1,1,Pobre extremo,4760.198302057237
2022,90,14,4,250101,25,2501,Sierra urbana,4,643.7327009665947,2574.930803866379,25770.59340864259,536.887362680054,430.8648861616002,261.2694914853642,0,0,No pobre,142096.90735939582
2022,181,15,3,200101,20,2001,Costa rural,4,1440.7108592996556,5762.843437198622,24335.344851510064,506.98635107312634,430.75352587338557,245.13592523226214,0,0,No pobre,64646.3595145405
2024,255,15,2,150101,15,1501,Sierra rural,4,782.4563514914736,3129.8254059658943,12115.326894287566,252.40264363099095,391.7249423558452,253.6259754834912,1,1,Pobre extremo,129199.89294806035
2022,455,19,3,010201,01,0102,Costa rural,3,462.36116767835455,1387.0835030350636,39966.90284946598,1110.1917458184994,419.0275556423129,256.3136094634652,0,0,No pobre,8519.359255938129
2024,253,8,4,010201,01,0102,Selva rural,3,801.8610852158521,2405.583255647556,38609.51611340968,1072.4865587058243,465.24649388815357,248.26501676080932,0,0,No pobre,46908.58847601033
2024,257,2,3,150132,15,1501,Costa rural,4,1722.271694882237,6889.086779528948,20645.892896194557,430.12276867071995,393.51065070989483,252.45664620184456,0,0,No pobre,8937.848451086584
2025,383,2,4,010101,01,0101,Costa rural,4,1502.6788827961545,6010.715531184618,26596.615757463012,554.0961616138128,471.7504130560657,248.67173778748733,0,0,No pobre,96971.49640399918
2021,442,10,1,010101,01,0101,Costa rural,5,735.8176044807714,3679.088022403857,170698.41023246082,2844.973503874347,446.7309414386657,238.53246239175363,0,0,No pobre,40851.815566680896
2024,346,3,1,150132,15,1501,Callao,3,1822.9370331897344,5468.811099569203,15389.673970124151,427.49094361455974,422.09598350590386,239.6573075916803,0,0,No pobre,35200.73190547484
2023,87,17,3,210101,21,2101,Costa urbana,5,242.18200672318721,1210.910033615936,9718.433385306118,161.97388975510196,434.6498418525657,213.29193478457609,1,1,Pobre extremo,95323.23449751054
2021,90,8,1,130101,13,1301,Selva rural,3,194.53220368592213,583.5966110577664,9510.589161958711,264.18303227663085,395.0496607736701,257.92074633653397,1,0,Pobre no extremo,36260.95512935998
2021,237,4,4,010101,01,0101,Lima Metropolitana,4,342.1936740919584,1368.7746963678337,33665.781429143186,701.3704464404831,401.74832931377307,221.8496119640329,0,0,No pobre,35083.3348142394
2021,390,14,1,130101,13,1301,Callao,4,321.2640361313459,1285.0561445253836,2724.212122485838,56.754419218454956,408.6408427066673,237.5015817725732,1,1,Pobre extremo,9352.336348855368
2025,70,10,2,010101,01,0101,Costa rural,6,266.885198523447,1601.311191140682,16995.58500244796,236.0497917006661,418.4846118174415,217.46818905597613,1,0,Pobre no extremo,153356.21541683874
2024,44,1,2,250101,25,2501,Sierra urbana,2,1356.5509627961856,2713.101925592371,11250.832990427836,468.78470793449316,471.55219949929847,248.71054853743593,1,0,Pobre no extremo,44549.893951129576
2025,200,4,3,210101,21,2101,Costa rural,4,1241.6005213453054,4966.402085381222,25552.069465087992,532.3347805226665,416.7569024965157,268.26182665287547,0,0,No pobre,67492.66786482796
2024,152,1,3,050101,05,0501,Costa urbana,4,1330.4504701052579,5321.8018804210315,25647.73725055939,534.3278593866539,432.3835240386221,256.1358164253185,0,0,No pobre,10193.752674434025
2025,86,17,3,210101,21,2101,Callao,2,1407.895502907857,2815.791005815714,36690.280372879984,1528.7616822033326,396.20261614178423,243.33668373212967,0,0,No pobre,159810.9361677506
2025,19,17,3,010201,01,0102,Selva urbana,2,1538.0715297132917,3076.1430594265835,46815.3828410554,1950.6409517106415,453.5973201052071,239.72545736194706,0,0,No pobre,46685.67737603659
2023,101,7,4,150132,15,1501,Lima Metropolitana,5,493.6361622241797,2468.1808111208984,75178.26129727271,1252.9710216212118,436.02808490667013,234.28398801470505,0,0,No pobre,220382.94611117986
2025,402,15,4,010201,01,0102,Selva rural,2,1282.3766751461196,2564.7533502922392,19569.232573270736,815.3846905529473,423.9907457983372,214.348000223452,0,0,No pobre,107206.71716817794
2022,95,13,2,050101,05,0501,Selva urbana,2,1202.0924527391091,2404.1849054782183,14769.338630225919,615.3891095927466,474.71864655581936,224.36070362909717,0,0,No pobre,3409.9278350636755
2023,254,2,4,150101,15,1501,Selva urbana,7,1892.9540490266002,13250.6783431862,57951.92137966358,689.9038259483759,469.0650844141837,228.44758519199104,0,0,No pobre,85344.32006323147
2025,357,19,1,010201,01,0102,Selva rural,5,541.4986760553323,2707.493380276662,6044.644412413344,100.7440735402224,445.9511272344497,266.11983523887073,1,1,Pobre extremo,97840.90492883713
2021,30,13,2,010201,01,0102,Sierra rural,3,211.57357531122966,634.720725933689,53190.07927186222,1477.5022019961727,472.1812406156527,229.79079978252088,0,0,No pobre,73335.74104008942
2022,249,11,3,010201,01,0102,Lima Metropolitana,4,1341.6406324576321,5366.562529830529,30598.939114301473,637.477898214614,436.47817949330727,241.0333248357148,0,0,No pobre,47820.09542614494
2022,426,15,3,040101,04,0401,Callao,4,1506.3283964497525,6025.31358579901,40301.16022617861,839.6075047120544,462.69371517152666,264.56971784282314,0,0,No pobre,31876.472311360874
2022,33,10,4,130101,13,1301,Lima Metropolitana,5,638.0724110343463,3190.3620551717313,37364.28730186292,622.7381216977153,420.94601641851864,236.28984854679402,0,0,No pobre,37403.14580792383
2023,458,9,2,210101,21,2101,Sierra urbana,5,1184.612018785371,5923.060093926855,30417.91350280205,506.9652250467008,388.6744191347948,217.6014845904824,0,0,No pobre,156466.51394814902
2025,229,9,4,150101,15,1501,Costa urbana,5,213.1185245148861,1065.5926225744306,31553.7394268425,525.8956571140417,479.41485895291095,226.67042746186542,0,0,No pobre,168051.58286113662
2025,12,1,4,210101,21,2101,Selva rural,3,1924.0851982197491,5772.255594659247,9901.78604969488,275.04961249152444,396.56315208265727,226.2877440316948,1,0,Pobre no extremo,32138.82473326639
2021,118,17,4,250101,25,2501,Callao,4,308.8574492684204,1235.4297970736816,14970.960451465757,311.8950094055366,405.1510039258989,250.03022952915083,1,0,Pobre no extremo,17543.306928251935
2021,350,12,2,130101,13,1301,Selva urbana,1,228.38401868879185,228.38401868879185,133195.75025851297,11099.64585487608,396.31033894248395,220.7284511322018,0,0,No pobre,136322.03205040906
2022,155,10,3,150101,15,1501,Costa urbana,2,183.80930303977618,367.61860607955236,49294.70343764378,2053.945976568491,413.7479517978745,251.1202004432276,0,0,No pobre,96503.62972255159
2021,423,5,1,250101,25,2501,Costa urbana,5,911.8166223563701,4559.083111781851,69880.55471466042,1164.675911911007,408.92801337263387,262.2469898320708,0,0,No pobre,47093.906645064926
2023,393,18,3,200101,20,2001,Sierra rural,1,284.6035125686611,284.6035125686611,19715.597724035353,1642.966477002946,440.1102248549235,223.52511081995982,0,0,No pobre,14528.925181865223
2025,246,15,2,040101,04,0401,Selva urbana,4,1514.831657815593,6059.326631262372,28894.990526295533,601.9789692978236,479.64600144192843,209.47387701720385,0,0,No pobre,7099.770520122331
2022,405,6,3,010201,01,0102,Costa rural,5,1807.8609051901708,9039.304525950854,43218.533192511146,720.3088865418524,385.25090554855683,244.69880456780498,0,0,No pobre,81016.90616588267
2021,332,7,3,040101,04,0401,Costa urbana,3,594.4159714172284,1783.2479142516854,79629.24673111654,2211.923520308793,457.8443113293322,225.2598127266796,0,0,No pobre,21802.846028950615
2023,247,17,1,210101,21,2101,Selva urbana,1,1294.6689265776579,1294.6689265776579,23450.020849810993,1954.168404150916,392.79919244064865,237.37903170012046,0,0,No pobre,21240.034940802634
2023,29,6,3,150101,15,1501,Lima Metropolitana,5,180.44304932245376,902.2152466122689,41330.69029250911,688.8448382084852,381.98350246322155,244.39159422877276,0,0,No pobre,58189.92919786257
2021,161,8,3,250101,25,2501,Costa urbana,6,834.4724962163112,5006.834977297867,51002.358237577086,708.3660866330151,443.85768201156947,228.54200608426382,0,0,No pobre,22106.157592341046
2025,235,12,3,050101,05,0501,Sierra rural,5,656.5900155126839,3282.950077563419,62406.119925022096,1040.1019987503682,467.33152288693674,264.72861162530523,0,0,No pobre,23051.939584692205
2021,190,14,4,250101,25,2501,Sierra rural,4,534.3762832366817,2137.505132946727,22438.467493831806,467.4680727881626,397.6298506648395,227.97302579193305,0,0,No pobre,18430.088433233035
2022,117,12,2,040101,04,0401,Costa rural,3,1324.9746302945282,3974.9238908835846,85267.71597978187,2368.547666105052,414.16137846419474,221.51620290680202,0,0,No pobre,73806.07609380549
2021,271,10,2,010201,01,0102,Sierra rural,1,347.433098081219,347.433098081219,7478.501656692081,623.2084713910068,396.8750204223077,261.9972654769221,0,0,No pobre,14181.980789215364
2023,258,15,1,050101,05,0501,Callao,4,1735.349994264278,6941.399977057112,9734.783434051093,202.80798820939776,470.6507569302917,209.54112063980668,1,1,Pobre extremo,8327.164961650413
2021,180,7,4,210101,21,2101,Selva urbana,3,1363.1882221005958,4089.5646663017874,41464.563632443416,1151.7934342345393,407.03604324181225,208.69462501499132,0,0,No pobre,14039.615872763898
2025,487,9,4,050101,05,0501,Selva rural,6,1450.3968395073102,8702.381037043862,40492.054472322765,562.3896454489272,424.4712891406102,265.4988745323938,0,0,No pobre,153301.71995675858
2024,373,10,3,130101,13,1301,Sierra rural,4,1877.1541864495696,7508.616745798278,21775.64455390563,453.6592615397006,469.4741276283078,214.62778898766143,1,0,Pobre no extremo,20324.276656983224
2021,172,10,2,200101,20,2001,Selva rural,4,1890.5084558547778,7562.033823419111,18068.845545451004,376.43428219689594,435.2869203762672,210.39061825372482,1,0,Pobre no extremo,59392.798608529294
2025,438,16,1,010201,01,0102,Costa rural,5,1148.139415256548,5740.69707628274,18286.969687590503,304.7828281265084,473.28498007687057,237.4617812813684,1,0,Pobre no extremo,26666.261821288237
2025,274,7,4,040101,04,0401,Lima Metropolitana,5,1041.2216528433628,5206.108264216814,11978.35072958078,199.63917882634632,472.6450414647039,203.27519263472084,1,1,Pobre extremo,29816.445245424336
2023,259,5,3,150101,15,1501,Sierra urbana,4,737.2250556311292,2948.9002225245167,25836.76952005122,538.2660316677337,426.1601019893721,243.4010500509292,0,0,No pobre,143518.11479099153
2025,135,3,1,150132,15,1501,Costa urbana,6,1459.5860593846899,8757.516356308139,6631.304546718667,92.10145203775926,438.23826127333706,231.70515588373453,1,1,Pobre extremo,41214.84088311794
2025,171,18,4,050101,05,0501,Callao,7,1122.5968852616445,7858.178196831512,74519.1725616431,887.1330066862274,403.0314273712937,244.82883750903133,0,0,No pobre,192367.52887719142
2025,210,11,1,010101,01,0101,Costa urbana,6,1872.4626515062369,11234.77590903742,37937.20832478019,526.9056711775027,479.0535818801163,219.87558324729252,0,0,No pobre,252450.80165289965
2025,236,15,4,150132,15,1501,Selva urbana,5,553.3893025539502,2766.946512769751,86197.0411848669,1436.617353081115,407.8316660411795,263.3830550044259,0,0,No pobre,177049.01513199112
2022,422,5,1,210101,21,2101,Costa rural,5,689.4801038759324,3447.400519379662,31099.26475866227,518.3210793110378,458.3306987980951,218.9406498907742,0,0,No pobre,21593.673469768884
2022,421,12,4,010101,01,0101,Costa rural,4,700.5718500979406,2802.2874003917623,26017.98187462239,542.0412890546331,411.2969060155226,244.62952798800023,0,0,No pobre,43304.58051875106
2023,186,4,4,010101,01,0101,Costa rural,2,1631.3970636577433,3262.7941273154865,30118.656239272073,1254.9440099696697,411.3042262089785,266.1564295439337,0,0,No pobre,159994.6776335604
2021,417,15,1,010101,01,0101,Costa urbana,3,288.1766305000894,864.5298915002681,14334.463196604907,398.1795332390252,390.38629267009463,228.0566501838898,0,0,No pobre,80522.55547875052
2025,364,9,4,250101,25,2501,Sierra rural,1,965.7333298790614,965.7333298790614,8785.819482345989,732.1516235288324,435.98958107965797,211.29985698049916,0,0,No pobre,116311.30184112888
2021,443,7,4,150132,15,1501,Costa urbana,2,912.4034002487899,1824.8068004975798,11091.597072795601,462.14987803315006,404.4832338128209,204.78677331382838,0,0,No pobre,126752.41324781433
2021,95,10,4,210101,21,2101,Costa urbana,3,238.96527992614133,716.895839778424,18330.612100334005,509.18366945372236,394.83947577576185,267.41125977653246,0,0,No pobre,133720.2407914867
2023,378,13,1,040101,04,0401,Costa urbana,2,880.5142972342596,1761.0285944685193,12148.80701409807,506.20029225408626,402.66666945167333,253.45910401957573,0,0,No pobre,13615.376077950285
2025,11,8,1,200101,20,2001,Lima Metropolitana,6,1075.4181682395645,6452.509009437386,90567.1082918936,1257.8765040540777,405.109315706403,264.3266442049549,0,0,No pobre,34497.63670797166
2025,68,12,4,210101,21,2101,Lima Metropolitana,5,223.69891575933516,1118.4945787966758,14259.339229456124,237.65565382426874,430.4083456119486,248.9183137211868,1,1,Pobre extremo,19122.24180036035
2024,379,19,4,040101,04,0401,Sierra rural,2,1068.738044044868,2137.476088089736,38340.52072467114,1597.5216968612976,418.59230365555624,223.97139529325497,0,0,No pobre,32475.356324106433
2021,210,1,1,040101,04,0401,Sierra urbana,3,1922.5520188984622,5767.656056695387,45520.80478516075,1264.4667995877985,387.549028102196,208.6111610188366,0,0,No pobre,45097.34062454462
2021,196,16,3,010101,01,0101,Selva urbana,5,1959.9372140069113,9799.686070034557,81936.07895404953,1365.6013159008255,433.6028582895861,265.05148014925004,0,0,No pobre,40453.18553692294
2022,369,17,4,010201,01,0102,Sierra urbana,5,1110.1915793206413,5550.957896603206,49686.853402644796,828.1142233774133,458.77474515887644,234.27333308916587,0,0,No pobre,20222.889610578884
2024,98,18,3,150132,15,1501,Sierra urbana,6,1078.684171945622,6472.105031673732,23014.59685985044,319.6471786090339,437.4235160893995,227.7556297394336,1,0,Pobre no extremo,10275.784040929451
2022,93,11,1,040101,04,0401,Costa urbana,7,642.4655161911437,4497.258613338006,124913.13821456327,1487.0611692209914,477.4540252251771,240.44544428673862,0,0,No pobre,7939.407726078822
2022,472,18,4,150132,15,1501,Callao,7,1994.519396252993,13961.635773770951,8781.386362698899,104.54031384165356,389.91502081444713,207.45915250017484,1,1,Pobre extremo,226811.7110491749
2022,22,7,3,130101,13,1301,Sierra urbana,3,621.0354249479294,1863.1062748437882,11544.11536904892,320.66987136246996,462.11523367581094,221.64426735621387,1,0,Pobre no extremo,125782.55749595653
2023,450,18,1,250101,25,2501,Costa urbana,3,960.512470835917,2881.537412507751,32791.643920889925,910.8789978024979,430.5692669897333,244.6513274968717,0,0,No pobre,51228.05532432196
2023,172,8,3,200101,20,2001,Costa urbana,5,105.5747098250854,527.8735491254271,29065.00257566532,484.416709594422,432.1595177545228,207.00860624500086,0,0,No pobre,2087.1726218879517
2022,383,6,2,130101,13,1301,Selva urbana,3,763.54135272736,2290.6240581820803,56129.31620992746,1559.147672497985,431.9099934649548,209.46699312754188,0,0,No pobre,16005.073108392158
2024,134,7,1,040101,04,0401,Costa rural,5,235.7365711567654,1178.6828557838269,31085.49978173471,518.0916630289119,412.53188279076386,235.7411504863739,0,0,No pobre,59980.840114395534
2021,426,10,2,210101,21,2101,Costa urbana,4,1513.2670637317513,6053.068254927005,37501.313504372156,781.2773646744199,412.4555014240253,243.64199872207638,0,0,No pobre,84765.78336126804
2024,25,11,1,150132,15,1501,Lima Metropolitana,5,1165.9274607568714,5829.637303784357,65943.2444816591,1099.0540746943184,443.1844506642476,213.09011940556536,0,0,No pobre,26639.173263582714
2025,185,13,1,130101,13,1301,Sierra urbana,3,1187.1265668465473,3561.379700539642,30537.05794410562,848.2516095584895,384.47650853831163,202.31592441188442,0,0,No pobre,63355.829546309316
2023,85,9,4,150132,15,1501,Selva urbana,4,644.3714432094357,2577.485772837743,49594.46869897796,1033.218097895374,438.8786045301803,267.08568249367295,0,0,No pobre,33076.78599314853
2021,55,7,2,250101,25,2501,Selva rural,4,1648.3029514806499,6593.2118059225995,13628.564326040207,283.928423459171,452.4590718210915,201.92448605177898,1,0,Pobre no extremo,113120.33415161225
2021,251,9,2,210101,21,2101,Selva rural,6,106.21475812937533,637.2885487762519,14462.265665198434,200.8648009055338,415.6326293475418,200.14364290644488,1,0,Pobre no extremo,35005.463885084115
2025,144,13,2,130101,13,1301,Selva rural,3,733.8422404119649,2201.526721235895,59452.40041093224,1651.45556697034,401.7356939459633,222.63383981797398,0,0,No pobre,33837.41352159618
2025,351,3,1,150132,15,1501,Sierra urbana,6,1353.0452318718487,8118.271391231092,29999.027031635127,416.65315321715457,401.3386912722904,215.5717218142898,0,0,No pobre,22053.192992861594
2022,398,3,2,210101,21,2101,Costa rural,5,1825.0528210921498,9125.264105460748,31331.047014268377,522.184116904473,388.1839653344566,240.15104534687475,0,0,No pobre,77330.27763621349
2023,167,1,2,010101,01,0101,Sierra rural,5,545.7703181579428,2728.851590789714,14412.381711546113,240.2063618591019,388.9719319206408,262.5946213788756,1,1,Pobre extremo,55068.82146718047
2023,412,2,4,050101,05,0501,Callao,5,1128.0900982820942,5640.450491410471,18623.487037940515,310.3914506323419,396.6687868194593,233.677537070752,1,0,Pobre no extremo,11422.767685098022
2024,224,3,3,010101,01,0101,Costa rural,4,1122.18369901331,4488.73479605324,34823.030456408305,725.4798011751731,381.9172905053087,254.13108461718795,0,0,No pobre,53535.217787741574
2022,220,15,3,200101,20,2001,Callao,3,1760.9313011830297,5282.793903549089,20517.027511494063,569.9174308748351,406.6235407524184,263.6458926935265,0,0,No pobre,43776.6477494933
2022,179,6,2,040101,04,0401,Selva urbana,2,195.98209016370046,391.9641803274009,12385.087813644177,516.0453255685073,410.640182924796,213.25797575243453,0,0,No pobre,95184.47249747487
2022,119,13,2,010201,01,0102,Costa rural,6,906.5035660343439,5439.021396206063,12515.333751939881,173.82407988805392,479.5221253356131,234.18176202854042,1,1,Pobre extremo,33195.567514190894
2022,433,1,2,050101,05,0501,Selva rural,5,446.6847821046699,2233.4239105233496,15159.787368987878,252.66312281646464,479.1687737656125,244.94489997191107,1,0,Pobre no extremo,13712.451632918524
2023,265,19,2,040101,04,0401,Costa rural,3,140.9119405673363,422.73582170200893,19829.990543718442,550.8330706588456,398.7048846837085,223.2318266544241,0,0,No pobre,23117.732519030593
2023,442,1,3,130101,13,1301,Selva urbana,4,379.35878698891736,1517.4351479556694,20976.041262415893,437.00085963366445,401.30321580969246,251.78264776918977,0,0,No pobre,227361.93367686865
2022,429,2,4,200101,20,2001,Selva urbana,3,1955.2942784115783,5865.882835234735,110363.97870330409,3065.6660750917804,429.1906370560433,249.37204826552775,0,0,No pobre,29359.003695671272
2024,150,15,1,250101,25,2501,Selva rural,2,508.21216808850903,1016.4243361770181,61806.07346065244,2575.2530608605184,394.87843337377103,229.47659989059937,0,0,No pobre,102058.57217608255
2021,416,14,2,200101,20,2001,Lima Metropolitana,4,1876.55846933802,7506.23387735208,35144.655110069565,732.1803147931159,430.40394081581917,206.1567627397123,0,0,No pobre,9224.495607975177
2021,453,19,2,150132,15,1501,Sierra urbana,3,489.9832509987892,1469.9497529963676,143796.26802346762,3994.340778429656,419.9389704805074,200.80981484378057,0,0,No pobre,53957.39607448999
2024,215,11,3,200101,20,2001,Callao,2,1869.4609320305206,3738.921864061041,24246.1094017331,1010.2545584055459,412.46228910498724,225.85446935125952,0,0,No pobre,7837.2334053910345
2022,197,15,2,130101,13,1301,Costa urbana,4,1343.7797768805974,5375.11910752239,41271.84556120625,859.8301158584636,462.26051708097754,205.74481915823188,0,0,No pobre,38956.086125527334
2023,42,6,4,250101,25,2501,Sierra rural,4,315.11529725366086,1260.4611890146434,36168.0816950539,753.5017019802896,462.81176999930574,254.71371102457826,0,0,No pobre,17319.228169057194
2021,53,9,4,250101,25,2501,Sierra rural,1,1205.6387947404978,1205.6387947404978,41162.830911300465,3430.235909275039,478.7889466983727,223.40280482882866,0,0,No pobre,14407.514297288097
2025,480,5,2,150101,15,1501,Selva rural,3,705.1766713265293,2115.530013979588,13717.397923724066,381.0388312145574,402.30881140815825,246.62687930541878,1,0,Pobre no extremo,12797.544533333677
2025,443,2,3,200101,20,2001,Lima Metropolitana,3,827.9909963583334,2483.9729890750004,20455.4817323109,568.2078258975249,468.8277497143746,224.2465291110321,0,0,No pobre,29324.17688262108
2024,330,6,2,010101,01,0101,Sierra rural,1,936.3248198864488,936.3248198864488,12959.977979995003,1079.9981649995837,433.7845929673931,255.71568917796128,0,0,No pobre,5428.92908668908
2022,251,18,2,150101,15,1501,Costa rural,2,903.1433428076356,1806.2866856152712,38827.80302843647,1617.825126184853,439.1459431332352,262.18887476338466,0,0,No pobre,8610.699626240084
2021,295,19,3,150101,15,1501,Selva urbana,2,1361.806891917755,2723.61378383551,26983.873199335307,1124.3280499723044,469.62932143325264,258.6259904483918,0,0,No pobre,39879.95004040619
2022,378,9,4,130101,13,1301,Callao,2,1559.89933032245,3119.7986606449,4944.583696845186,206.02432070188274,474.263079637832,233.91314947858973,1,1,Pobre extremo,6328.8936153208315
2021,271,6,1,050101,05,0501,Lima Metropolitana,5,725.4376094821306,3627.188047410653,42710.36787738229,711.8394646230382,452.6811257700637,205.87661276088744,0,0,No pobre,7929.727134483634
2024,455,14,2,010101,01,0101,Selva urbana,3,1856.2915272028106,5568.874581608432,32697.7912515439,908.2719792095527,414.7842431935124,226.01977740554005,0,0,No pobre,216785.25109276516
2024,413,13,4,250101,25,2501,Selva rural,2,1883.0859966358653,3766.1719932717306,124717.28628595705,5196.5535952482105,428.96679896685055,229.71191962935578,0,0,No pobre,174771.18592266485
2025,123,11,2,200101,20,2001,Selva urbana,2,177.31183058717247,354.62366117434493,61964.201391915405,2581.841724663142,441.505386405411,267.2177807599812,0,0,No pobre,15796.09876051278
2022,367,12,1,150101,15,1501,Callao,3,128.32669887773514,384.98009663320545,73244.10671167148,2034.5585197686523,462.86400389860967,239.5848113644967,0,0,No pobre,50467.22348203372
2025,387,19,3,040101,04,0401,Costa urbana,5,907.6260272870159,4538.130136435079,9740.45565516058,162.34092758600966,445.79477053775554,244.8592363027509,1,1,Pobre extremo,15930.452614355794
2022,339,19,4,040101,04,0401,Selva urbana,3,1222.2259768765512,3666.6779306296535,73600.11650197479,2044.4476806104108,416.5447616687623,254.74025067014517,0,0,No pobre,16618.3570386409
2025,266,19,1,150101,15,1501,Selva urbana,2,628.0190201589171,1256.0380403178342,22574.884155717955,940.6201731549148,421.78804513602944,239.77417270472372,0,0,No pobre,1578.7327192764535
2023,348,13,2,150132,15,1501,Lima Metropolitana,3,592.8861270629712,1778.6583811889136,14433.0289067914,400.91746963309447,385.04377020392747,241.89392264279334,0,0,No pobre,167501.149672379
2023,29,14,1,200101,20,2001,Callao,4,1388.8342764474623,5555.337105789849,3258.834056112148,67.89237616900309,472.4267860437136,217.17294581342236,1,1,Pobre extremo,63232.09909759155
2023,463,18,4,130101,13,1301,Costa rural,1,1243.2381408455826,1243.2381408455826,87731.23094280573,7310.935911900478,388.81190133294933,204.1206625292893,0,0,No pobre,76298.87366630306
2023,35,12,3,250101,25,2501,Sierra urbana,4,417.57906248690836,1670.3162499476334,20824.471306065137,433.84315220969034,437.9930790685545,250.4970115376325,1,0,Pobre no extremo,61842.56757175885
2021,6,4,2,150101,15,1501,Sierra rural,3,1780.5518302038017,5341.655490611405,24100.861695931253,669.4683804425348,467.16518812388216,259.4079288148098,0,0,No pobre,29758.189644923143
2023,396,10,3,010101,01,0101,Costa rural,1,1391.9545333060328,1391.9545333060328,35915.821262225545,2992.985105185462,422.08652495150073,228.84001283275725,0,0,No pobre,22343.780776479234
2024,111,17,3,150101,15,1501,Costa rural,4,788.8948734211158,3155.579493684463,143784.3407225544,2995.50709838655,460.01254875113716,238.42401172737468,0,0,No pobre,35080.73829617236
2024,294,4,1,210101,21,2101,Costa rural,5,1398.886910983185,6994.434554915925,21954.94606250701,365.9157677084502,460.3816079636295,221.50996591349926,1,0,Pobre no extremo,157264.41468843466
2021,77,12,1,250101,25,2501,Sierra rural,4,314.0408648588503,1256.1634594354011,26532.098742685142,552.7520571392738,385.98460385862467,231.51544154260142,0,0,No pobre,37162.8624764572
2023,349,13,4,050101,05,0501,Selva rural,3,989.6866366907066,2969.0599100721197,64330.176354718315,1786.94934318662,421.2143725730722,214.62228083865185,0,0,No pobre,252987.74110936827
2023,147,4,4,250101,25,2501,Costa rural,4,421.0703781631627,1684.2815126526507,20927.030380634915,435.9797995965607,449.10254866870434,253.19207656734727,1,0,Pobre no extremo,16698.418302071623
2023,67,10,3,010101,01,0101,Sierra urbana,3,178.7193676440296,536.1581029320888,12732.312734615203,353.6753537393112,422.2353509068883,234.43382514425667,1,0,Pobre no extremo,8184.279658705929
2025,392,3,4,210101,21,2101,Selva rural,5,742.8199135477695,3714.0995677388473,3753.578524173972,62.559642069566195,434.5167248179356,238.3009587247755,1,1,Pobre extremo,14444.332551545529
2022,8,15,3,050101,05,0501,Selva urbana,4,386.3974186134882,1545.5896744539527,89559.24648452624,1865.8176350942967,439.445790460664,202.59616547828563,0,0,No pobre,30948.552291405827
2025,122,2,2,010201,01,0102,Sierra urbana,2,1303.684118212267,2607.368236424534,33351.415543333474,1389.6423143055615,395.1229376731242,243.5678874605343,0,0,No pobre,145625.06005429843
2022,340,17,3,010101,01,0101,Lima Metropolitana,4,1380.7289986336496,5522.915994534598,43978.31558500537,916.2149080209452,421.198120614853,214.18590684054527,0,0,No pobre,22365.9753373615
2023,175,6,4,040101,04,0401,Callao,4,382.51538183054635,1530.0615273221854,17369.0320386868,361.85483413930837,382.8463221683566,226.83762510554104,1,0,Pobre no extremo,8450.124789391444
2023,388,8,4,150132,15,1501,Selva rural,3,146.7647106465099,440.29413193952973,49601.15580373257,1377.8098834370157,394.96260831953447,228.89009900670894,0,0,No pobre,36792.113556642136
2025,179,3,3,250101,25,2501,Selva urbana,6,1606.3400671068048,9638.040402640829,15908.093291208228,220.94574015566982,431.2254063376499,231.41128182416634,1,1,Pobre extremo,123228.8650732217
2025,85,18,1,010201,01,0102,Selva urbana,5,103.90833938426834,519.5416969213418,31144.830207005016,519.0805034500836,437.358599793881,215.92054723803344,0,0,No pobre,36154.113777124454
2022,451,1,3,210101,21,2101,Costa rural,2,753.4348694491986,1506.8697388983971,29644.25312243711,1235.1772134348796,394.62344065916625,259.50771573009484,0,0,No pobre,44432.435960405375
2024,45,16,3,010201,01,0102,Costa rural,6,1039.7082662867726,6238.249597720636,74339.96040776216,1032.499450107808,455.56192702124207,229.94951054932358,0,0,No pobre,35346.58220757728
2022,136,7,1,130101,13,1301,Sierra rural,3,1655.4201582230223,4966.260474669067,48161.05495334296,1337.8070820373043,417.2987887870993,242.84941205357828,0,0,No pobre,29420.21146291501
2025,343,3,2,200101,20,2001,Costa urbana,5,1693.2614212176672,8466.307106088336,15307.726762060673,255.12877936767788,472.06499288276717,242.97562819856412,1,0,Pobre no extremo,400388.3064023242
2025,16,4,1,250101,25,2501,Sierra urbana,5,1477.3849371598653,7386.924685799327,46219.06540353737,770.3177567256228,418.76627233054063,242.48892720949556,0,0,No pobre,135081.15787536316
2021,333,9,4,200101,20,2001,Sierra rural,4,569.675482825806,2278.701931303224,19333.432030276697,402.77983396409786,394.98109764326045,239.15226062647181,0,0,No pobre,236549.07183193896
2025,195,5,1,040101,04,0401,Sierra rural,3,1468.3551752064245,4405.065525619273,12951.855683535201,359.77376898708894,455.79704586807577,257.5838023785352,1,0,Pobre no extremo,649995.5832780246
2021,496,19,4,010201,01,0102,Sierra urbana,6,568.4244759661892,3410.5468557971353,44173.55955118189,613.5216604330818,436.7800800439329,256.88324696230325,0,0,No pobre,131458.35542638187
2024,9,15,4,210101,21,2101,Callao,3,507.7555642902331,1523.2666928706994,32035.251859553104,889.8681072098084,418.66881682441556,229.20012008234013,0,0,No pobre,22681.415374214055
2022,316,8,3,040101,04,0401,Selva rural,3,1139.5431130380116,3418.629339114035,9169.729230695893,254.7147008526637,415.5957163432262,244.5092233691435,1,0,Pobre no extremo,87812.11989068471
2022,334,6,3,200101,20,2001,Lima Metropolitana,3,1389.823443284719,4169.470329854157,16921.10153492579,470.0305981923831,395.0768973557271,207.19804711686808,0,0,No pobre,245536.59213258108
2021,333,18,2,010201,01,0102,Sierra urbana,6,200.79835523219313,1204.7901313931588,52620.90655736307,730.8459244078205,414.0834627466011,206.35408747878452,0,0,No pobre,61928.81533684729
2022,327,19,4,040101,04,0401,Selva urbana,6,214.04294213675604,1284.2576528205364,38185.20664203083,530.3500922504282,382.9344140978335,233.59414838648834,0,0,No pobre,25716.694459066955
2025,15,15,3,010101,01,0101,Lima Metropolitana,3,1589.9243049519007,4769.772914855702,39653.760878943984,1101.493357748444,430.24019140757713,263.0142816524215,0,0,No pobre,143447.0077896722
2023,327,7,4,150101,15,1501,Callao,6,1733.0447768344116,10398.26866100647,141606.29131666143,1966.7540460647422,469.6723741813736,245.49997917665868,0,0,No pobre,10161.020875361895
2021,102,10,2,150132,15,1501,Costa urbana,3,1248.4377410495986,3745.3132231487957,65933.31081348978,1831.4808559302717,459.5330796215327,246.8451495853316,0,0,No pobre,41833.527783856545
2022,226,6,4,050101,05,0501,Callao,7,914.7732184430834,6403.4125291015835,24218.989490345542,288.32130345649455,382.85211972042146,211.03713184556509,1,0,Pobre no extremo,77563.54965454232
2021,425,14,2,010101,01,0101,Selva rural,4,1706.1013112384533,6824.405244953813,18703.158752668693,389.6491406805978,468.12603262682325,231.7313110988187,1,0,Pobre no extremo,32608.208525025908
2021,278,17,2,040101,04,0401,Costa rural,1,1484.7523622731273,1484.7523622731273,14586.956042331056,1215.5796701942547,425.23248288825533,228.05536614891454,0,0,No pobre,67880.38730389613
2023,408,9,2,210101,21,2101,Costa urbana,1,1201.2289770194102,1201.2289770194102,17786.507965671888,1482.208997139324,399.08914654154944,254.80848427279352,0,0,No pobre,69738.59371662466
2025,113,19,3,130101,13,1301,Costa urbana,2,707.5385317026504,1415.0770634053008,6379.0349644263615,265.7931235177651,455.2411955215387,209.64768677405877,1,0,Pobre no extremo,63580.28057021916
2021,485,5,1,150101,15,1501,Callao,2,476.19061714795083,952.3812342959017,9004.805745453272,375.2002393938863,412.2873550177046,237.7433705131563,1,0,Pobre no extremo,30077.174576440593
2022,428,7,1,050101,05,0501,Costa rural,5,895.4787746158797,4477.393873079399,48629.47383365638,810.4912305609397,405.3318423136853,263.7946051784196,0,0,No pobre,24272.100744689957
2024,1,19,3,010101,01,0101,Costa urbana,3,644.962894324402,1934.888682973206,107076.60993199164,2974.3502758886566,396.1318406781548,262.47219227566785,0,0,No pobre,32357.96590704243
2021,266,7,4,130101,13,1301,Selva rural,7,744.5913166954758,5212.139216868331,28274.31992875768,336.59904677092476,428.66219069002227,259.6635976823404,1,0,Pobre no extremo,9212.41000544289
2021,491,2,3,130101,13,1301,Selva rural,4,1079.6990050928616,4318.7960203714465,14294.64709898829,297.80514789558936,389.33939995494455,226.24897190554682,1,0,Pobre no extremo,143799.61394543824
2023,208,16,4,130101,13,1301,Selva rural,4,421.2785182080586,1685.1140728322343,1256.3452158684697,26.173858663926453,458.56131291137865,265.87704834585406,1,1,Pobre extremo,62389.452745129085
2025,110,13,2,150101,15,1501,Sierra rural,3,1631.7356921402684,4895.207076420806,124676.33712951862,3463.231586931073,427.0674576666411,256.37103560615606,0,0,No pobre,42984.14270452324
2024,200,8,3,010201,01,0102,Sierra rural,6,376.5059772580581,2259.035863548349,8065.328571524754,112.01845238228825,424.69764168189204,259.57989234686323,1,1,Pobre extremo,18445.756766633946
2022,440,6,1,010101,01,0101,Selva rural,4,1013.8879148998096,4055.5516595992385,7151.6706397612215,148.99313832835878,380.1853956481521,265.2647656027491,1,1,Pobre extremo,41310.96069888335
2024,369,6,4,010201,01,0102,Costa rural,6,1517.3455423528296,9104.073254116978,20584.505346417896,285.89590758913744,461.78638603085614,265.59008859298564,1,0,Pobre no extremo,40487.578965667606
2022,473,9,3,250101,25,2501,Costa rural,7,1021.5393446102329,7150.775412271631,25897.628539687055,308.3051016629411,429.28370590382536,216.80454742819936,1,0,Pobre no extremo,23493.071006453232
2025,306,4,3,150101,15,1501,Sierra urbana,2,785.9419208184137,1571.8838416368274,27155.280548713938,1131.4700228630807,423.9894519801348,208.93813982440167,0,0,No pobre,103786.63194430352
2022,12,11,4,130101,13,1301,Sierra urbana,2,1002.2934810632269,2004.5869621264537,12463.412041023408,519.308835042642,456.13848852843904,248.36124604999208,0,0,No pobre,11725.466309238514
2023,345,5,2,130101,13,1301,Callao,5,1712.4743278608669,8562.371639304334,39110.333358579475,651.8388893096579,386.2898549100761,239.42497696459998,0,0,No pobre,14609.750572169656
2023,465,17,2,150101,15,1501,Selva rural,6,1981.8202267395195,11890.921360437118,16821.458612953727,233.63136962435732,416.6680456095204,222.91985539423524,1,0,Pobre no extremo,110365.22788684635
2023,188,7,2,250101,25,2501,Lima Metropolitana,4,1299.1722496499276,5196.68899859971,17201.296994016266,358.36035404200555,437.57339575537566,247.9114654743911,1,0,Pobre no extremo,163427.1719677763
2023,154,15,2,150132,15,1501,Costa urbana,3,1607.5436810325314,4822.631043097594,20934.583511859928,581.5162086627757,426.05775627391876,204.33978141211452,0,0,No pobre,48001.96804691837
2024,494,15,4,210101,21,2101,Costa urbana,4,127.52850370264846,510.11401481059386,14629.233142557065,304.77569046993887,398.16388898779746,203.30458215471185,1,0,Pobre no extremo,13531.542310403216
2025,368,14,1,150132,15,1501,Costa rural,3,1772.692378096688,5318.077134290063,8700.531206354473,241.68142239873538,409.9276507680312,224.8017408941232,1,0,Pobre no extremo,136254.6105012822
2022,334,13,3,010201,01,0102,Lima Metropolitana,3,1912.6945438630446,5738.083631589134,9227.027129359818,256.3063091488838,410.0200557647633,213.56926364025125,1,0,Pobre no extremo,44870.11549388719
2022,425,11,3,150101,15,1501,Costa urbana,4,1192.821749339384,4771.286997357536,9950.358808194875,207.29914183739322,479.1970802765227,250.29892355163042,1,1,Pobre extremo,41074.746927178494
2023,420,13,2,210101,21,2101,Callao,3,1532.2292379144176,4596.687713743253,40557.25375346802,1126.5903820407784,412.6197118806649,266.36152865357343,0,0,No pobre,170207.89582367937
2023,377,9,4,150132,15,1501,Selva urbana,4,1074.2150116241423,4296.860046496569,38530.5539204324,802.7198733423417,400.5182062542299,246.3139189579238,0,0,No pobre,83683.42942657437
2021,279,10,1,010201,01,0102,Sierra rural,7,643.7871068656204,4506.509748059343,21123.031477059903,251.46466044118932,462.2637153104146,245.83490569892948,1,0,Pobre no extremo,25127.796428817557
2025,171,4,1,040101,04,0401,Costa urbana,5,1719.2711467677243,8596.355733838622,22088.397822014707,368.1399637002451,422.1171255003609,200.46169013937083,1,0,Pobre no extremo,7551.737346940831
2024,134,17,3,200101,20,2001,Costa urbana,6,1233.9897527922894,7403.938516753737,76940.29313862974,1068.6151824809685,424.38636944870507,235.8593880207241,0,0,No pobre,26482.67283775929
2022,495,14,2,210101,21,2101,Sierra urbana,5,1200.8278592036734,6004.139296018367,42735.58982329877,712.2598303883128,434.88890634957374,257.19709241226116,0,0,No pobre,58329.06850956096
2021,453,18,3,050101,05,0501,Selva urbana,3,1352.3511872982922,4057.0535618948766,110017.73314211084,3056.0481428364124,439.5689197262512,245.78842557366124,0,0,No pobre,68700.25883704577
2021,427,11,3,210101,21,2101,Costa urbana,5,1726.4060150748119,8632.03007537406,16001.210992126278,266.6868498687713,439.05556004103397,215.9447669254184,1,0,Pobre no extremo,10657.099729041889
2022,25,16,1,010201,01,0102,Sierra rural,6,1490.6216389648323,8943.729833788993,9428.94889589824,130.95762355414223,383.4499722411044,259.39326738990405,1,1,Pobre extremo,18970.578869766498
2024,18,1,4,130101,13,1301,Callao,6,501.135969009916,3006.815814059496,65987.05716764176,916.4869051061355,461.8842432897953,267.50637069506274,0,0,No pobre,1891.8995058346288
2021,190,7,1,010201,01,0102,Costa urbana,4,986.9647343739072,3947.8589374956287,26409.8030255686,550.2042296993458,399.4852819074838,219.52949932501892,0,0,No pobre,51348.95994505003
2021,141,10,3,010101,01,0101,Costa rural,3,1962.5668307737917,5887.700492321375,13061.778720974864,362.8271866937462,409.2342127783861,214.49660395160646,1,0,Pobre no extremo,6541.412022985213
2025,43,9,2,130101,13,1301,Selva urbana,1,1153.6653561492717,1153.6653561492717,41769.37845748068,3480.78153812339,397.34295200206753,223.6968833256873,0,0,No pobre,22962.1678474737
2024,334,3,2,010201,01,0102,Costa urbana,2,1882.6661715945174,3765.332343189035,14263.873083481058,594.328045145044,456.7076657535878,204.42107987143697,0,0,No pobre,14799.498964577022
2021,284,14,4,150132,15,1501,Lima Metropolitana,7,1645.4020239948063,11517.814167963645,50015.90588991824,595.4274510704553,438.36579926254194,261.1402871160813,0,0,No pobre,71176.36077329559
2024,146,15,4,200101,20,2001,Selva urbana,4,1365.444539436642,5461.778157746568,41662.490886169915,867.9685601285399,455.5296152752051,265.0509636372737,0,0,No pobre,53310.458933358655
2022,315,2,4,010201,01,0102,Costa urbana,6,763.793885053535,4582.76331032121,21952.424940941415,304.89479084640857,445.33984054293006,244.3312127743191,1,0,Pobre no extremo,17435.982902368476
2023,444,14,3,150132,15,1501,Sierra rural,4,678.2067602983341,2712.8270411933363,5895.832286527991,122.82983930266647,390.4158634419402,253.50343689974122,1,1,Pobre extremo,42372.08428679647
2021,319,16,3,050101,05,0501,Callao,4,1322.500024065417,5290.000096261668,11721.178330649505,244.1912152218647,410.14997758510054,246.80554742046093,1,1,Pobre extremo,71360.17969900554
2025,441,7,4,010101,01,0101,Callao,1,921.8663576081805,921.8663576081805,105505.55513194855,8792.129594329046,430.72651595901215,226.41479605029085,0,0,No pobre,49201.466424871345
2022,92,4,2,040101,04,0401,Sierra rural,3,1617.6318833517817,4852.895650055345,129434.46488279487,3595.4018022998575,410.49450314313634,244.2429653437986,0,0,No pobre,1241.9539156549133
2024,179,18,2,010101,01,0101,Selva urbana,3,1544.867805126372,4634.603415379116,277598.09119014925,7711.058088615257,400.73039044061164,258.5424119612579,0,0,No pobre,365321.56658130983
2022,56,5,2,130101,13,1301,Selva rural,4,693.0479248031771,2772.1916992127085,38574.39564384616,803.6332425801284,466.98119690666,256.6935187165037,0,0,No pobre,62176.842006263156
2021,155,6,3,200101,20,2001,Sierra urbana,2,1435.1846878173478,2870.3693756346956,10086.14898029502,420.2562075122925,454.7783675215376,205.6740268491672,1,0,Pobre no extremo,111675.11593815949
2024,160,7,1,010101,01,0101,Sierra urbana,5,1039.6453611846496,5198.226805923248,89778.91239309536,1496.3152065515894,414.52200605541765,232.38206723801818,0,0,No pobre,17632.221226569287
2023,111,15,2,210101,21,2101,Costa rural,3,714.2549915465944,2142.7649746397833,21210.438135485507,589.1788370968196,456.50123626288985,227.8125024770075,0,0,No pobre,14273.060457404425
2022,137,1,2,040101,04,0401,Selva rural,5,884.636526252816,4423.18263126408,14558.197256563322,242.63662094272203,442.7538618445228,252.64061220459052,1,1,Pobre extremo,21370.31493072585
2021,232,4,2,130101,13,1301,Sierra urbana,2,1801.1685477032977,3602.3370954065954,36361.63899479616,1515.06829144984,380.3785733632397,235.09631576820482,0,0,No pobre,268376.37701568974
2025,480,1,4,210101,21,2101,Selva urbana,4,783.0836150328269,3132.3344601313074,148336.1321118973,3090.336085664527,418.0262026011635,224.47907759985938,0,0,No pobre,26426.419023362785
2024,468,11,3,130101,13,1301,Sierra urbana,3,646.0586193069703,1938.1758579209109,24470.456471615147,679.7349019893096,409.048749919433,249.4444832415241,0,0,No pobre,34075.33131677767
2022,220,18,4,210101,21,2101,Costa rural,5,768.4337193492619,3842.1685967463095,27318.008745189156,455.3001457531526,401.79086217058966,233.15049642351292,0,0,No pobre,232425.08970326712
2022,481,14,4,250101,25,2501,Costa urbana,3,507.7750287965142,1523.3250863895428,6775.488667258945,188.20801853497068,405.1589394070845,217.96368194270826,1,1,Pobre extremo,25313.241587358112
2023,68,11,1,200101,20,2001,Sierra urbana,4,1134.8064760530244,4539.225904212098,29642.880365581128,617.5600076162735,474.23648465755224,262.3291845827158,0,0,No pobre,36889.46890869908
2023,302,10,4,150132,15,1501,Selva urbana,6,380.1292290128112,2280.775374076867,48968.52121334301,680.1183501853196,428.63170679915373,207.9133493707136,0,0,No pobre,9646.098746075875
2025,249,17,1,010101,01,0101,Selva urbana,1,1653.1431942301413,1653.1431942301413,24862.602128296196,2071.88351069135,464.77087182241195,201.26613948198406,0,0,No pobre,253988.39557048687
2025,482,4,4,050101,05,0501,Costa rural,1,528.6024697666895,528.6024697666895,26578.39028990884,2214.8658574924034,401.42171521529826,210.07377228536276,0,0,No pobre,16996.26708994141
2021,496,15,2,210101,21,2101,Callao,5,1236.3045523253268,6181.522761626634,32945.955582593364,549.0992597098895,397.44037996459485,211.4550277448141,0,0,No pobre,30564.453147793447
2021,323,16,3,250101,25,2501,Lima Metropolitana,4,337.5484479477978,1350.1937917911912,10464.46492859164,218.00968601232583,468.878958831391,237.6629540033296,1,1,Pobre extremo,1283.8203053554826
2025,410,13,4,200101,20,2001,Costa rural,3,1959.06098160722,5877.1829448216595,3463.5547832896036,96.20985509137788,429.5704685782468,243.74058504459262,1,1,Pobre extremo,30619.38907999473
2025,392,9,1,050101,05,0501,Lima Metropolitana,4,963.6933718979295,3854.773487591718,24515.00443296512,510.72925902010667,469.5152125312413,231.40277938411595,0,0,No pobre,33618.024748469965
2024,6,11,3,010101,01,0101,Sierra rural,1,1662.1255474417476,1662.1255474417476,21959.243930232315,1829.9369941860261,386.3028852871275,214.2919871695283,0,0,No pobre,23943.67707736139
2023,464,11,1,250101,25,2501,Sierra rural,2,1560.430887734969,3120.861775469938,44936.32412235055,1872.3468384312728,471.64355221763077,209.25336291557477,0,0,No pobre,6382.6365992582205
2021,280,6,2,050101,05,0501,Callao,3,1456.0167895767897,4368.050368730369,232673.91339323635,6463.164260923232,421.5445316342223,234.45063783866087,0,0,No pobre,62650.90937361421
2023,432,1,4,040101,04,0401,Sierra rural,5,1671.9932552887585,8359.966276443793,86372.22142786092,1439.537023797682,395.53704874218477,239.58381613338685,0,0,No pobre,5430.5044941758915
2023,487,6,3,150101,15,1501,Lima Metropolitana,4,290.8808564534411,1163.5234258137643,4224.699760170604,88.0145783368876,448.3382689435194,221.27729601924318,1,1,Pobre extremo,6927.421198806338
2025,94,13,2,130101,13,1301,Costa urbana,4,1389.144675196728,5556.578700786912,260069.72200463113,5418.119208429815,459.6902683294257,215.4307963138682,0,0,No pobre,27998.637565047266
2024,429,5,4,130101,13,1301,Selva urbana,6,605.0717470201841,3630.430482121105,48903.67076255888,679.2176494799845,384.73747275814003,205.64149087931992,0,0,No pobre,121974.06923682003
2022,269,15,4,010201,01,0102,Callao,3,1593.1561617265206,4779.468485179562,21200.69095554122,588.9080820983672,478.7195974418686,201.8371140894563,0,0,No pobre,34616.6621896809
2024,197,18,1,040101,04,0401,Sierra rural,5,1918.0506437109887,9590.253218554943,101595.0242115569,1693.2504035259483,449.702688731618,207.4015501585326,0,0,No pobre,48918.517143652934
2024,25,14,1,150101,15,1501,Selva urbana,6,1812.830106701122,10876.980640206733,2703.189566617031,37.54429953634765,412.14019916578445,251.94555885987583,1,1,Pobre extremo,18557.185539194645
2023,148,15,2,010201,01,0102,Costa rural,3,318.4092226999656,955.2276680998968,16480.324338345697,457.7867871762694,395.1293795695391,224.08130551077227,0,0,No pobre,18518.291139731224
2024,118,5,1,050101,05,0501,Callao,3,802.1495992783599,2406.44879783508,32124.474217203682,892.3465060334356,419.2531414678215,201.91932407813314,0,0,No pobre,87662.46579842256
2021,338,4,2,010201,01,0102,Costa urbana,7,792.2132386754396,5545.492670728077,28583.654504754384,340.281601247076,402.05656605586256,235.57156902980412,1,0,Pobre no extremo,124524.39421114858
2023,367,2,2,210101,21,2101,Costa rural,7,332.36290608310816,2326.540342581757,105100.25838030841,1251.1935521465286,429.4153223598096,237.52470868220377,0,0,No pobre,110267.45468807557
2021,338,7,2,040101,04,0401,Selva urbana,3,286.43950135897217,859.3185040769165,77842.38309739325,2162.2884193720347,458.18927084903277,230.00821457286753,0,0,No pobre,67276.10276292864
2022,66,10,1,250101,25,2501,Selva rural,2,831.2912564414452,1662.5825128828903,49707.50823714983,2071.1461765479094,446.01303889505533,207.747796842484,0,0,No pobre,50403.92947996479
2023,458,16,3,250101,25,2501,Lima Metropolitana,3,1984.9359459433715,5954.807837830114,20967.576163181373,582.4326711994826,423.5934904781729,252.84771783241746,0,0,No pobre,8648.124063547166
2022,301,10,2,150101,15,1501,Selva rural,3,1180.9910370259229,3542.9731110777684,63907.95935379815,1775.2210931610598,391.894392458005,248.23571117656334,0,0,No pobre,20576.801462956428
2023,370,18,3,010101,01,0101,Sierra rural,3,1281.3850943480868,3844.1552830442606,15705.117575740485,436.2532659927913,475.7156922368007,227.63103967901117,1,0,Pobre no extremo,17787.22952649987
2025,175,17,4,250101,25,2501,Selva rural,4,994.9359290354964,3979.7437161419857,53910.920529218,1123.1441776920417,407.03705254504865,226.65707497236477,0,0,No pobre,39008.66498175195
2024,319,13,1,040101,04,0401,Costa rural,6,1358.4280493776434,8150.568296265861,13959.564240266269,193.88283667036484,407.78345458750175,210.91545804621603,1,1,Pobre extremo,79095.22523250627
2025,76,1,1,200101,20,2001,Callao,3,1917.6579534150621,5752.973860245186,35058.54056598114,973.8483490550316,444.55022218385324,252.74845429614246,0,0,No pobre,25917.139839480267
2022,495,1,3,130101,13,1301,Lima Metropolitana,5,1218.5261118673445,6092.630559336722,7257.302943157493,120.95504905262489,457.0509622147103,241.97017330378364,1,1,Pobre extremo,3001.33287192002
2024,461,15,4,200101,20,2001,Selva rural,2,223.5730734702672,447.1461469405344,68320.62134947968,2846.69255622832,478.41527653173495,206.0055411859062,0,0,No pobre,128303.55050241997
2023,114,1,4,010201,01,0102,Sierra urbana,1,1036.4920814195773,1036.4920814195773,18031.64254235159,1502.636878529299,476.9164260627806,226.46444209058393,0,0,No pobre,14803.34833727104
2024,111,6,2,150132,15,1501,Costa urbana,4,1986.2274191787074,7944.909676714829,7846.8134201651455,163.47527958677387,471.3760524232081,263.24926597979515,1,1,Pobre extremo,15640.84826789218
2021,249,13,1,210101,21,2101,Selva urbana,2,836.0651691291002,1672.1303382582005,11301.712876381973,470.9047031825822,423.531356738335,231.66622211593582,0,0,No pobre,69206.39617841733
2024,439,1,4,150132,15,1501,Callao,3,1228.3743507074971,3685.1230521224916,20418.313666269856,567.1753796186072,396.6669659756448,222.7449249510404,0,0,No pobre,21679.428635970206
2021,203,5,4,040101,04,0401,Lima Metropolitana,6,302.60985051475234,1815.659103088514,11837.30291770475,164.40698496812152,438.4471203286628,245.06488528140164,1,1,Pobre extremo,37193.34530003012
2024,147,9,2,150132,15,1501,Callao,3,368.24294759947713,1104.7288427984313,51438.9370278236,1428.8593618839889,381.7256505546768,214.20806643788407,0,0,No pobre,50660.96000639413
2021,35,17,2,200101,20,2001,Sierra rural,5,1761.8947609925287,8809.473804962643,20953.021724732203,349.2170287455367,399.6248838995393,236.66623787450257,1,0,Pobre no extremo,42184.449492712665
2022,487,16,3,010101,01,0101,Costa rural,3,670.6547936780618,2011.9643810341854,62409.53344296352,1733.598151193431,380.25293967947647,246.86659274945518,0,0,No pobre,28261.807654665176
2025,309,8,1,040101,04,0401,Costa urbana,1,680.3574193737267,680.3574193737267,20855.782451044026,1737.9818709203355,398.05359125715387,259.8414891182554,0,0,No pobre,41118.952618473784
2023,26,17,4,130101,13,1301,Sierra rural,4,835.7046924044236,3342.818769617694,51296.15751742606,1068.6699482797096,427.4757123396256,248.4753011944509,0,0,No pobre,371338.8016296569
2024,238,15,3,150101,15,1501,Costa rural,5,1936.3094785185926,9681.547392592964,27121.613962029107,452.02689936715177,419.3324311093416,226.9086858017995,0,0,No pobre,132655.91994746187
2025,14,1,1,040101,04,0401,Selva rural,3,260.3419424700652,781.0258274101956,21302.104381132573,591.725121698127,416.9296564926639,253.74601213438177,0,0,No pobre,94884.92862361642
2023,374,12,3,050101,05,0501,Lima Metropolitana,4,1655.6517948475364,6622.607179390146,10545.26057404381,219.6929286259127,463.09528639338623,262.8879949649589,1,1,Pobre extremo,58717.6014226964
2023,45,5,1,130101,13,1301,Selva urbana,6,748.9599652853742,4493.759791712246,28597.283724467452,397.18449617315906,447.4996304645678,233.44345372619577,1,0,Pobre no extremo,197101.95840936608
2021,428,6,1,040101,04,0401,Lima Metropolitana,5,1713.9892493724024,8569.946246862011,52148.79706966151,869.1466178276918,473.6431762871106,200.31505498382975,0,0,No pobre,95534.39539158365
2022,216,1,4,050101,05,0501,Sierra urbana,2,1984.3357340586306,3968.671468117261,14490.359797848381,603.7649915770158,424.53410906776725,261.6642618166291,0,0,No pobre,146342.33044354478
2022,233,1,1,130101,13,1301,Callao,5,762.4680794023209,3812.340397011604,26602.92985760295,443.3821642933825,407.2229675475952,211.58093941261257,0,0,No pobre,151607.37314385318
2025,193,10,2,010201,01,0102,Sierra urbana,4,345.777095803475,1383.1083832139,16376.13383436692,341.1694548826442,392.26845380333555,208.84278534862614,1,0,Pobre no extremo,78426.80122163384
2022,51,10,4,250101,25,2501,Callao,5,374.3134461675637,1871.5672308378184,153675.04518201365,2561.250753033561,447.20273956851463,221.5374996018022,0,0,No pobre,67672.24650739775
2024,427,3,2,210101,21,2101,Lima Metropolitana,4,1541.6076928034533,6166.430771213813,35624.65330812359,742.1802772525748,464.1741088471657,226.59886217735328,0,0,No pobre,28759.9810717113
2022,375,17,3,250101,25,2501,Selva rural,2,375.3509494424594,750.7018988849188,29171.558392350747,1215.481599681281,398.37393642617565,255.95636887306563,0,0,No pobre,275594.20150398643
2025,214,19,3,200101,20,2001,Selva urbana,4,594.8009802158095,2379.203920863238,17375.59904543294,361.99164677985294,467.87527445125363,227.242836957919,1,0,Pobre no extremo,37407.084741590035
2022,151,11,1,150101,15,1501,Costa urbana,4,488.35685295795156,1953.4274118318062,59607.170195217695,1241.816045733702,432.6276201695333,203.41748164479284,0,0,No pobre,12928.832213719968
2024,440,18,1,250101,25,2501,Selva urbana,4,775.7892716588668,3103.1570866354673,26886.760319473837,560.1408399890382,394.4080632140952,244.51731759934282,0,0,No pobre,56805.93201569305
2021,275,2,2,040101,04,0401,Selva rural,6,241.2964927844062,1447.7789567064374,25376.60798772432,352.45288871839335,444.2863324901755,246.98547164010057,1,0,Pobre no extremo,32284.022264987205
2025,338,9,2,010201,01,0102,Costa rural,6,1727.8107165737902,10366.864299442741,25185.92680787328,349.80453899824,432.00527415372136,256.9954644582472,1,0,Pobre no extremo,14200.399536210853
2021,76,17,2,150132,15,1501,Lima Metropolitana,4,1734.2779924218878,6937.111969687551,9942.964942797562,207.1451029749492,382.81835473127325,227.92062564627923,1,1,Pobre extremo,15053.504247644776
2021,439,14,3,200101,20,2001,Lima Metropolitana,4,884.5725071171106,3538.2900284684424,103389.09175539853,2153.939411570803,419.92432047266243,206.0249753345374,0,0,No pobre,40302.80802227867
2021,220,4,2,250101,25,2501,Lima Metropolitana,4,1262.966381144603,5051.865524578412,61552.55510762456,1282.3448980755118,458.4787992942911,238.7143594386187,0,0,No pobre,42844.20753249069
2023,348,17,4,010101,01,0101,Lima Metropolitana,4,1319.7079847181787,5278.831938872715,27120.030987552163,565.0006455740034,435.54237534221073,208.46981678042545,0,0,No pobre,9314.69625079854
2023,444,17,4,150101,15,1501,Costa urbana,7,1523.5904191572647,10665.132934100853,24519.097991635204,291.8940237099429,408.20411262625305,201.19527261170168,1,0,Pobre no extremo,25752.841263734663
2021,187,12,3,150132,15,1501,Sierra urbana,4,1089.3111663336972,4357.244665334789,12168.005023871818,253.5001046639962,472.864176338255,254.5008430295942,1,1,Pobre extremo,98968.54050070814
2025,289,18,2,210101,21,2101,Selva rural,3,1069.6384863392034,3208.9154590176104,7126.559793603113,197.95999426675314,403.77790380438597,228.23874202368688,1,1,Pobre extremo,2832.9700706660606
2024,403,3,2,040101,04,0401,Costa rural,4,1299.4771769236006,5197.908707694402,12175.061374062378,253.64711195963287,405.2736006932616,236.75036204437052,1,0,Pobre no extremo,28486.5587531439
2024,28,11,1,010201,01,0102,Selva rural,4,1435.7919517727673,5743.167807091069,75302.29284491515,1568.797767602399,415.4639346280263,246.39944419379736,0,0,No pobre,37479.471532028925
2022,379,18,4,130101,13,1301,Sierra rural,4,758.7117163555783,3034.8468654223134,18995.772255759526,395.7452553283235,469.45378612561285,228.07193666978668,1,0,Pobre no extremo,70359.52755256806
2025,180,4,3,250101,25,2501,Sierra rural,4,727.7038992107487,2910.8155968429946,71264.25529901883,1484.6719853962256,430.7625395425516,203.5792114734177,0,0,No pobre,29475.496765399825
2023,253,17,2,010101,01,0101,Sierra rural,2,612.4649677822275,1224.929935564455,26186.482746346795,1091.1034477644498,448.2179059225829,217.69205603955723,0,0,No pobre,24652.673675771908
2021,126,18,1,150101,15,1501,Sierra urbana,1,1142.8084550942222,1142.8084550942222,12313.209120490448,1026.1007600408707,477.62641725102804,213.6038833936562,0,0,No pobre,66906.0777444431
2022,177,5,3,210101,21,2101,Selva urbana,3,784.2958101559675,2352.8874304679025,13896.54128772928,386.0150357702578,458.32962968923647,268.4175814576986,1,0,Pobre no extremo,34504.66900913447
2024,37,14,3,250101,25,2501,Costa urbana,3,1126.5952086445006,3379.785625933502,33588.52009455378,933.0144470709383,397.26001186510933,251.7653817817822,0,0,No pobre,212719.14588521284
2023,410,10,4,210101,21,2101,Lima Metropolitana,2,871.371055071151,1742.742110142302,6263.26493294036,260.96937220584834,458.8353929039977,231.6084998784235,1,0,Pobre no extremo,67618.77518453417
2023,99,15,2,150132,15,1501,Sierra urbana,5,1689.7949468500556,8448.974734250278,13489.514081466117,224.82523469110194,454.83371492260187,204.435717752026,1,0,Pobre no extremo,81979.214063214
2021,98,1,3,150132,15,1501,Callao,3,238.94745551637538,716.8423665491262,17885.595276878626,496.8220910244063,403.26169944772255,208.10953657347895,0,0,No pobre,39160.38669430706
2024,127,16,1,200101,20,2001,Costa rural,6,1187.2001278488817,7123.200767093291,56302.474773390226,781.9788162970865,412.5349830887616,256.902969848999,0,0,No pobre,238043.12699545553
2025,483,11,1,250101,25,2501,Costa rural,2,1193.6851261156758,2387.3702522313515,34705.33144818506,1446.0554770077108,451.0128239863077,266.18143656859,0,0,No pobre,20745.094065486355
2023,168,6,3,010201,01,0102,Sierra rural,2,829.0628900235297,1658.1257800470594,31845.735331478132,1326.905638811589,403.83930940678584,202.194512913273,0,0,No pobre,11508.91805893147
2021,80,16,1,150101,15,1501,Callao,4,899.939699669972,3599.758798679888,40824.68793947068,850.5143320723058,400.8186869002619,263.7277985881793,0,0,No pobre,33065.65681472885
2025,294,2,3,130101,13,1301,Costa urbana,2,1620.2495856775643,3240.4991713551285,68234.46429888847,2843.102679120353,450.3472772130331,226.63945993701944,0,0,No pobre,27928.447539183486
2024,333,1,1,130101,13,1301,Sierra rural,6,633.2800494946362,3799.680296967817,28155.87209207174,391.05377905655195,468.05954928197633,214.95428624575717,1,0,Pobre no extremo,31624.08570694089
2023,126,9,3,040101,04,0401,Costa rural,1,1755.6672037097094,1755.6672037097094,10605.694656203807,883.8078880169838,387.501668262212,207.15626501892334,0,0,No pobre,262398.6144964051
2025,343,12,3,040101,04,0401,Costa rural,3,1803.0522778559173,5409.156833567752,31859.880114958294,884.9966698599526,424.5907735258113,254.02242593672364,0,0,No pobre,16464.98326903386
2025,310,17,3,150101,15,1501,Lima Metropolitana,6,1336.1766783641724,8017.060070185034,12627.674360875637,175.38436612327274,440.7175220329008,232.82373396272695,1,1,Pobre extremo,34158.12729507235
2025,150,15,1,250101,25,2501,Selva urbana,3,1568.429656045387,4705.288968136161,4179.041807383352,116.08449464953755,447.6276785832068,258.269664735468,1,1,Pobre extremo,7094.047880421037
2023,16,19,3,250101,25,2501,Lima Metropolitana,2,1264.600303873528,2529.200607747056,31889.754743842022,1328.7397809934175,479.6195912374829,215.83100073974734,0,0,No pobre,241107.26534970762
2023,28,10,4,150132,15,1501,Selva urbana,3,1097.992316118524,3293.976948355572,42832.65753848576,1189.7960427357154,448.2691960316721,247.49976257826972,0,0,No pobre,3555.2308176013044
2022,496,12,3,010101,01,0101,Lima Metropolitana,4,1936.6877330754362,7746.750932301745,36760.47395930353,765.8432074854901,442.0154112997154,208.26851934062896,0,0,No pobre,41961.57746350039
2024,419,14,2,040101,04,0401,Selva urbana,2,637.0444320321819,1274.0888640643639,42395.74898523582,1766.4895410514926,478.9734152309002,206.28254788943389,0,0,No pobre,9497.345084565579
2021,444,9,2,010101,01,0101,Sierra rural,4,392.88679862191304,1571.5471944876522,73365.74623169302,1528.4530464936045,386.0668140378184,209.3379895253226,0,0,No pobre,9026.846804591094
2025,173,13,4,250101,25,2501,Selva rural,5,646.222189970779,3231.1109498538954,11246.776774267972,187.44627957113286,387.44368961530984,256.6230910392215,1,1,Pobre extremo,15010.457314444246
2022,46,3,3,040101,04,0401,Callao,6,1267.7886559209458,7606.731935525675,18973.462278423525,263.52030942254896,436.0682526424084,245.8933814802848,1,0,Pobre no extremo,12056.403072257552
2021,328,14,2,130101,13,1301,Costa urbana,1,451.848532392173,451.848532392173,8447.420878485573,703.9517398737977,415.8664614349591,211.61747243535606,0,0,No pobre,47542.00804276356
2022,236,10,3,210101,21,2101,Selva urbana,2,1826.7466821299968,3653.4933642599935,40312.14546999916,1679.6727279166316,389.6697513747056,226.934054747963,0,0,No pobre,10146.717923011076
2023,439,16,2,040101,04,0401,Sierra urbana,3,880.9463612642461,2642.839083792738,81302.48036117318,2258.4022322548103,410.64488960927906,253.45802068295197,0,0,No pobre,102782.75528371593
2025,214,7,1,250101,25,2501,Selva urbana,4,1714.9294687545028,6859.717875018011,16481.141892687716,343.3571227643274,447.4354487407644,219.9972072589721,1,0,Pobre no extremo,137692.18745757017
2021,85,4,1,250101,25,2501,Sierra rural,3,573.5494346047518,1720.6483038142555,51538.04624134377,1431.6123955928824,468.06149636866303,264.4884598619167,0,0,No pobre,189885.23140125955
2021,282,11,4,210101,21,2101,Costa urbana,5,695.0198746572203,3475.0993732861016,13461.395218848707,224.35658698081178,389.43244766565545,264.022195394518,1,1,Pobre extremo,7861.281732233354
2021,232,16,4,010101,01,0101,Selva urbana,5,212.5244546277435,1062.6222731387174,48095.16520274807,801.5860867124678,434.01450624841044,238.70305779863065,0,0,No pobre,16610.43601953688
2021,85,4,3,150101,15,1501,Lima Metropolitana,2,589.7586151525904,1179.5172303051809,3603.035532752484,150.1264805313535,409.61155647964216,244.23819884064804,1,1,Pobre extremo,22436.62288713819
2021,409,17,4,210101,21,2101,Costa urbana,4,1031.5962560302726,4126.38502412109,105913.27761233808,2206.5266169237098,446.7326163293806,245.7252847371481,0,0,No pobre,20641.862063932775
2022,489,13,3,130101,13,1301,Sierra urbana,2,1897.6601436741603,3795.3202873483206,10084.488217005264,420.18700904188603,434.9451494457507,218.0927920428553,1,0,Pobre no extremo,80971.0324640278
2025,65,11,1,250101,25,2501,Costa rural,3,838.9156503938466,2516.7469511815398,31321.149686584788,870.0319357384664,472.67110060221796,225.5724972106791,0,0,No pobre,49910.14935089696
2023,134,3,1,010201,01,0102,Lima Metropolitana,2,1315.5133710183572,2631.0267420367145,95256.07750135691,3969.0032292232045,383.7683886949888,209.51587773429193,0,0,No pobre,14358.529752364197
2023,151,9,2,130101,13,1301,Costa urbana,2,912.6492231906971,1825.2984463813941,9402.94509674245,391.7893790309354,427.00372749401413,264.74099391577084,1,0,Pobre no extremo,27382.77418482932
2023,115,6,3,010101,01,0101,Selva rural,4,188.90451645908834,755.6180658363534,131083.85929239372,2730.9137352582025,399.2759555350709,250.66946070868863,0,0,No pobre,35131.74511012872
2023,64,11,1,210101,21,2101,Selva urbana,4,1056.7119892037351,4226.8479568149405,178577.67789117625,3720.368289399505,433.6781708664246,203.24493864328534,0,0,No pobre,30589.51859034806
2022,343,16,1,250101,25,2501,Lima Metropolitana,2,225.23592873744963,450.47185747489925,50015.34773520393,2083.972822300164,465.3579344066843,238.45712150685418,0,0,No pobre,17391.775737453147
2024,427,19,3,250101,25,2501,Sierra rural,7,1779.0298567353184,12453.208997147229,27313.302381388574,325.1583616831973,471.1316527786058,224.01516143165716,1,0,Pobre no extremo,11972.583000125924
2025,363,5,2,210101,21,2101,Selva rural,3,1530.7702277067365,4592.310683120209,22780.85983644664,632.8016621235179,419.8231663217202,257.07015139429865,0,0,No pobre,76990.57763245403
2021,407,14,2,150101,15,1501,Callao,2,819.4377953794958,1638.8755907589916,45108.07015165493,1879.502922985622,461.1780523265826,224.0660061483459,0,0,No pobre,11130.13046610806
2024,352,17,2,210101,21,2101,Callao,2,1316.4154657634506,2632.830931526901,52657.901205396905,2194.0792168915377,408.05080747255056,245.09050872206265,0,0,No pobre,73702.51392049987
2023,158,3,2,040101,04,0401,Selva rural,4,312.85349509533097,1251.4139803813239,4395.053702019011,91.56361879206274,380.63049463191805,211.60182334196008,1,1,Pobre extremo,46063.85238755311
2024,77,4,1,050101,05,0501,Sierra rural,7,1434.8544752290366,10043.981326603256,20819.6242462016,247.8526695976381,465.5239057522969,239.1128842754341,1,0,Pobre no extremo,15429.73125948451
2025,491,16,3,150101,15,1501,Sierra rural,4,1663.191577083792,6652.766308335168,15894.997827342186,331.14578806962885,391.9412242406615,220.57200127874844,1,0,Pobre no extremo,60492.39678668639
2021,146,16,3,050101,05,0501,Callao,6,1661.3167322226457,9967.900393335874,13953.867750768088,193.8037187606679,381.76111233629484,211.5421895653759,1,1,Pobre extremo,17745.37106824264
2021,343,4,1,010101,01,0101,Sierra rural,3,640.127340612246,1920.3820218367382,14203.725040708405,394.5479177974557,415.3797663367949,243.34814028555192,1,0,Pobre no extremo,63912.9044757286
2025,463,19,1,150132,15,1501,Selva rural,3,601.1177710259706,1803.3533130779117,8394.19834297117,233.17217619364362,417.9379989624957,244.7048840010763,1,1,Pobre extremo,16527.124783633255
2025,225,17,1,130101,13,1301,Costa urbana,4,1090.6556070150891,4362.6224280603565,108541.13817007725,2261.2737118766095,387.72201707722724,268.83476467936504,0,0,No pobre,40500.99364763455
2023,405,13,4,200101,20,2001,Sierra rural,4,1938.767107666712,7755.068430666848,15857.86422603901,330.3721713758127,461.4182646484471,246.8374241762781,1,0,Pobre no extremo,34582.53600848174
2021,313,1,3,210101,21,2101,Costa rural,3,1848.993657451562,5546.980972354686,23615.158764520616,655.9766323477949,420.55927302083336,236.09969569689898,0,0,No pobre,19559.468912984594
2024,103,12,3,130101,13,1301,Selva rural,6,783.3131153363654,4699.878692018192,20307.50348123025,282.04865946153126,428.9923613769594,263.8834590159325,1,0,Pobre no extremo,26504.389107090497
2022,407,4,3,200101,20,2001,Selva rural,1,1581.676061747784,1581.676061747784,16417.768822473634,1368.147401872803,406.46252679528317,257.9796573081919,0,0,No pobre,19082.55641505039
2022,347,11,2,010101,01,0101,Selva rural,3,1850.503751773769,5551.511255321307,39154.68282609354,1087.6300785025985,431.1506752346598,238.4122394908125,0,0,No pobre,117109.72442851515
2025,301,5,1,010101,01,0101,Sierra urbana,4,595.7602848634496,2383.041139453798,20312.755609040927,423.182408521686,456.67313906173337,235.7944354418565,1,0,Pobre no extremo,18026.666777430775
2023,428,2,1,150132,15,1501,Costa urbana,4,1677.5617342455855,6710.246936982342,46389.85420167438,966.4552958682162,470.6182715500517,265.9378430001114,0,0,No pobre,33818.943903078616
2022,466,17,1,150101,15,1501,Costa urbana,3,609.0016911274355,1827.0050733823064,110530.39253893956,3070.28868163721,477.05296007351495,243.19889307712515,0,0,No pobre,4488.20575653739
2021,88,8,4,130101,13,1301,Sierra rural,3,752.2360391857002,2256.7081175571006,9995.041311929679,277.64003644249107,422.6723924601364,249.9645418418655,1,0,Pobre no extremo,18265.17264706927
2025,371,6,3,130101,13,1301,Selva rural,4,477.7593126164329,1911.0372504657316,35973.40355696558,749.4459074367829,479.0033858768459,206.0675329503042,0,0,No pobre,68515.32314926114
2024,303,9,1,210101,21,2101,Lima Metropolitana,4,1063.4516182381556,4253.806472952622,35028.582227608145,729.7621297418364,409.4955711722681,250.28139348744816,0,0,No pobre,58391.30260776561
2025,168,13,4,010101,01,0101,Selva rural,5,1702.2906990963581,8511.45349548179,9340.812259275777,155.68020432126295,380.697593528506,218.52772895446782,1,1,Pobre extremo,56185.94982385397
2024,435,11,1,200101,20,2001,Sierra rural,5,1103.2990611274734,5516.495305637367,48124.58194519927,802.0763657533212,456.76170438976345,208.08765462444043,0,0,No pobre,35284.04108496759
2025,170,16,2,010201,01,0102,Costa urbana,3,334.5360184168853,1003.608055250656,21246.18073863756,590.1716871843767,397.84356485411985,259.4766276163717,0,0,No pobre,46711.37839275643
2025,135,16,3,150132,15,1501,Callao,7,578.374271231623,4048.619898621361,111453.96547197229,1326.8329222853845,385.2454838123863,248.38337606569223,0,0,No pobre,153813.2974044728
2025,50,2,4,150101,15,1501,Sierra rural,5,1169.437547834544,5847.187739172719,66111.71207870528,1101.8618679784215,472.4008922597699,228.52950185666913,0,0,No pobre,14410.068352641003
2024,432,10,1,250101,25,2501,Callao,3,1208.0561655840643,3624.168496752193,26890.980477040925,746.9716799178035,459.1810830496987,230.19917083456465,0,0,No pobre,123789.19594166527
2024,340,12,3,010201,01,0102,Sierra rural,2,1196.1212167352526,2392.242433470505,22142.24375760457,922.5934899001904,390.2664801538256,213.79824055468714,0,0,No pobre,15037.917478170157
2025,347,8,4,040101,04,0401,Sierra rural,3,246.30663576181033,738.919907285431,127941.71008301213,3553.9363911947817,457.6910152384333,200.66856968263926,0,0,No pobre,49152.95193242678
2022,134,11,3,050101,05,0501,Sierra rural,4,1532.022196006033,6128.088784024132,15972.482438807403,332.76005080848756,464.3999697426996,224.45513976985637,1,0,Pobre no extremo,15421.181985052532
2023,347,10,3,150132,15,1501,Sierra rural,6,1827.9135780791125,10967.481468474674,34132.7290687975,474.0656815110763,470.5301665182571,210.389005177781,0,0,No pobre,84768.00006698453
2023,137,13,2,200101,20,2001,Selva urbana,5,1069.9860006868098,5349.930003434049,25371.637082192447,422.86061803654076,434.369406746636,229.52087569811206,1,0,Pobre no extremo,10014.808952811853
2023,245,17,3,010201,01,0102,Selva urbana,6,1465.7756448665396,8794.653869199237,78855.89123080202,1095.220711538917,450.3412070528096,258.3677561550971,0,0,No pobre,13296.061760692985
2024,109,7,4,200101,20,2001,Selva rural,3,1836.6294348694473,5509.888304608342,84502.65081531728,2347.2958559810354,456.2239278961011,208.0328054381904,0,0,No pobre,32457.006192540604
2024,313,3,3,210101,21,2101,Selva rural,4,1320.9832344012302,5283.932937604921,43833.635970409196,913.2007493835249,448.8638935156107,206.42275214953025,0,0,No pobre,16517.32211439275
2022,287,13,4,150132,15,1501,Lima Metropolitana,3,1381.218876418997,4143.656629256991,16730.278524133326,464.72995900370347,444.68336203055935,263.14715539758936,0,0,No pobre,17848.17763099773
2023,21,19,3,010101,01,0101,Lima Metropolitana,2,1470.6683854295136,2941.336770859027,23368.704065151163,973.6960027146318,434.7559252777884,252.15976937068262,0,0,No pobre,32271.102890401497
2023,90,7,1,150101,15,1501,Selva urbana,4,594.9546577627237,2379.818631050895,8891.086240879074,185.23096335164738,427.9195454195569,203.7148905932313,1,1,Pobre extremo,10393.015645081241
2025,296,9,2,200101,20,2001,Costa urbana,2,1207.087961961972,2414.175923923944,33657.78534870799,1402.407722862833,479.6125019564831,205.56993396803085,0,0,No pobre,41274.855261040335
2024,112,19,1,130101,13,1301,Sierra urbana,4,1700.1327176344669,6800.5308705378675,13017.79947413491,271.204155711144,413.7560780422156,247.94469597042493,1,0,Pobre no extremo,52478.29530883019
2023,301,13,2,010201,01,0102,Costa urbana,4,662.7091874954262,2650.836749981705,201783.29538365334,4203.818653826112,388.8268770444549,225.92409415033802,0,0,No pobre,7521.553844751135
2022,77,8,4,130101,13,1301,Lima Metropolitana,5,1804.6239492340344,9023.119746170172,16434.052908532107,273.90088180886846,456.50369650036276,250.69213068811095,1,0,Pobre no extremo,46359.64155389495
2022,177,18,2,200101,20,2001,Selva rural,2,1278.7257045547008,2557.4514091094015,67724.98780255909,2821.874491773295,401.3824377869494,228.31178485103345,0,0,No pobre,44495.42991003185
2023,343,2,3,010201,01,0102,Selva urbana,5,904.0322177228068,4520.161088614033,106471.79750412302,1774.5299584020504,433.2693359618706,267.74506811248176,0,0,No pobre,56204.388957053
2024,148,18,3,010101,01,0101,Costa urbana,7,1284.0476266605565,8988.333386623895,56724.02927529787,675.2860628011651,389.5801516600571,248.60916285824558,0,0,No pobre,40771.60601020585
2022,101,18,1,050101,05,0501,Sierra urbana,6,863.5338208092451,5181.20292485547,17052.05394922174,236.83408262807973,441.9283860816791,203.26310353919723,1,0,Pobre no extremo,51621.99297416604
2025,246,11,2,050101,05,0501,Callao,5,1692.2676435115318,8461.338217557659,15989.989626553464,266.4998271092244,474.4007403903222,223.13512424141564,1,0,Pobre no extremo,51451.10323010656
2022,117,1,4,210101,21,2101,Sierra rural,4,1016.4053021284345,4065.621208513738,380676.19394158054,7930.754040449595,452.2704712606958,239.45243302952204,0,0,No pobre,46415.413716004885
2021,92,14,4,040101,04,0401,Costa rural,3,1812.3053835332398,5436.91615059972,158982.80191253664,4416.188942014906,401.45347782266134,209.931154674025,0,0,No pobre,52701.73361870347
2021,401,16,3,050101,05,0501,Selva urbana,5,1068.6353536108702,5343.176768054351,35352.49720196728,589.2082866994547,477.1138045288861,200.1764210052707,0,0,No pobre,169588.7543043813
2024,28,11,4,040101,04,0401,Selva urbana,5,1354.6999403110358,6773.499701555179,19840.1915492854,330.66985915475664,410.70869310245484,205.55156926252013,1,0,Pobre no extremo,134545.25423638104
2023,425,1,3,010201,01,0102,Sierra urbana,4,1995.714399913016,7982.857599652064,12295.512435709896,256.1565090772895,423.66149864913547,236.69844343873177,1,0,Pobre no extremo,32411.92578740428
2024,450,7,3,050101,05,0501,Sierra rural,5,379.2350979162282,1896.175489581141,15401.057850885973,256.68429751476623,429.8117020372801,244.25785636198998,1,0,Pobre no extremo,19459.525450277313
2024,25,16,3,200101,20,2001,Sierra rural,3,1499.7853825934708,4499.356147780412,50984.528194695784,1416.2368942971052,479.07187433734725,206.50323629859489,0,0,No pobre,129373.49141460843
2024,58,14,1,010101,01,0101,Costa rural,2,363.8572330402738,727.7144660805476,215694.76597520948,8987.281915633728,386.88914007191835,246.56095667339292,0,0,No pobre,358018.7044819384
2024,498,15,1,200101,20,2001,Callao,4,1693.8460949523528,6775.384379809411,24175.158901674393,503.64914378488317,449.672829443557,243.1986910078273,0,0,No pobre,35303.02000814575
2025,297,14,3,200101,20,2001,Sierra rural,3,1233.261424207822,3699.784272623466,79112.7146646152,2197.575407350422,416.1930875692736,265.7927887407884,0,0,No pobre,59855.94181541914
2025,134,11,3,040101,04,0401,Callao,3,1882.5031651522725,5647.509495456818,60393.616715806056,1677.600464327946,387.8325319102439,258.8472844093589,0,0,No pobre,26220.696454804576
2022,331,16,3,250101,25,2501,Sierra urbana,1,1745.31754369525,1745.31754369525,20676.80249408752,1723.0668745072933,473.50316576328566,266.02693046172755,0,0,No pobre,61763.14906393994
2021,249,19,4,250101,25,2501,Callao,3,242.2568711907645,726.7706135722935,66115.93808446011,1836.5538356794475,438.9858319143065,267.6275336209736,0,0,No pobre,5002.230838517365
2024,38,17,3,150101,15,1501,Selva rural,5,360.87482918983574,1804.3741459491787,67990.6769086697,1133.1779484778283,455.3518007588776,230.85659751857355,0,0,No pobre,21495.3413228301
2022,390,6,3,050101,05,0501,Sierra rural,4,1242.224764352968,4968.899057411872,61397.72162091301,1279.1192004356878,404.038543557128,234.15374768946074,0,0,No pobre,74877.22128138022
2021,429,11,2,010101,01,0101,Selva rural,1,1084.7978158899423,1084.7978158899423,18557.92653224788,1546.4938776873232,456.15409226294236,219.71353778023706,0,0,No pobre,15138.931284406557
2023,75,17,2,010101,01,0101,Lima Metropolitana,4,420.2737481655447,1681.0949926621788,51297.59173808497,1068.6998278767703,462.8475440023217,235.59026818163858,0,0,No pobre,63231.517252247075
2025,142,9,2,130101,13,1301,Lima Metropolitana,3,345.78253371613465,1037.347601148404,78443.9510043,2178.9986390083336,423.08293972144764,210.55002887394483,0,0,No pobre,61090.601373025136
2021,322,18,2,200101,20,2001,Selva rural,4,1171.582488539065,4686.32995415626,63588.049939154036,1324.7510403990425,437.19564727479656,247.00016725307387,0,0,No pobre,64805.06555543343
2023,168,17,3,010101,01,0101,Sierra urbana,3,192.950941152499,578.852823457497,70971.58015256045,1971.432782015568,477.18725349295545,201.74527742655206,0,0,No pobre,21865.10209842656
2021,259,12,2,010201,01,0102,Selva urbana,6,1760.0970756115341,10560.582453669205,22410.385523192523,311.25535448878503,464.6729641707759,216.49394293998847,1,0,Pobre no extremo,78061.01609203155
2025,373,5,4,150132,15,1501,Selva urbana,1,1633.4575476249788,1633.4575476249788,70635.76352640765,5886.313627200638,424.4850061068164,214.56501887339206,0,0,No pobre,230595.54300108776
2025,355,11,4,200101,20,2001,Selva urbana,4,1592.2029462510698,6368.811785004279,85910.25916138578,1789.7970658622037,446.4573858755846,265.6522349995438,0,0,No pobre,22231.041122662496
2022,225,4,2,040101,04,0401,Costa urbana,6,130.39457937740804,782.3674762644482,17832.46782691002,247.67316426263915,458.4231476802513,210.14312261954944,1,0,Pobre no extremo,18585.023434881514
2024,152,4,1,200101,20,2001,Selva urbana,7,190.5177924842021,1333.6245473894146,7741.420033571971,92.15976230442823,382.4328820578248,262.35428155481657,1,1,Pobre extremo,30628.4366131844
2021,19,3,4,010101,01,0101,Sierra urbana,2,1144.6943301863844,2289.3886603727688,117245.74539949147,4885.239391645478,438.836598662527,208.70507549577147,0,0,No pobre,47818.92431464277
2021,146,17,4,210101,21,2101,Costa rural,4,1989.4088088989377,7957.635235595751,17742.573072419076,369.63693900873074,478.4528613412708,245.54885903963236,1,0,Pobre no extremo,12963.06324145032
2023,448,7,2,010201,01,0102,Lima Metropolitana,1,750.4007818455683,750.4007818455683,13789.628939699292,1149.135744974941,474.7180649826331,222.39201777213367,0,0,No pobre,23054.173752875937
2025,241,4,2,010201,01,0102,Sierra rural,4,754.3121511701535,3017.248604680614,32567.24114670912,678.48419055644,463.24403947624444,222.1201657982894,0,0,No pobre,155709.17785299185
2021,372,13,3,050101,05,0501,Selva urbana,2,355.12813703776834,710.2562740755367,21099.87596090782,879.1614983711592,390.6214093130685,269.87897700850255,0,0,No pobre,113092.94143571646
2025,381,12,4,250101,25,2501,Costa urbana,5,1381.2380271050527,6906.190135525263,4752.334468969583,79.20557448282639,479.40414525161515,215.8230000455047,1,1,Pobre extremo,13483.404396775612
2021,344,1,2,040101,04,0401,Lima Metropolitana,2,1328.6857090886108,2657.3714181772216,60032.199780676754,2501.341657528198,440.9538153137949,214.17920475541098,0,0,No pobre,234663.29498824294
2022,237,19,2,050101,05,0501,Callao,4,292.51259112040225,1170.050364481609,58694.95155996051,1222.8114908325106,402.29082494294903,241.25343243685745,0,0,No pobre,23625.336212703714
2024,35,18,3,150101,15,1501,Lima Metropolitana,4,988.0833454298672,3952.333381719469,10633.545776398565,221.5322036749701,447.42686896143164,251.85266779200012,1,1,Pobre extremo,50790.238716606116
2021,190,11,4,150132,15,1501,Selva rural,7,1367.4423267617512,9572.096287332259,26293.709322893585,313.0203490820665,465.6523562079681,268.77531664664133,1,0,Pobre no extremo,37860.81131739126
2025,1,3,2,130101,13,1301,Costa urbana,4,1037.6806590116614,4150.722636046646,10769.855393667262,224.37198736806795,391.2327760847636,249.09896419662226,1,1,Pobre extremo,91001.66762386108
2022,484,17,3,010201,01,0102,Sierra urbana,3,1381.2908055430355,4143.872416629107,12420.588662181455,345.01635172726264,471.6438143289425,239.33097463752867,1,0,Pobre no extremo,11574.986584463933
2021,153,12,2,040101,04,0401,Costa rural,3,1650.9137551198305,4952.741265359491,15650.918369246183,434.74773247906063,472.0204281418995,228.63922024306615,1,0,Pobre no extremo,21437.28565270396
2023,429,10,1,250101,25,2501,Selva urbana,2,1403.0493229313586,2806.098645862717,43291.77561609258,1803.8239840038575,381.3464406231318,241.65789662808666,0,0,No pobre,14519.953689294556
2024,433,8,1,040101,04,0401,Selva urbana,5,1270.6170480779954,6353.085240389977,164401.83361036767,2740.0305601727946,470.0319121663394,242.05844977268842,0,0,No pobre,12627.383978219708
2021,126,15,2,130101,13,1301,Costa urbana,4,1721.821488194537,6887.285952778148,18547.171478051994,386.39940579274986,474.68179182401565,215.23980457050266,1,0,Pobre no extremo,17275.61883742254
2022,491,5,4,130101,13,1301,Callao,4,1811.1182789525974,7244.47311581039,57243.13399688816,1192.5652916018366,383.7691796980345,246.98459930736624,0,0,No pobre,15742.197980014818
2023,482,4,1,050101,05,0501,Sierra urbana,1,838.884230634028,838.884230634028,55153.02678694543,4596.085565578786,409.41663235080506,214.3096653465083,0,0,No pobre,68964.22347189208
2022,345,19,3,200101,20,2001,Costa urbana,5,429.1747866753833,2145.8739333769163,3956.869905215953,65.94783175359922,417.31075068161266,234.29683763767514,1,1,Pobre extremo,24652.287906654758
2022,400,4,2,150101,15,1501,Costa urbana,4,1653.934767615296,6615.739070461184,7734.842011062452,161.1425418971344,414.889047206639,218.19086588409385,1,1,Pobre extremo,28174.65808664877
2023,226,15,3,150101,15,1501,Costa rural,7,506.130903869018,3542.9163270831264,169677.26841520556,2019.9674811333996,455.90032372701893,221.89607166108257,0,0,No pobre,5795.5914240094135
2022,221,17,1,010101,01,0101,Sierra urbana,4,1865.0062725232629,7460.025090093051,17058.640937775035,355.3883528703132,415.8104459223867,242.97139139972208,1,0,Pobre no extremo,97562.23326663955
2023,403,12,4,150101,15,1501,Costa rural,3,143.46809592161657,430.4042877648497,40447.87973090745,1123.5522147474292,475.6578809894742,204.513958031646,0,0,No pobre,6551.76926500285
2021,407,3,3,040101,04,0401,Sierra urbana,3,1850.4152469766766,5551.24574093003,36428.867665656435,1011.9129907126787,479.4992625304738,200.84243707269593,0,0,No pobre,39953.5884599579
2023,211,10,1,150101,15,1501,Selva urbana,2,1219.4476859629192,2438.8953719258384,3962.94625176446,165.12276049018584,411.68188707062467,209.14340066833506,1,1,Pobre extremo,137127.70951896557
2023,25,15,1,250101,25,2501,Sierra rural,5,1572.0100213744747,7860.050106872373,14561.811416228442,242.6968569371407,430.8800753206507,211.80948846521483,1,0,Pobre no extremo,168944.03176792705
2024,16,10,1,150101,15,1501,Selva rural,5,857.1359154223685,4285.679577111842,51740.46028973682,862.3410048289469,435.77058403000075,213.85110776319436,0,0,No pobre,9104.984298227344
2023,182,18,3,010201,01,0102,Sierra rural,3,1984.2609546268723,5952.782863880617,11567.827564993562,321.3285434720434,437.9402829967062,254.1751749150136,1,0,Pobre no extremo,30359.350424890446
2023,499,1,1,010101,01,0101,Callao,2,532.3477123759518,1064.6954247519036,19143.391261978886,797.6413025824536,417.42089941953,231.2800576926515,0,0,No pobre,78437.6950585948
2021,329,3,2,040101,04,0401,Callao,2,602.2529590125321,1204.5059180250641,9102.637045477939,379.2765435615808,396.59935019588295,232.89552936909905,1,0,Pobre no extremo,24221.19112228718
2024,129,12,1,130101,13,1301,Lima Metropolitana,6,197.72164367119856,1186.3298620271914,12626.225462068422,175.36424252872808,385.45605417311276,245.10339139988804,1,1,Pobre extremo,107025.430770391
2025,42,1,2,050101,05,0501,Sierra urbana,3,1886.8993898167328,5660.698169450198,16746.33534940785,465.17598192799585,390.6348665649832,251.03761378889934,0,0,No pobre,4733.104705368952
2021,403,3,4,150132,15,1501,Sierra rural,3,966.4556768374846,2899.3670305124538,5048.0295930120365,140.22304425033434,470.12912375938413,200.24558446874053,1,1,Pobre extremo,42281.652859983624
2021,481,3,2,050101,05,0501,Costa urbana,3,1382.2195879667636,4146.658763900291,77219.17680868399,2144.9771335745554,408.0375006620507,259.97077350636187,0,0,No pobre,56888.400454262824
2025,418,5,4,200101,20,2001,Selva urbana,3,1406.1373821793973,4218.412146538192,7709.957022605867,214.16547285016296,387.68229832110444,269.1904393091876,1,1,Pobre extremo,11546.34828873131
2023,336,19,4,150132,15,1501,Callao,5,1761.5539753370874,8807.769876685437,23036.060025427643,383.9343337571274,442.3529699544353,208.5265202566895,1,0,Pobre no extremo,80887.42626838105
2022,236,1,2,250101,25,2501,Selva rural,6,1363.3579762281777,8180.147857369066,13761.229774441485,191.1281913116873,387.53071512612854,245.57564085598324,1,1,Pobre extremo,13037.052102784506
2024,360,4,4,210101,21,2101,Selva rural,2,1167.8402463779557,2335.6804927559115,70910.08032385567,2954.586680160653,387.0052939669024,200.16896280806836,0,0,No pobre,184146.53779953197
2022,439,4,2,010101,01,0101,Lima Metropolitana,4,1449.6051959629829,5798.420783851931,8873.780503674387,184.87042715988306,442.15705058712217,203.43206403222075,1,1,Pobre extremo,26295.063453883376
2025,402,17,3,130101,13,1301,Selva rural,3,1526.8445181059403,4580.533554317821,13308.298232240526,369.6749508955702,439.13952441985305,219.95007140602388,1,0,Pobre no extremo,30962.504040359338
2021,34,14,4,050101,05,0501,Selva urbana,7,453.26309787211574,3172.84168510481,8075.428763985979,96.1360567141188,384.14772869499603,259.2482859093744,1,1,Pobre extremo,12917.975900774312
2021,345,18,2,150101,15,1501,Sierra rural,3,308.36737405583074,925.1021221674922,3080.0807603489325,85.55779889858145,426.04778344369487,245.6750631006416,1,1,Pobre extremo,25588.833054920156
2024,381,1,4,010101,01,0101,Selva rural,1,242.21281592256992,242.21281592256992,42539.16236151121,3544.930196792601,423.5768307906035,231.20746523806287,0,0,No pobre,17909.364462254394
2021,45,16,1,150101,15,1501,Callao,4,810.7016395928197,3242.8065583712787,27696.775042353067,577.0161467156889,434.6689129702555,230.7018931521675,0,0,No pobre,49116.16637973506
2021,134,3,2,010101,01,0101,Selva rural,2,1046.200455691716,2092.400911383432,32766.92769876101,1365.2886541150422,453.78447104367876,232.62375020471887,0,0,No pobre,47037.85179695695
2024,21,9,1,010101,01,0101,Sierra urbana,1,1269.7348067507355,1269.7348067507355,55794.89311063819,4649.574425886516,408.2800047562194,221.77231754607027,0,0,No pobre,33249.43981520966
2024,122,4,4,200101,20,2001,Costa urbana,4,1920.265587410259,7681.062349641036,29652.18624586549,617.7538801221978,423.27802835838105,261.440016233786,0,0,No pobre,43040.69929126145
2025,70,5,4,010201,01,0102,Sierra urbana,5,728.4968583933119,3642.4842919665593,18040.73912570655,300.6789854284425,459.2742684360965,239.75083918398582,1,0,Pobre no extremo,12162.515108436934
2021,352,11,3,250101,25,2501,Sierra rural,4,1545.6606989468214,6182.642795787286,33984.93267597828,708.0194307495475,472.25563904605684,233.8764974468097,0,0,No pobre,12925.273008771872
2021,361,9,2,150101,15,1501,Selva urbana,4,1109.5794772302813,4438.317908921125,17054.35103236251,355.2989798408856,469.1322973049878,232.55536222099727,1,0,Pobre no extremo,121237.58022020238
2025,48,3,1,150101,15,1501,Selva urbana,4,518.1708709651421,2072.6834838605682,73212.0987440958,1525.2520571686625,427.7630952094042,265.50785268285597,0,0,No pobre,17227.58019943854
2023,491,6,3,150101,15,1501,Sierra urbana,4,1269.0803153446423,5076.321261378569,19421.391489968708,404.6123227076814,432.08657970021017,250.65633497537772,1,0,Pobre no extremo,48885.74605455412
2023,39,11,4,200101,20,2001,Costa rural,4,1937.6347387504368,7750.538955001747,24165.665515222456,503.4513649004678,432.91054421521596,210.137018830161,0,0,No pobre,3629.766348711342
2023,287,9,4,050101,05,0501,Sierra urbana,4,336.18576857741755,1344.7430743096702,47710.84310960979,993.9758981168707,466.8715569707485,230.58791189602854,0,0,No pobre,55587.80460164254
2025,490,15,3,040101,04,0401,Callao,2,1063.8315526435351,2127.6631052870703,220246.51692066592,9176.938205027747,463.99395069380006,220.18605472901663,0,0,No pobre,116117.20742165901
2021,10,3,1,150101,15,1501,Costa rural,3,198.0558728860036,594.1676186580108,10721.809603840225,297.8280445511174,411.1532528545345,269.0808060411114,1,0,Pobre no extremo,40982.6753439807
2025,30,1,4,050101,05,0501,Lima Metropolitana,3,710.3109679030883,2130.932903709265,8986.49847197663,249.62495755490642,396.28496894220353,229.07769944192265,1,0,Pobre no extremo,43046.84746627658
2025,244,19,4,010201,01,0102,Sierra urbana,3,1279.1450874285833,3837.43526228575,21579.46172696724,599.4294924157567,417.89745614921014,204.75090721208477,0,0,No pobre,174242.8517476531
2023,274,14,2,150101,15,1501,Costa rural,5,1698.0081784584338,8490.040892292169,13719.776256505467,228.66293760842444,408.84063832494013,228.78484010239632,1,1,Pobre extremo,48240.66557296274
2022,444,17,3,250101,25,2501,Costa rural,3,1487.624001279535,4462.8720038386045,50512.02772570717,1403.1118812696436,475.07807248149095,222.49451964241547,0,0,No pobre,18318.833778585653
2021,88,14,4,130101,13,1301,Selva rural,2,979.4278786094004,1958.8557572188008,32134.89462324424,1338.9539426351766,406.59156794386513,241.97078529547736,0,0,No pobre,23413.892241759466
2023,244,17,1,210101,21,2101,Lima Metropolitana,3,1827.5232384978785,5482.569715493635,9823.109523044797,272.86415341791104,398.12066817269357,215.82547226603208,1,0,Pobre no extremo,19774.930889442065
2022,381,14,2,150101,15,1501,Selva rural,3,675.1578635451642,2025.4735906354927,52813.09687029595,1467.030468619332,469.94790625592157,202.51815547895671,0,0,No pobre,96260.88524915991
2022,329,12,3,040101,04,0401,Costa rural,5,1532.568479427816,7662.84239713908,141903.45229283514,2365.057538213919,388.64786043560713,206.7116262611224,0,0,No pobre,131787.54035647688
2024,479,16,1,130101,13,1301,Costa rural,4,1000.6171413205586,4002.4685652822345,13106.626858792299,273.05472622483956,406.026605142646,219.82033126740558,1,0,Pobre no extremo,105587.03319743864
2021,15,1,4,250101,25,2501,Costa urbana,5,1807.4079338782738,9037.039669391368,36052.75941029161,600.8793235048602,423.91111940005885,224.38258420731754,0,0,No pobre,17528.06906716663
2022,4,13,3,200101,20,2001,Callao,3,1615.1223611421444,4845.367083426433,3732.358015198729,103.67661153329803,439.5107378159682,258.4115378031313,1,1,Pobre extremo,39034.707876820925
2023,191,6,3,210101,21,2101,Costa rural,6,1812.7923564834807,10876.754138900884,19316.27147770131,268.2815483014071,412.76728963733063,218.90487788100694,1,0,Pobre no extremo,73194.63233067564
2024,168,17,1,200101,20,2001,Callao,7,507.0709129899394,3549.4963909295757,35550.04688115389,423.2148438232606,429.6233996921005,202.20451374332322,1,0,Pobre no extremo,11298.871038359903
2021,9,12,3,040101,04,0401,Selva rural,4,1369.4858210207951,5477.9432840831805,23689.27375729231,493.52653661025647,399.88311864306064,254.65134382419978,0,0,No pobre,90130.93094438779
2025,109,19,1,210101,21,2101,Costa rural,6,1503.080475355116,9018.482852130695,29772.14589615454,413.50202633547974,437.42741202254854,260.8242299062274,1,0,Pobre no extremo,85083.30380578824
2023,137,6,4,040101,04,0401,Selva urbana,4,1510.587104036928,6042.348416147712,13356.470535533097,278.2598028236062,420.78168082796594,234.46143661803694,1,0,Pobre no extremo,66178.86448353415
2022,154,7,2,200101,20,2001,Costa urbana,6,1057.6008558879414,6345.605135327649,83618.15708306115,1161.3632928202937,464.92596872684504,219.94490615295294,0,0,No pobre,82577.19721813663
2022,388,1,1,250101,25,2501,Costa rural,5,121.37599246110983,606.8799623055492,18590.555604284375,309.8425934047396,421.57341333886524,254.04979160828913,1,0,Pobre no extremo,33439.128252744435
2023,209,1,2,210101,21,2101,Selva rural,7,596.7184893512424,4177.029425458697,8897.141227691296,105.9183479487059,424.381541788205,200.62288846773933,1,1,Pobre extremo,15746.062263876094
2022,272,5,3,150132,15,1501,Selva rural,4,714.2716625083241,2857.0866500332963,25979.87413619511,541.2473778373982,439.21749893424123,264.6819760375526,0,0,No pobre,117048.04878790939
2024,143,6,1,050101,05,0501,Sierra rural,5,1718.8695728353468,8594.347864176734,61735.517225134114,1028.9252870855685,392.31700040769414,260.5872151414118,0,0,No pobre,38016.2702317423
2021,99,16,4,250101,25,2501,Selva rural,4,1697.6830524980185,6790.732209992074,44312.79027267648,923.18313068076,395.6795176706281,238.1383246968385,0,0,No pobre,21549.03059390714
2024,377,16,1,210101,21,2101,Callao,3,298.8921976717882,896.6765930153647,16882.637603757685,468.96215565993566,459.02377472272406,219.4306831536852,0,0,No pobre,41295.75970679725
2022,308,14,1,040101,04,0401,Costa urbana,3,1904.6881753653893,5714.064526096168,132699.71725749515,3686.103257152643,407.3418779139547,202.29914179242985,0,0,No pobre,41002.251575994436
2025,69,1,1,040101,04,0401,Callao,6,446.6692246378328,2680.0153478269967,25153.096286395856,349.34855953327576,448.4696928928456,269.9876625137804,1,0,Pobre no extremo,22853.275159980178
2021,247,13,2,010201,01,0102,Selva rural,2,887.2829574717501,1774.5659149435003,5761.123830149848,240.04682625624366,389.7426969977202,253.34516061270787,1,1,Pobre extremo,62574.5329850173
2021,261,10,2,250101,25,2501,Selva urbana,4,508.79823561043526,2035.192942441741,45933.23158205997,956.9423246262494,462.1846660318013,223.70969130657107,0,0,No pobre,246748.64311997543
2023,276,10,3,040101,04,0401,Sierra urbana,3,1734.6316907757791,5203.895072327337,23775.362527598572,660.4267368777381,478.8228110918957,201.34903801471492,0,0,No pobre,10475.514129075265
2023,79,9,3,010101,01,0101,Selva urbana,3,1523.8638605326926,4571.591581598078,25168.716491178086,699.1310136438357,417.36909452077845,244.75042099225396,0,0,No pobre,10728.291013611773
2025,146,13,3,050101,05,0501,Lima Metropolitana,6,771.7047330868276,4630.228398520965,59870.204168450575,831.5306134507024,430.55301019148965,269.0832804026187,0,0,No pobre,124883.26762815038
2021,111,3,3,200101,20,2001,Callao,6,1395.5693894495053,8373.416336697032,21270.53812601539,295.4241406391027,424.27119798398024,249.4950896042867,1,0,Pobre no extremo,79885.95809551158
2025,258,18,1,130101,13,1301,Selva urbana,4,450.29707992593046,1801.1883197037218,20719.737234116754,431.66119237743237,469.41877486390234,205.86000859988636,1,0,Pobre no extremo,193068.20506493468
2023,93,2,2,010201,01,0102,Costa urbana,3,826.3644755144031,2479.0934265432093,8706.523977625546,241.84788826737628,380.993403769688,228.15948605214894,1,0,Pobre no extremo,240451.69807912194
2023,13,17,2,040101,04,0401,Costa urbana,4,816.5044178424056,3266.0176713696223,16705.642250950943,348.034213561478,445.3459321163836,207.64284239092908,1,0,Pobre no extremo,78768.1082158133
2021,260,19,2,010101,01,0101,Sierra rural,3,552.0796952706559,1656.2390858119675,33539.502810190825,931.652855838634,445.2368272803533,263.8512384720663,0,0,No pobre,11541.53245349672
2024,426,13,2,010201,01,0102,Selva rural,3,1764.9928942074769,5294.978682622431,15849.648698317314,440.2680193977032,418.2385008297953,223.12901296668065,0,0,No pobre,51828.3002595352
2022,109,13,3,010101,01,0101,Sierra rural,2,1389.8068974103398,2779.6137948206797,5988.2982483395745,249.51242701414893,401.9333642117015,251.33635705384697,1,1,Pobre extremo,25649.650195716156
2023,330,1,1,010201,01,0102,Costa urbana,4,631.8846900712186,2527.5387602848746,48355.82814632165,1007.413086381701,403.9682681415036,205.92832506063746,0,0,No pobre,59983.860945982444
2023,189,2,2,040101,04,0401,Selva rural,3,560.0294451951709,1680.0883355855126,50172.949789572194,1393.6930497103388,460.0464121213891,208.98902870568077,0,0,No pobre,17497.33780057681
2024,95,1,4,010101,01,0101,Costa urbana,4,134.1115948985542,536.4463795942168,50513.9936513553,1052.3748677365686,386.6103096374959,247.56413634354791,0,0,No pobre,63056.09219645188
2024,105,5,1,210101,21,2101,Costa urbana,3,758.5062822054738,2275.5188466164213,11696.113503979552,324.8920417772098,436.3824146274359,259.04359638535186,1,0,Pobre no extremo,75737.9414115708
2025,8,3,4,250101,25,2501,Sierra urbana,3,1100.8654382991047,3302.596314897314,26408.016753514676,733.5560209309632,410.68406029782653,214.10149694318952,0,0,No pobre,48972.60020247207
2025,67,7,1,130101,13,1301,Selva urbana,2,627.6507896259152,1255.3015792518304,33378.95923399641,1390.7899680831836,406.52478124683205,229.28360721979445,0,0,No pobre,56273.0810848338
2022,496,13,1,200101,20,2001,Sierra rural,7,1430.870725216563,10016.095076515941,45941.93325161047,546.9277768048865,430.5737665531036,243.35919242921887,0,0,No pobre,76906.87209135703
2022,191,18,1,130101,13,1301,Callao,4,882.3241051214059,3529.2964204856235,46874.765454278844,976.5576136308092,469.7861506279767,255.73934374821908,0,0,No pobre,17395.389756184915
2021,366,7,4,200101,20,2001,Sierra rural,1,701.0038903202689,701.0038903202689,7543.720980805002,628.6434150670835,441.8091919037331,243.97376272654967,0,0,No pobre,50279.613949682134
2025,256,1,2,150132,15,1501,Costa rural,4,1884.2095517016294,7536.8382068065175,126744.54756260036,2640.511407554174,458.86106277553233,206.67981444498037,0,0,No pobre,34188.59919708433
2023,9,5,2,050101,05,0501,Lima Metropolitana,6,599.3216668474643,3595.9300010847855,9066.784449393595,125.92756179713327,440.0683779262881,237.99735298338587,1,1,Pobre extremo,113501.64333391853
2025,478,17,4,150132,15,1501,Sierra urbana,5,856.689478183647,4283.447390918235,6197.81698494338,103.29694974905632,449.77157798727404,261.9224677033599,1,1,Pobre extremo,81492.29617974514
2023,117,8,2,150101,15,1501,Costa urbana,5,826.3524981894667,4131.762490947333,1919.1524904033154,31.985874840055256,423.24076487932956,260.7616604716789,1,1,Pobre extremo,20916.546825315458
2024,267,15,3,040101,04,0401,Costa urbana,2,558.2768567753718,1116.5537135507436,50446.97224269492,2101.9571767789553,472.5981635208184,240.9510925425673,0,0,No pobre,74874.0916702022
2025,99,4,2,210101,21,2101,Sierra urbana,4,513.2058056397917,2052.823222559167,99107.51283228758,2064.739850672658,430.19390204391607,269.6987344739587,0,0,No pobre,147589.84173321896
2024,485,2,3,250101,25,2501,Selva rural,5,674.5220357454668,3372.610178727334,15226.380067795326,253.7730011299221,435.17746692267633,207.3586605669049,1,0,Pobre no extremo,55499.14673045954
2022,298,5,3,210101,21,2101,Sierra rural,4,1742.0487228692436,6968.194891476975,5479.736014034045,114.1611669590426,432.496550325485,233.5016750174157,1,1,Pobre extremo,26742.535702321944
2022,397,1,3,130101,13,1301,Costa urbana,6,1557.457485735652,9344.744914413912,59105.792385008506,820.9137831251181,411.61890201649186,254.25865475469183,0,0,No pobre,12519.292001987073
2021,164,5,4,200101,20,2001,Lima Metropolitana,3,1393.8990769040993,4181.697230712298,8365.821471034353,232.38392975095425,403.12384355991856,209.87266826799114,1,0,Pobre no extremo,5083.803110879026
2025,376,6,2,150132,15,1501,Costa rural,3,968.4956860207375,2905.4870580622123,46961.8710094427,1304.496416928964,387.3834964115555,268.09248330379984,0,0,No pobre,111161.20577855271
2024,141,2,2,210101,21,2101,Sierra rural,6,1064.7325708019466,6388.39542481168,11707.256195784055,162.60078049700076,451.8174982002549,224.78325816285516,1,1,Pobre extremo,9413.78686405995
2023,268,1,4,150132,15,1501,Selva urbana,4,607.5638064375746,2430.2552257502985,18121.070289884643,377.52229770593004,408.92752631703706,224.50978277850137,1,0,Pobre no extremo,13159.819003520428
2022,37,4,4,050101,05,0501,Callao,1,241.20023628824347,241.20023628824347,35857.950822790954,2988.162568565913,418.9197963195607,214.92360107988443,0,0,No pobre,40300.317587468715
2022,74,7,2,050101,05,0501,Callao,3,728.9770577689163,2186.931173306749,36097.561351454475,1002.710037540402,471.99281627262127,220.1612224846616,0,0,No pobre,49683.234292704445
2023,73,1,4,200101,20,2001,Lima Metropolitana,6,1041.6091363854957,6249.654818312974,29616.252753831726,411.3368438032184,436.6447349411874,240.4312230051168,1,0,Pobre no extremo,158172.5366127139
2024,308,1,4,150101,15,1501,Sierra urbana,1,208.89478838673165,208.89478838673165,101028.61279329444,8419.05106610787,389.70780639039384,230.05480023356682,0,0,No pobre,52514.459191316346
2024,199,8,3,210101,21,2101,Sierra rural,1,267.64327390850224,267.64327390850224,125856.05990468232,10488.00499205686,459.96119128238496,213.53647248287112,0,0,No pobre,27771.987396387234
2025,130,16,4,250101,25,2501,Callao,3,599.7479424806778,1799.2438274420333,135008.09606055776,3750.224890571049,405.61305991094554,256.63979582215285,0,0,No pobre,27805.87674489625
2025,246,13,3,150132,15,1501,Selva urbana,6,797.452709826247,4784.716258957482,22960.691541271466,318.8984936287704,435.27058426461826,204.3567514986842,1,0,Pobre no extremo,7973.349488890594
2021,312,18,1,150132,15,1501,Costa rural,6,847.3019411255399,5083.811646753239,29598.30711277531,411.08759878854596,430.99814748639903,258.42569211501905,1,0,Pobre no extremo,153445.54888982524
2022,60,10,3,050101,05,0501,Selva rural,4,323.9835259472097,1295.934103788839,93009.11074823543,1937.6898072549047,403.80788423518806,219.24571072535386,0,0,No pobre,88146.9907591434
2025,279,12,3,040101,04,0401,Callao,4,529.0605736160987,2116.242294464395,14964.828563583185,311.76726174131636,391.5771034794581,234.71323331671803,1,0,Pobre no extremo,47889.93605741214
2024,103,1,4,200101,20,2001,Sierra urbana,3,597.1297789208566,1791.3893367625697,18273.736220994026,507.60378391650073,401.1261606494968,226.67451770118743,0,0,No pobre,152184.55274813858
2023,296,10,2,150132,15,1501,Selva rural,3,228.50626478236777,685.5187943471033,27412.780911060643,761.4661364183512,389.7337799563966,239.94214793728,0,0,No pobre,106417.55806322464
2024,320,9,1,050101,05,0501,Callao,5,719.5894311204248,3597.947155602124,26440.13759976527,440.66895999608784,407.5628018952101,255.7192996598123,0,0,No pobre,62286.78227934201
2022,487,3,1,050101,05,0501,Lima Metropolitana,2,237.22098823546372,474.44197647092744,20790.187970157633,866.2578320899014,479.72975107374646,269.2523855432286,0,0,No pobre,35122.21443940359
2024,341,19,1,010101,01,0101,Costa urbana,4,1436.5699019083731,5746.279607633493,11597.18928803373,241.60811016736935,420.2092265241383,221.4241401957731,1,0,Pobre no extremo,37716.68344181932
2021,151,9,2,150132,15,1501,Selva rural,4,833.4907564588898,3333.963025835559,58036.942163240354,1209.102961734174,466.38883913350105,238.76630886544737,0,0,No pobre,8280.486670964114
2022,157,10,1,010101,01,0101,Costa urbana,2,720.8295398189119,1441.6590796378239,18984.000277349034,791.0000115562098,434.91776921290614,232.6205284142498,0,0,No pobre,106211.95061654673
2023,206,19,1,250101,25,2501,Lima Metropolitana,4,340.3921258568531,1361.5685034274125,30968.318313276595,645.1732981932624,446.6583079333733,269.92497115191844,0,0,No pobre,29838.42805039824
2021,474,16,2,250101,25,2501,Callao,4,530.356945345302,2121.427781381208,26733.617168173783,556.9503576702872,395.6347969750556,256.6239541349614,0,0,No pobre,105444.32233030374
2022,179,18,1,050101,05,0501,Selva urbana,5,542.1398969843349,2710.6994849216744,49407.74610939133,823.4624351565221,407.48058674219754,227.79587010061348,0,0,No pobre,75613.49733449193
2023,197,14,4,040101,04,0401,Sierra rural,3,1971.8880082592757,5915.664024777827,40563.39285382936,1126.7609126063712,431.0443423028926,233.38153389253526,0,0,No pobre,40200.98591156492
2021,223,3,4,040101,04,0401,Costa rural,3,1687.1638210661372,5061.491463198412,21380.67283340008,593.9075787055577,468.11434342268404,217.21696160986153,0,0,No pobre,84214.79923629791
2021,89,2,3,010101,01,0101,Selva urbana,4,128.9983541035201,515.9934164140803,18518.65106325927,385.8052304845681,384.28880358849403,252.86731238241785,0,0,No pobre,16653.157762664898
2022,287,1,3,050101,05,0501,Costa rural,7,1271.9895224601114,8903.92665722078,24351.043636972357,289.8933766306233,430.6919959565721,259.16482504649093,1,0,Pobre no extremo,8315.39566274508
2025,434,18,3,010101,01,0101,Selva rural,3,586.2291832016551,1758.6875496049654,9908.819809147339,275.2449946985372,385.10122125084297,267.5490776536044,1,0,Pobre no extremo,31207.879316263592
2021,276,9,4,200101,20,2001,Costa rural,7,298.3161647572101,2088.213153300471,13044.931088326955,155.29679867055899,425.68226764492823,239.6080227772458,1,1,Pobre extremo,56285.7746580138
2021,236,13,4,010101,01,0101,Selva rural,5,1440.6395499275338,7203.197749637669,43366.918981802046,722.7819830300341,442.8868159332637,246.94781015662076,0,0,No pobre,85778.7844709639
2023,183,2,4,150101,15,1501,Costa rural,5,350.05054398986357,1750.252719949318,35222.20776012028,587.0367960020047,454.4723191428307,231.22411821686217,0,0,No pobre,39851.27263303387
2024,209,7,3,150132,15,1501,Sierra urbana,2,943.1074811064977,1886.2149622129955,11277.54130501658,469.89755437569085,393.85320052606266,242.63899572363505,0,0,No pobre,14745.630845613065
2022,493,16,3,250101,25,2501,Selva urbana,3,1301.113813195856,3903.341439587568,24152.698141720783,670.9082817144662,396.6575283461348,224.41243211680916,0,0,No pobre,133829.25109354535
2022,130,19,3,010201,01,0102,Callao,2,1153.5400366944784,2307.080073388957,6589.313169022533,274.5547153759389,427.00649216917907,251.63823815644474,1,0,Pobre no extremo,25392.374504141713
2025,153,15,3,050101,05,0501,Callao,3,1957.4952867752115,5872.485860325634,30385.667285479176,844.0463134855327,479.8036457979074,201.58902560280643,0,0,No pobre,53498.705475078394
2025,13,11,3,040101,04,0401,Sierra urbana,7,1592.910964932793,11150.37675452955,19880.011818960647,236.66680736857913,415.60468356567634,201.99197947843885,1,0,Pobre no extremo,60124.88915102517
2022,122,1,3,210101,21,2101,Sierra rural,2,1570.9674146422306,3141.934829284461,177290.612975428,7387.108873976166,422.75274273629105,250.12846231306187,0,0,No pobre,38920.81814589889
2025,359,7,4,150132,15,1501,Callao,4,775.6312487539593,3102.5249950158372,45635.37170764793,950.7369105759985,423.24467428145516,265.14779621876164,0,0,No pobre,5205.159066591522
2023,220,8,2,010201,01,0102,Sierra rural,1,115.95143495986923,115.95143495986923,11409.03268913784,950.7527240948201,388.0700821357095,244.25742541055124,0,0,No pobre,18548.10253752466
2022,106,10,2,150101,15,1501,Costa urbana,5,1495.3807663743078,7476.903831871539,11268.594924991778,187.80991541652963,457.4172145289995,250.85698093025877,1,1,Pobre extremo,57908.47723610714
2025,375,5,3,210101,21,2101,Callao,2,1999.4909601617776,3998.981920323555,47760.738011738424,1990.030750489101,405.31015244261073,257.67540038527176,0,0,No pobre,175180.22446415815
2022,70,9,2,040101,04,0401,Costa urbana,2,871.1703047128696,1742.340609425739,59361.00716235007,2473.3752984312528,450.366705688292,225.31719851245055,0,0,No pobre,71562.61477481801
2024,195,1,2,150101,15,1501,Callao,3,1972.485148018523,5917.455444055569,143300.22306762257,3980.5617518784047,427.5089878835591,207.56795602915858,0,0,No pobre,59062.088423270514
2021,186,2,4,040101,04,0401,Callao,5,369.2454081152582,1846.227040576291,76170.01867207458,1269.500311201243,441.1779742219384,265.3164601075067,0,0,No pobre,4970.672077914359
2022,99,19,3,040101,04,0401,Costa urbana,2,663.373468109763,1326.746936219526,41333.554410762175,1722.2314337817572,385.39716364949965,265.6999395501708,0,0,No pobre,104497.03937011657
2021,82,14,3,050101,05,0501,Lima Metropolitana,3,424.38117031069424,1273.1435109320828,96843.42491447374,2690.0951365131596,468.9965684416566,230.92883889004554,0,0,No pobre,91470.02858280431
2025,75,10,2,210101,21,2101,Sierra rural,1,1002.83434856095,1002.83434856095,28770.86542287073,2397.572118572561,404.3856769419713,215.20187598962298,0,0,No pobre,64196.223936388116
2021,374,9,3,200101,20,2001,Costa rural,7,1614.2646628637187,11299.85264004603,27641.11864105028,329.0609362029795,447.0095387500837,262.46480679389924,1,0,Pobre no extremo,47566.5959350655
2022,340,10,3,010101,01,0101,Selva rural,4,747.2572139221124,2989.0288556884498,9032.692518301405,188.18109413127925,459.8019112066162,249.58986879596773,1,1,Pobre extremo,60203.123934972966
2024,192,6,3,010101,01,0101,Lima Metropolitana,5,1821.8349805885557,9109.17490294278,104561.71287625874,1742.6952146043122,434.0038717283197,200.57598453828732,0,0,No pobre,123995.83569389138
2025,325,17,3,150132,15,1501,Costa rural,4,1135.1777853265917,4540.711141306367,30307.542273918774,631.4071307066412,413.7334022078624,207.54037910213577,0,0,No pobre,34448.960671450244
2022,467,6,2,040101,04,0401,Selva urbana,2,984.3063861095668,1968.6127722191336,24618.285584806184,1025.7618993669244,477.79033744810766,268.82397499402214,0,0,No pobre,52932.22486022896
2025,214,4,1,150132,15,1501,Sierra rural,4,1595.368100171025,6381.4724006841,13166.03663781936,274.29242995456997,407.84397132706954,202.66897251657014,1,0,Pobre no extremo,26726.150877672302
2023,315,3,2,210101,21,2101,Callao,2,292.7426443793907,585.4852887587814,81051.39123875686,3377.141301614869,474.866233712327,219.77885072545354,0,0,No pobre,36891.91098392026
2021,444,19,4,040101,04,0401,Callao,3,1570.129695300282,4710.389085900846,65373.625933924646,1815.934053720129,395.6224133684732,238.39474412942954,0,0,No pobre,40723.958540547086
2023,467,18,1,040101,04,0401,Callao,4,561.6088003283708,2246.435201313483,11944.03960951575,248.83415853157814,418.92221315223435,212.90489313438817,1,0,Pobre no extremo,67038.59174404776
2022,382,4,1,010201,01,0102,Selva rural,4,633.5438396481513,2534.1753585926053,42592.543590261055,887.3446581304387,393.8495584147302,216.24378604540712,0,0,No pobre,22084.055014763228
2024,367,8,1,250101,25,2501,Selva rural,2,1238.9621693081517,2477.9243386163034,55071.4015717405,2294.6417321558542,380.2240473073696,224.70772405934017,0,0,No pobre,32232.83220528138
2025,318,17,2,010101,01,0101,Selva rural,1,1813.6754075877898,1813.6754075877898,8763.504986230852,730.2920821859043,406.02585403964747,218.86879878260675,0,0,No pobre,50591.74744381815
2021,144,5,4,210101,21,2101,Costa urbana,5,1198.973204564643,5994.866022823216,47911.703232617954,798.5283872102992,388.7210400918955,256.2349359544005,0,0,No pobre,31920.17624256802
2025,384,13,2,150101,15,1501,Selva rural,5,1333.0037627095253,6665.018813547626,40010.34878761731,666.8391464602885,478.63455230903475,235.01921313748232,0,0,No pobre,42461.76436586378
2022,216,1,4,150101,15,1501,Selva rural,2,1575.529720250021,3151.059440500042,47139.220372022275,1964.1341821675949,456.16533179518024,219.50341033043273,0,0,No pobre,11043.256368155111
2025,361,13,2,200101,20,2001,Sierra rural,2,592.7170420857249,1185.4340841714497,160819.73751788933,6700.822396578722,380.3704796322009,221.91672234462888,0,0,No pobre,62973.76226185754
2021,324,4,2,130101,13,1301,Costa rural,6,1671.7439783278708,10030.463869967225,386734.60197082435,5371.31391626145,402.36465848235923,202.7905471711622,0,0,No pobre,19756.61505974259
2022,15,14,2,210101,21,2101,Lima Metropolitana,5,894.1242832275844,4470.621416137922,81847.00763939039,1364.1167939898398,447.0124241283717,203.45744533266128,0,0,No pobre,9138.589769292912
2025,217,3,1,130101,13,1301,Lima Metropolitana,7,433.74581763320873,3036.220723432461,34011.1569436517,404.8947255196631,419.85521131647545,250.2535296451219,1,0,Pobre no extremo,48490.85761423015
2024,492,5,2,010201,01,0102,Callao,3,765.2243509761374,2295.6730529284123,47782.62885866384,1327.2952460739955,463.1842563044227,207.90375859497797,0,0,No pobre,50899.180452782166
2022,439,7,4,150101,15,1501,Costa rural,4,567.6491122646281,2270.5964490585125,39760.32140829799,828.3400293395415,430.48607783757313,233.30577422772473,0,0,No pobre,56124.58044533649
2022,35,1,4,210101,21,2101,Sierra urbana,3,534.5558497577272,1603.6675492731815,223367.7896634442,6204.660823984561,445.3651419732429,258.96559499990576,0,0,No pobre,56963.785263735896
2024,183,12,4,040101,04,0401,Sierra urbana,4,636.8700775664156,2547.4803102656624,30444.585656586998,634.2622011788958,439.70373975944807,225.7917454009041,0,0,No pobre,55429.12004137815
2023,270,11,1,250101,25,2501,Selva urbana,2,443.76854800997006,887.5370960199401,18530.333755753414,772.0972398230589,443.8168900623634,224.2026558907494,0,0,No pobre,157694.14032508284
2021,433,8,2,050101,05,0501,Sierra rural,2,1368.6333384570214,2737.266676914043,44084.44368704513,1836.8518202935472,403.009885382718,261.113379305088,0,0,No pobre,83740.2870620885
2023,467,6,2,250101,25,2501,Sierra urbana,2,1201.9843383667226,2403.968676733445,176124.85633640783,7338.53568068366,417.32894392061917,260.5395277654771,0,0,No pobre,92831.74976409892
2025,358,2,3,200101,20,2001,Sierra urbana,4,1332.0395966685142,5328.158386674057,11251.082241667738,234.39754670141122,385.0629252864491,261.6095761022199,1,1,Pobre extremo,64411.813803494966
2024,100,19,1,150101,15,1501,Sierra rural,4,753.0769752735048,3012.307901094019,14695.452619283786,306.1552629017455,438.76365146882085,240.0339772092231,1,0,Pobre no extremo,86317.77171624366
2023,7,14,4,150132,15,1501,Costa rural,4,1562.4934648906842,6249.973859562737,13981.27900556613,291.2766459492944,425.92584620757754,266.66129915012823,1,0,Pobre no extremo,23630.315284199893
2022,30,1,4,150132,15,1501,Callao,6,346.25660781291305,2077.5396468774784,9160.262230892396,127.22586431794996,456.07161490190725,257.3274763472164,1,1,Pobre extremo,69468.82412205363
2025,467,10,2,050101,05,0501,Selva urbana,5,1185.1597479765844,5925.798739882922,11429.427958420918,190.49046597368198,400.6382464621642,229.0944098866658,1,1,Pobre extremo,116137.94010390306
2025,305,16,4,150101,15,1501,Selva urbana,4,623.3606472683005,2493.442589073202,62713.839867863855,1306.538330580497,423.68121160678015,244.0688599358027,0,0,No pobre,29432.915510913936
2023,473,4,2,210101,21,2101,Selva urbana,7,1102.4588113254615,7717.211679278231,32788.44619745813,390.3386452078349,398.07454330573864,208.5252357930817,1,0,Pobre no extremo,143623.36680405983
2023,144,11,2,040101,04,0401,Sierra urbana,4,714.9106329564544,2859.6425318258175,8396.157621262795,174.9199504429749,441.3979225248442,238.5932530165596,1,1,Pobre extremo,25951.41395637044
2024,111,16,3,200101,20,2001,Costa rural,2,1601.972353673461,3203.944707346922,49866.786025459645,2077.7827510608186,464.8030256511452,218.4204358487988,0,0,No pobre,58334.22229980779
2021,232,1,1,150132,15,1501,Selva urbana,7,1793.4164937923797,12553.915456546658,36713.8394639145,437.06951742755354,456.5443248448985,219.84830585579581,1,0,Pobre no extremo,13193.239680019151
2023,179,16,2,050101,05,0501,Sierra rural,1,1510.9043244060992,1510.9043244060992,63352.90595286871,5279.408829405726,474.4197972630887,208.80027630495474,0,0,No pobre,80991.83463836816
2023,72,19,2,250101,25,2501,Selva urbana,4,433.6090544135689,1734.4362176542757,15621.404257173937,325.44592202445705,477.1725781863591,225.07394565017486,1,0,Pobre no extremo,123639.69037806352
2022,210,9,2,040101,04,0401,Lima Metropolitana,3,622.2471069378884,1866.741320813665,8916.139331484503,247.67053698568063,457.2033867581991,233.69732312094104,1,0,Pobre no extremo,35408.13183065822
2025,220,9,3,150132,15,1501,Costa urbana,4,1846.78032448499,7387.12129793996,49607.28667925824,1033.4851391512134,408.68060853802587,242.02481088308042,0,0,No pobre,9594.625501524726
2021,80,9,2,250101,25,2501,Costa rural,4,930.7182425505824,3722.8729702023297,56533.46505218699,1177.7805219205623,401.9261377215318,221.34085353885166,0,0,No pobre,37674.58800614936
2022,83,17,1,210101,21,2101,Costa urbana,3,1888.242777763607,5664.728333290821,9956.706847383934,276.57519020510927,424.75490345489436,255.4573764017064,1,0,Pobre no extremo,14989.75260687421
2024,42,12,1,250101,25,2501,Costa rural,4,845.6582088383069,3382.6328353532276,33332.55859100695,694.4283039793114,479.3883694577121,236.46719731226025,0,0,No pobre,39816.61623041669
2024,273,13,4,040101,04,0401,Selva rural,5,1908.3718551222612,9541.859275611307,15449.987385921519,257.4997897653586,421.2668020817155,244.66364762690114,1,0,Pobre no extremo,83755.43827303265
2023,191,8,1,250101,25,2501,Sierra rural,3,1858.9040766933288,5576.7122300799865,64475.39401548373,1790.9831670967703,399.90684105722687,219.4700526284973,0,0,No pobre,58241.28240083945
2023,173,16,4,210101,21,2101,Selva rural,3,1355.0010909745708,4065.0032729237128,48823.010076629995,1356.1947243508332,474.4342877783241,256.9895115308585,0,0,No pobre,7691.432994083726
2024,461,18,1,200101,20,2001,Sierra urbana,3,116.77139207685539,350.3141762305662,80568.82814490426,2238.023004025118,418.5917977596023,243.69921153961562,0,0,No pobre,26230.060157910943
2023,7,1,4,040101,04,0401,Sierra urbana,5,860.6358957542801,4303.179478771401,12618.179427013616,210.30299045022693,449.0898887227631,260.364412461441,1,1,Pobre extremo,44633.26155604376
2021,155,1,2,200101,20,2001,Selva rural,5,1831.3467464216321,9156.733732108161,14461.502438389527,241.02504063982545,458.8152978614587,211.19661052568063,1,0,Pobre no extremo,145138.6279288108
2023,10,12,3,050101,05,0501,Costa rural,6,1781.709549305418,10690.257295832507,19273.142346277327,267.6825325871851,464.3155902059534,226.6464286851699,1,0,Pobre no extremo,31328.900120951435
2025,34,6,3,150101,15,1501,Selva urbana,2,456.03682018261594,912.0736403652319,16696.49965605153,695.6874856688137,462.128038712279,207.91113288400817,0,0,No pobre,59743.95811433558
2023,36,9,3,250101,25,2501,Costa urbana,2,858.4467423412949,1716.8934846825898,37481.651540736406,1561.7354808640168,463.624686299998,215.08691176330748,0,0,No pobre,43307.58146252361
2022,409,5,2,010201,01,0102,Sierra rural,2,1687.468862970996,3374.937725941992,10204.946399307539,425.20609997114747,446.76534275778806,227.6183253139409,1,0,Pobre no extremo,20191.34712538797
2021,6,16,3,200101,20,2001,Selva urbana,2,1197.9679211751034,2395.9358423502067,105776.45752587449,4407.352396911437,420.383106927246,262.6207335361562,0,0,No pobre,23068.488399081718
2022,408,18,1,210101,21,2101,Sierra urbana,4,1709.8685435477812,6839.474174191125,129242.4090364743,2692.5501882598815,446.7286854063837,238.99284683503328,0,0,No pobre,29993.659387291995
2022,402,17,4,150132,15,1501,Selva urbana,7,1670.4780304522699,11693.346213165889,73020.71565859175,869.2942340308542,463.6734334059913,223.12648314999808,0,0,No pobre,129581.64676029606
2025,215,18,2,200101,20,2001,Callao,3,1824.2158132097177,5472.647439629153,42195.77336280267,1172.1048156334075,415.0642464624421,252.28294140157146,0,0,No pobre,16688.64859234655
2021,134,1,3,150132,15,1501,Callao,7,322.71911756970525,2259.0338229879367,24080.396027331255,286.671381277753,409.650799029204,201.3777894336011,1,0,Pobre no extremo,30336.989210837688
2021,285,19,1,250101,25,2501,Selva rural,1,375.90876876167977,375.90876876167977,31889.041824466964,2657.420152038914,414.37072171051636,225.90645478698676,0,0,No pobre,19940.911632261133
2021,126,8,1,050101,05,0501,Callao,6,257.33715504119976,1544.0229302471985,13620.587435827305,189.17482549760146,435.1283396029368,242.0582187615365,1,1,Pobre extremo,133935.53320750972
2021,409,3,2,010101,01,0101,Selva rural,2,1877.01079808132,3754.02159616264,30998.317533076708,1291.596563878196,385.2443874813944,240.82661127035414,0,0,No pobre,53299.23453676841
2021,439,5,2,040101,04,0401,Lima Metropolitana,6,1002.808530317997,6016.851181907982,36381.33951657792,505.29638217469335,457.897081901684,242.5290517709746,0,0,No pobre,143007.5992614131
2025,337,8,3,150132,15,1501,Lima Metropolitana,2,222.21803861665148,444.43607723330297,12799.824060442936,533.3260025184557,393.8851958450202,214.8050535370126,0,0,No pobre,2525.013387741298
2023,174,19,4,150132,15,1501,Costa urbana,6,710.9068147766783,4265.4408886600695,115759.20750884822,1607.7667709562254,393.2838656784099,223.5955407095435,0,0,No pobre,91836.89547469276
2022,152,18,3,040101,04,0401,Callao,3,767.684018146937,2303.052054440811,24939.201785696205,692.7556051582279,399.7659139356105,265.20958164802386,0,0,No pobre,14767.210000346904
2021,331,18,3,010101,01,0101,Sierra urbana,3,1638.1636646058387,4914.490993817516,10658.875367070994,296.0798713075276,437.6927434972498,268.17828719006883,1,0,Pobre no extremo,20135.589507190998
2023,26,1,2,250101,25,2501,Costa rural,4,1497.4060951247536,5989.6243804990145,22364.316500520887,465.92326042751847,408.5568375803956,221.84268459323263,0,0,No pobre,30048.268142487148
2023,383,15,3,210101,21,2101,Callao,3,1409.835394168881,4229.506182506643,15642.315565482764,434.50876570785454,416.80903289865523,245.1152592386128,0,0,No pobre,35641.86121641911
2022,115,18,3,150101,15,1501,Sierra rural,4,141.5407499236196,566.1629996944783,12628.855253456873,263.10115111368486,473.16491109781276,216.89077453958342,1,0,Pobre no extremo,35708.45397335373
2025,382,7,4,150132,15,1501,Selva rural,7,1830.3220132101196,12812.254092470837,110657.14788103985,1317.3469985838078,464.7202179976985,225.79700668816002,0,0,No pobre,17843.16517063926
2024,482,16,1,010101,01,0101,Callao,4,509.555007139909,2038.220028559636,27145.29229348633,565.5269227809653,465.2190533104782,255.46342877711746,0,0,No pobre,32702.196008628296
2024,284,16,1,010101,01,0101,Sierra rural,5,1295.2166689160879,6476.083344580439,67968.86963020843,1132.814493836807,437.7641833325988,235.0825111004491,0,0,No pobre,33018.436983354215
2023,387,15,4,050101,05,0501,Sierra urbana,2,217.4561817216964,434.9123634433928,38960.653946144455,1623.3605810893523,466.64661472904805,259.4712971889078,0,0,No pobre,6955.8381182333405
2022,75,6,1,150132,15,1501,Costa rural,4,254.89957455690356,1019.5982982276142,41314.30278360324,860.7146413250675,457.85658253405535,244.011817196134,0,0,No pobre,51242.26459407323
2024,166,9,3,200101,20,2001,Lima Metropolitana,4,118.19686264723208,472.7874505889283,26573.641092180147,553.6175227537531,475.3236802911062,244.02448296023042,0,0,No pobre,36810.32151150356
2023,189,7,4,250101,25,2501,Selva rural,6,1175.262524636128,7051.575147816769,18236.926629684847,253.29064763451177,386.43684050219156,202.37160197034777,1,0,Pobre no extremo,44012.26194230013
2025,78,14,4,210101,21,2101,Costa urbana,3,1295.8213722721189,3887.4641168163566,86679.26314627728,2407.7573096188135,382.8727133653933,252.47692514693367,0,0,No pobre,22084.66956585476
2024,435,11,2,010101,01,0101,Sierra rural,4,195.87837614313463,783.5135045725385,48475.89159557235,1009.9144082410907,397.50299407238913,268.4506569565348,0,0,No pobre,37249.659845060916
2023,90,16,1,050101,05,0501,Callao,3,651.9212810516739,1955.7638431550217,22861.88942838074,635.0524841216871,472.90848205079755,233.11199921773692,0,0,No pobre,4151.482821756011
2023,176,6,2,050101,05,0501,Sierra urbana,3,1717.7633869382316,5153.290160814695,65837.72038217708,1828.8255661715857,440.5565105954246,211.10060104714205,0,0,No pobre,21187.24909614561
2021,21,16,3,040101,04,0401,Sierra rural,3,292.4858969635368,877.4576908906104,104727.43462024588,2909.0954061179414,422.6112517695281,268.3884369966377,0,0,No pobre,23184.18464011046
2025,54,16,4,150132,15,1501,Callao,3,511.43961265132936,1534.3188379539881,37400.63447649882,1038.9065132360784,431.27110614761517,220.30881123725064,0,0,No pobre,34542.32439879037
2021,184,12,3,010101,01,0101,Lima Metropolitana,3,906.3432960976114,2719.029888292834,108691.68692224787,3019.2135256179963,462.960458822767,228.64385690160194,0,0,No pobre,35244.28766655748
2022,359,17,1,210101,21,2101,Lima Metropolitana,1,1700.3207950029202,1700.3207950029202,17510.1555736827,1459.179631140225,472.9109995803924,205.4156489871072,0,0,No pobre,94264.89447630964
2021,222,5,2,200101,20,2001,Costa rural,5,584.2132035028881,2921.0660175144403,11972.070750294424,199.53451250490707,452.969883431091,207.7585805984693,1,1,Pobre extremo,11944.094241274937
2021,315,13,1,010201,01,0102,Costa urbana,2,1994.5603291903499,3989.1206583806998,19758.216141927165,823.2590059136319,455.9847832937296,215.15959693915843,0,0,No pobre,74662.84710956289
2024,328,8,3,010201,01,0102,Lima Metropolitana,6,774.9974449632039,4649.984669779224,27920.62988669217,387.78652620405796,412.0378044163838,238.39262455631408,1,0,Pobre no extremo,269256.4801077475
2023,179,5,2,200101,20,2001,Costa rural,2,834.2524511188839,1668.5049022377677,109080.08089381107,4545.003370575461,426.7035195274539,239.04524413050856,0,0,No pobre,22293.541392606367
2025,276,12,1,010101,01,0101,Lima Metropolitana,2,332.00178803850923,664.0035760770185,19094.630144947736,795.6095893728224,468.5210193471166,242.43706759900172,0,0,No pobre,75579.5629608526
2021,112,9,3,150132,15,1501,Selva rural,4,1392.3760116274084,5569.504046509634,38017.942298679634,792.0404645558257,458.59341100725777,240.86718699053174,0,0,No pobre,152218.5900545449
2025,224,3,1,210101,21,2101,Selva urbana,4,562.583847290515,2250.33538916206,72465.9558615405,1509.7074137820937,448.4270918461348,234.66658881583902,0,0,No pobre,148168.09421210102
2021,214,3,4,040101,04,0401,Costa rural,4,1294.848431060588,5179.393724242352,40974.286358969825,853.6309658118713,386.524683588812,256.14690582214763,0,0,No pobre,27136.568247729334
2022,59,1,2,150132,15,1501,Costa rural,4,523.9996839655605,2095.998735862242,17253.868807403243,359.4556001542342,383.95072194539546,265.3729788161711,1,0,Pobre no extremo,107183.24796124181
2021,327,18,2,150101,15,1501,Sierra rural,3,836.9573077302891,2510.871923190867,8512.14211907011,236.44839219639192,393.0410943113995,218.88329332954606,1,0,Pobre no extremo,85807.69323204846
2024,393,12,2,150132,15,1501,Lima Metropolitana,4,1727.6769747133933,6910.707898853573,80577.83619669509,1678.7049207644811,438.1391099197833,209.11355776145044,0,0,No pobre,121276.0741000264
2023,109,9,4,150132,15,1501,Costa rural,4,1503.921231800733,6015.684927202932,10433.305719107288,217.36053581473516,433.638684734115,229.75611057341706,1,1,Pobre extremo,72417.8847177188
2022,385,9,2,250101,25,2501,Sierra urbana,3,393.7227098930745,1181.1681296792235,19133.647490628853,531.4902080730237,474.26908265470536,201.84956625657833,0,0,No pobre,116994.1719603021
2021,157,18,4,010101,01,0101,Selva rural,5,1254.6455180107926,6273.227590053963,27737.705179442073,462.29508632403457,449.47596400433963,261.83232115981735,0,0,No pobre,28955.371661692327
2025,191,18,2,040101,04,0401,Sierra rural,5,1294.4172381802377,6472.086190901189,83875.62038571997,1397.9270064286661,409.3972617345426,216.7794382172427,0,0,No pobre,22951.938855755845
2022,200,7,1,250101,25,2501,Sierra rural,3,272.08009965353597,816.2402989606079,66034.77742798634,1834.2993729996206,396.14962938156975,238.45076408238066,0,0,No pobre,4104.992300906908
2022,312,4,1,010101,01,0101,Selva urbana,5,985.030743238278,4925.15371619139,30745.802335465803,512.43003892443,464.9533239328382,208.0566492927533,0,0,No pobre,23797.160993361602
2021,196,13,1,130101,13,1301,Selva rural,6,595.269951768455,3571.61971061073,80137.67629376474,1113.0232818578436,425.9624103689024,238.7280137470299,0,0,No pobre,26632.797247657574
2022,35,17,1,040101,04,0401,Callao,4,987.5472712506177,3950.1890850024706,97677.44779904626,2034.9468291467972,445.3469497408849,202.7295417031305,0,0,No pobre,5981.9894882082035
2025,379,2,4,010101,01,0101,Sierra urbana,3,1576.4348835134626,4729.304650540388,17518.166164639297,486.61572679553603,436.5143606590803,253.8164686912341,0,0,No pobre,37976.42537076914
2022,387,14,3,010201,01,0102,Selva rural,6,400.6931636396074,2404.158981837644,18884.951737000836,262.29099634723383,390.7456346136635,266.87950238507403,1,1,Pobre extremo,106142.37832239553
2025,246,3,3,250101,25,2501,Costa rural,2,334.2779906172832,668.5559812345664,52800.447344085565,2200.0186393368986,385.7058383681827,221.48832454605167,0,0,No pobre,14578.368309760746
2021,237,5,1,130101,13,1301,Selva urbana,1,611.7013407009686,611.7013407009686,123908.38226076904,10325.698521730754,417.70181897164133,218.0750227318005,0,0,No pobre,236201.438658177
2023,104,14,3,040101,04,0401,Sierra urbana,3,1909.323355658508,5727.970066975524,14395.158667702628,399.8655185472952,416.1550297545718,231.3596480110788,1,0,Pobre no extremo,52630.338281544166
2022,7,3,3,150101,15,1501,Selva urbana,5,1520.866001251436,7604.33000625718,5126.048487821095,85.43414146368491,447.37981129689064,243.39815621752632,1,1,Pobre extremo,84487.51557121417
2023,283,7,2,210101,21,2101,Selva rural,6,136.96613934763852,821.796836085831,48273.47536694376,670.4649356519967,443.22004091011615,213.22737233942655,0,0,No pobre,34582.51313818151
2025,1,18,4,150101,15,1501,Costa urbana,4,861.9092007184156,3447.6368028736624,91849.04277427541,1913.521724464071,476.8940928463994,256.2315598084014,0,0,No pobre,14917.910260183522
2022,219,13,1,010201,01,0102,Selva rural,7,589.0561602527318,4123.393121769122,30228.26524819705,359.8603005737744,465.80995027715716,213.89743693452874,1,0,Pobre no extremo,62476.790794295135
2024,464,10,3,010201,01,0102,Costa rural,2,1312.4746799071304,2624.949359814261,287973.20307179104,11998.883461324627,429.6582525775288,200.38319539885956,0,0,No pobre,77640.27591303125
2023,230,13,3,200101,20,2001,Selva urbana,2,972.655661714967,1945.311323429934,12664.558582435051,527.6899409347938,430.00253525626954,236.6975408509902,0,0,No pobre,30589.166236929996
2022,455,16,1,200101,20,2001,Costa urbana,4,1932.5471972414875,7730.18878896595,13794.554572532455,287.3865535944262,447.41292291126945,208.06047978161382,1,0,Pobre no extremo,46882.0435297443
2023,172,9,2,150101,15,1501,Costa rural,7,516.0590568700526,3612.413398090368,13627.002998104252,162.22622616790775,391.4090582773276,248.8767107770945,1,1,Pobre extremo,36089.04027992465
2022,87,2,1,250101,25,2501,Selva urbana,4,1216.9271903979873,4867.708761591949,29096.96207292588,606.1867098526225,479.98905646313926,211.72289971079536,0,0,No pobre,18953.732232962702
2021,41,5,2,150132,15,1501,Selva urbana,2,1430.3990284814229,2860.7980569628457,29703.20226891897,1237.6334278716238,431.88081012436237,257.2166276864025,0,0,No pobre,50424.57700620729
2023,123,17,3,010101,01,0101,Selva rural,3,1668.572529756225,5005.7175892686755,13456.254843775596,373.78485677154436,470.990487390897,232.92576930131986,1,0,Pobre no extremo,17936.2960678013
2024,331,4,4,210101,21,2101,Lima Metropolitana,3,873.2449578132134,2619.73487343964,73939.34748305289,2053.8707634181355,476.7356334652208,239.63945332316638,0,0,No pobre,77956.48887716084
2024,298,17,2,130101,13,1301,Selva urbana,3,1405.1516245492148,4215.4548736476445,34235.747829678134,950.992995268837,438.16427399022655,213.06096157118984,0,0,No pobre,369031.07943453325
2025,373,9,2,210101,21,2101,Selva urbana,1,676.0827956301373,676.0827956301373,10600.57643272014,883.3813693933449,390.33486475247753,210.2681654271324,0,0,No pobre,109032.5931673216
2022,417,2,1,010201,01,0102,Sierra rural,6,927.4045754874585,5564.4274529247505,46740.14275283821,649.1686493449752,437.33458084199714,244.19047265641484,0,0,No pobre,30179.889638105513
2023,178,18,3,200101,20,2001,Lima Metropolitana,4,1801.6915492864584,7206.766197145834,18428.917940480474,383.93579042667653,439.7642437165987,217.88224307391798,1,0,Pobre no extremo,51510.61468224427
2025,63,11,4,150132,15,1501,Selva urbana,4,1904.8244577288133,7619.297830915253,29478.582773171773,614.1371411077453,458.9193136773331,227.01478978224304,0,0,No pobre,112797.5049612093
2023,484,13,1,050101,05,0501,Selva rural,2,1465.752959161803,2931.505918323606,59789.42823645716,2491.2261765190483,384.8229266994906,233.561440775589,0,0,No pobre,32973.68968158024
2022,165,8,1,040101,04,0401,Sierra rural,2,811.2685924747516,1622.5371849495032,66118.10363279386,2754.920984699744,426.63153671950937,216.07435239066578,0,0,No pobre,63475.78429980554
2024,489,1,4,050101,05,0501,Sierra rural,4,1658.1098009518616,6632.439203807447,61384.25822090435,1278.8387129355071,472.2770258336813,255.67966673917925,0,0,No pobre,74455.59231569762
2021,187,17,3,050101,05,0501,Callao,6,149.14745527829834,894.88473166979,28133.82403320532,390.7475560167406,479.1299078678653,265.7597086236234,1,0,Pobre no extremo,47197.254282413116
2024,383,12,4,250101,25,2501,Costa urbana,4,295.2172300249,1180.8689200996,11188.9335793641,233.10278290341876,399.13826787592376,230.23252134421594,1,0,Pobre no extremo,43920.396081564664
2025,209,4,1,250101,25,2501,Costa rural,6,1356.6100991131862,8139.660594679117,20196.16766781256,280.50232871961884,467.0598992735035,264.22838691421344,1,0,Pobre no extremo,103902.69858793766
2021,227,13,1,200101,20,2001,Sierra rural,5,653.3722930131091,3266.8614650655454,27470.684687701545,457.84474479502575,394.6250561630644,261.7877972139651,0,0,No pobre,205409.84086403775
2025,432,9,2,050101,05,0501,Sierra urbana,2,1907.6338149609078,3815.2676299218156,108181.33505034068,4507.5556270975285,464.1174434567897,211.6233060104088,0,0,No pobre,33220.34024469159
2022,389,7,4,130101,13,1301,Sierra rural,3,928.515162975379,2785.545488926137,16756.383917246516,465.45510881240324,407.72777274676633,212.13673620760392,0,0,No pobre,125536.33187773815
2021,48,5,4,010201,01,0102,Callao,4,915.7931587394363,3663.1726349577452,32259.912596656548,672.0815124303448,475.9625266049142,233.41835430292684,0,0,No pobre,8206.743896100665
2025,224,5,4,050101,05,0501,Sierra urbana,3,1388.3510693627693,4165.053208088308,8869.142453818467,246.3650681616241,449.5496750900637,236.81000254623675,1,0,Pobre no extremo,58936.87967450122
2022,3,17,1,150132,15,1501,Callao,3,1558.3802683817603,4675.140805145281,36551.56316774541,1015.3211991040391,419.9110601389759,223.87908079566742,0,0,No pobre,4099.718936133596
2024,372,9,3,040101,04,0401,Callao,3,1003.5616024377593,3010.684807313278,25825.474737701246,717.374298269479,408.09733299081665,221.9044685887032,0,0,No pobre,16753.960380789016
2022,175,6,1,010101,01,0101,Lima Metropolitana,3,506.6017132522759,1519.8051397568277,23949.356961241236,665.2599155900343,403.5237527474445,230.19571028610818,0,0,No pobre,12889.937137368303
2023,446,19,2,200101,20,2001,Costa urbana,6,1569.2864211786812,9415.718527072087,57639.627373802345,800.5503801916992,448.07923269995854,248.33354969794405,0,0,No pobre,186718.57085303028
2022,99,16,1,200101,20,2001,Sierra urbana,2,708.6674222598924,1417.3348445197848,14513.43910009872,604.72662917078,469.57910025768814,205.90755431083167,0,0,No pobre,27373.77710792716
2022,116,2,1,150101,15,1501,Costa urbana,3,432.71046165832945,1298.1313849749884,94920.15386306662,2636.6709406407394,455.49419696143434,249.74074024586383,0,0,No pobre,34595.16127763071
2023,270,10,1,150132,15,1501,Costa urbana,4,1300.1163608575253,5200.465443430101,13579.941652901085,282.9154511021059,463.4791538016542,264.83681831424946,1,0,Pobre no extremo,29136.217694867184
2025,447,16,2,250101,25,2501,Costa urbana,4,271.8619672816658,1087.4478691266631,91991.20365775088,1916.4834095364768,458.1383767634537,253.44546961887207,0,0,No pobre,8550.772213687826
2025,368,5,4,010201,01,0102,Sierra urbana,4,1945.5700826635043,7782.280330654017,6396.163529288094,133.2534068601686,477.91476664980195,213.41737994423113,1,1,Pobre extremo,48381.65541886591
2022,253,15,3,130101,13,1301,Sierra urbana,6,1301.5548023830602,7809.328814298361,35428.05612586179,492.05633508141375,455.7804926826325,206.12368321439993,0,0,No pobre,39192.76144865246
2023,317,13,3,150132,15,1501,Costa urbana,5,1973.201489751336,9866.00744875668,46595.86584957953,776.5977641596588,401.02285184702737,234.32662862926773,0,0,No pobre,16120.558766106946
2023,415,13,2,210101,21,2101,Lima Metropolitana,4,743.8975046094085,2975.590018437634,19462.128883171375,405.46101839940366,459.1598465474515,266.9484262425291,1,0,Pobre no extremo,144317.52249200956
2024,95,13,4,010101,01,0101,Costa urbana,3,1945.289806261756,5835.869418785268,34544.52234720547,959.5700652001519,412.20693609848007,257.33415011721746,0,0,No pobre,139878.9957487835
2025,273,15,4,040101,04,0401,Lima Metropolitana,4,376.5682706843848,1506.2730827375392,19394.8936903264,404.0602852151333,479.5799862662858,239.3913547309095,1,0,Pobre no extremo,10324.992286912677
2021,380,14,2,150101,15,1501,Costa rural,4,177.32006745935405,709.2802698374162,40254.751320493044,838.6406525102717,417.66726201001467,210.0086996392315,0,0,No pobre,18274.019011939712
2025,24,8,1,150132,15,1501,Lima Metropolitana,5,162.66971486374487,813.3485743187243,33702.44250149574,561.707375024929,409.27937558472297,249.9685747478117,0,0,No pobre,58095.292900312445
2025,116,11,4,150101,15,1501,Lima Metropolitana,7,983.2537041385315,6882.775928969721,197844.81127722684,2355.2953723479386,403.92159855089113,256.9098767025295,0,0,No pobre,22811.29265782625
2024,151,18,3,010101,01,0101,Lima Metropolitana,4,257.7079752093301,1030.8319008373203,7779.7276078735,162.07765849736458,445.851465205837,265.45483954980904,1,1,Pobre extremo,29213.6152355366
2021,338,4,2,050101,05,0501,Costa urbana,4,1073.1189799184433,4292.475919673773,32235.830712580977,671.5798065121037,390.9221088387531,242.84813639119406,0,0,No pobre,13126.460544658023
2024,50,10,3,150101,15,1501,Selva urbana,1,722.250956666911,722.250956666911,18421.515863559893,1535.1263219633245,475.3559881732972,236.0126070251786,0,0,No pobre,13257.171263587634
2021,206,1,1,200101,20,2001,Costa rural,2,737.6950857008196,1475.3901714016392,30094.746806135554,1253.9477835889813,409.4312678643137,243.34274304973755,0,0,No pobre,21589.103429742907
2022,498,5,2,250101,25,2501,Costa rural,2,1307.6570934358226,2615.3141868716452,23806.89664342106,991.9540268092109,409.5400611038472,266.0276753260981,0,0,No pobre,41394.71730919528
2021,335,13,3,050101,05,0501,Callao,2,409.88621168807833,819.7724233761567,19659.86015763956,819.1608399016483,384.6066095707059,243.9688960321299,0,0,No pobre,44267.27210368362
2024,79,1,3,150132,15,1501,Costa rural,3,1556.4514036454889,4669.354210936466,16801.935800451276,466.72043890142436,404.60175178735744,218.03142945755954,0,0,No pobre,16046.41015746892
2025,70,8,1,040101,04,0401,Selva urbana,3,1205.858747579406,3617.5762427382183,51171.61672937022,1421.4337980380615,421.8979355676238,244.53059855596425,0,0,No pobre,11512.452526024324
2021,27,3,2,200101,20,2001,Costa rural,4,1838.3947948102707,7353.579179241083,19229.124770699666,400.60676605624303,416.9606390224221,261.58212009610884,1,0,Pobre no extremo,10487.732842354402
2021,271,3,4,010101,01,0101,Costa rural,4,793.1972421582944,3172.788968633178,26382.270816612145,549.630642012753,407.30199214362204,239.69014200172117,0,0,No pobre,97624.61526908798
2023,50,7,4,050101,05,0501,Sierra urbana,4,1967.1584849275384,7868.633939710154,31798.55829393812,662.4699644570442,384.0743837839198,235.18891796067953,0,0,No pobre,304123.7990442784
2025,292,4,3,200101,20,2001,Selva rural,4,1194.072528756644,4776.290115026576,14015.65904791383,291.99289683153813,410.0581373605642,251.33584746517602,1,0,Pobre no extremo,55836.33535053978
2022,247,3,1,250101,25,2501,Callao,3,1949.4637167563142,5848.3911502689425,46553.1556226708,1293.1432117408556,457.833093826312,246.26920866013685,0,0,No pobre,2787.8711192975443
2024,264,15,3,050101,05,0501,Sierra urbana,7,151.41524268951912,1059.9066988266338,11352.826743704643,135.15269932981718,423.8792285309471,203.96813192675822,1,1,Pobre extremo,64103.46172709307
2022,79,8,1,010201,01,0102,Costa urbana,2,1483.1550125835372,2966.3100251670744,41940.42163432983,1747.5175680970763,409.07753475987136,250.77177986282015,0,0,No pobre,118838.49145107006
2025,387,3,4,010201,01,0102,Callao,6,1651.5808961561988,9909.485376937193,38626.66383104047,536.4814420977842,410.47921341479577,228.52846010602593,0,0,No pobre,18972.875875681464
2021,190,7,3,050101,05,0501,Costa urbana,3,201.0292446853264,603.0877340559792,23867.735611321907,662.992655870053,435.4437576493901,265.86287960215157,0,0,No pobre,87530.14213939593
2021,47,18,3,050101,05,0501,Callao,4,1200.042361630867,4800.169446523468,10042.997895452821,209.22912282193377,410.22926777390745,267.9562091892979,1,1,Pobre extremo,106031.45326495482
2025,461,11,1,010201,01,0102,Lima Metropolitana,2,1623.690357819952,3247.380715639904,27066.841336407448,1127.7850556836436,443.07973198661944,231.41171726871852,0,0,No pobre,131808.838984135
2021,361,11,2,150132,15,1501,Sierra rural,2,1165.9735779238383,2331.9471558476766,10624.142923224439,442.6726218010183,478.9454513725115,267.8156392660546,1,0,Pobre no extremo,20213.33213048499
2021,354,17,1,150101,15,1501,Callao,3,221.2458217703866,663.7374653111599,24323.71980345326,675.6588834292572,384.11763977538055,221.75743604691974,0,0,No pobre,39147.87354205471
2021,472,6,2,040101,04,0401,Selva rural,5,1417.5497577067918,7087.748788533959,54721.24774630927,912.0207957718212,396.87367556973686,247.78510950163846,0,0,No pobre,43559.96004374092
2024,488,8,4,200101,20,2001,Selva urbana,3,215.1341378792864,645.4024136378592,26531.75554145682,736.9932094849116,397.91075452890243,205.25382977765923,0,0,No pobre,135742.5421202312
2024,352,1,3,200101,20,2001,Sierra urbana,4,1653.1909005312332,6612.763602124933,83169.16161077845,1732.6908668912176,424.7070317932015,210.14925439608132,0,0,No pobre,24110.636263612778
2023,189,10,3,010101,01,0101,Callao,3,181.76494828271936,545.294844848158,35086.620730622526,974.6283536284035,384.14187120533745,260.51681316644726,0,0,No pobre,93140.49924088645
2022,416,19,1,040101,04,0401,Costa urbana,3,361.0550239197045,1083.1650717591135,53958.7576117469,1498.8543781040805,427.75215777425166,262.56488275078743,0,0,No pobre,47694.97780291556
2025,256,3,1,130101,13,1301,Selva urbana,6,622.7044219942102,3736.226531965261,51279.197463395714,712.2110758804961,472.8924758076657,237.28278343788213,0,0,No pobre,94843.10390714722
2025,222,4,4,010201,01,0102,Costa rural,6,1303.39310529552,7820.35863177312,95454.26992265286,1325.7537489257343,381.1564088692702,223.78413988628407,0,0,No pobre,77512.18766296282
2025,372,11,4,130101,13,1301,Selva urbana,4,1955.0822892994813,7820.329157197925,8311.516913888654,173.15660237268028,416.49388671851807,231.57167522347655,1,1,Pobre extremo,18852.05841614145
2023,241,15,2,250101,25,2501,Sierra urbana,3,323.86341997787537,971.5902599336262,16802.918217683975,466.7477282689993,456.08937721109646,260.87371424012593,0,0,No pobre,47527.804996147264
2024,269,1,4,040101,04,0401,Selva rural,2,371.144571506445,742.28914301289,27587.236062200445,1149.468169258352,395.4494500333815,214.76953958346425,0,0,No pobre,18206.252251990292
2023,1,9,4,210101,21,2101,Sierra rural,7,800.8537537318626,5605.976276123039,55304.702501908,658.3893154989048,387.7559002526542,220.64091619111176,0,0,No pobre,35483.73541257263
2025,34,11,4,010101,01,0101,Lima Metropolitana,3,1688.8163617351083,5066.449085205325,31304.91959819636,869.5810999498989,443.07785372626387,254.98100539769374,0,0,No pobre,208581.2483125468
2022,446,19,4,050101,05,0501,Sierra urbana,5,987.7388102265469,4938.694051132735,26748.324862487192,445.80541437478655,380.99509090495076,265.4688612141491,0,0,No pobre,23774.140814439896
2021,79,13,2,250101,25,2501,Lima Metropolitana,3,711.0601404860612,2133.1804214581834,68005.50878565776,1889.0419107127154,460.1770491169716,206.5049138010853,0,0,No pobre,19712.088319080918
2024,236,16,4,150101,15,1501,Selva rural,7,1166.2872811968364,8164.010968377855,19851.776170127814,236.3306686919978,386.68527535660985,256.2640610946607,1,1,Pobre extremo,30188.68275416564
2024,334,4,2,210101,21,2101,Costa urbana,3,594.9940751469251,1784.9822254407752,19037.75233503358,528.8264537509327,432.4354259420361,245.15478148522772,0,0,No pobre,71346.38739817649
2023,377,1,1,040101,04,0401,Lima Metropolitana,3,862.2038237702898,2586.611471310869,42990.40589333196,1194.1779414814434,454.0127710227727,216.1540081124834,0,0,No pobre,70812.65145685268
2024,349,13,3,040101,04,0401,Costa urbana,4,731.9497835408796,2927.7991341635184,232029.04423490784,4833.93842156058,404.20109887464776,252.90720376653377,0,0,No pobre,52063.67352172634
2025,98,1,1,130101,13,1301,Selva urbana,7,1627.8679425878272,11395.07559811479,26430.17530663623,314.6449441266218,390.3540161922738,250.95412454995295,1,0,Pobre no extremo,16367.04634260856
2025,82,5,4,150132,15,1501,Sierra urbana,7,1856.0858802322016,12992.60116162541,15039.988844815558,179.04748624780427,397.5622766418556,209.9420868084588,1,1,Pobre extremo,28328.173682087054
2023,455,5,3,130101,13,1301,Costa urbana,5,1543.1871650981325,7715.935825490662,16151.404211412046,269.19007019020074,465.4683571935008,235.1575740187972,1,0,Pobre no extremo,148390.79296533586
2025,477,14,4,200101,20,2001,Costa rural,5,934.2587944569686,4671.293972284843,19354.49801907853,322.5749669846422,450.5780291652024,253.0803757995466,1,0,Pobre no extremo,7964.765148308127
2022,415,14,4,130101,13,1301,Costa rural,4,1058.236457243661,4232.945828974644,88737.82876875962,1848.7047660158253,399.8098049215098,213.40808887654688,0,0,No pobre,47034.3143389968
2023,192,8,1,150132,15,1501,Sierra rural,5,337.64001846592777,1688.200092329639,19352.06409822017,322.5344016370028,451.61207971309943,232.3936215673819,1,0,Pobre no extremo,29169.43003693486
2022,253,4,4,150101,15,1501,Selva urbana,6,1519.0429511556217,9114.257706933731,35387.83216589072,491.49766897070447,450.86181702086867,208.4518787286718,0,0,No pobre,58007.11447680289
2021,409,7,1,250101,25,2501,Costa urbana,4,1233.3037908505837,4933.215163402335,24766.323359915346,515.9650699982363,479.77250981059603,221.47844468286254,0,0,No pobre,41570.50932229207
2022,38,19,4,010201,01,0102,Sierra rural,4,1814.6359926611292,7258.543970644517,8251.654410811452,171.90946689190525,419.15560235259125,215.2561430631074,1,1,Pobre extremo,8093.04832564641
2021,14,15,2,040101,04,0401,Costa rural,4,481.1611727927911,1924.6446911711644,20031.51481437718,417.3232252995246,466.4853494142771,235.3549788707399,1,0,Pobre no extremo,65414.70441208909
2021,392,4,3,050101,05,0501,Sierra rural,4,1543.479631671963,6173.918526687852,2901.5040153075292,60.44800031890686,424.6442685972815,209.88507343745266,1,1,Pobre extremo,13689.930109929976
2022,347,19,1,130101,13,1301,Callao,6,1400.8761572664605,8405.256943598763,31495.207788084346,437.4334415011715,469.7760223616967,226.8205528774759,1,0,Pobre no extremo,11144.646303521526
2023,310,9,1,210101,21,2101,Sierra rural,3,605.1065142385291,1815.3195427155874,41797.447662043465,1161.0402128345406,389.16004990989495,219.26140334899617,0,0,No pobre,38204.10106226878
2025,386,13,3,150101,15,1501,Costa urbana,3,1368.0194151275678,4104.058245382703,12568.632762334397,349.1286878426221,397.5312630125244,252.22342399448837,1,0,Pobre no extremo,24074.277188955148
2025,209,14,1,010101,01,0101,Costa urbana,4,1856.3094230956342,7425.237692382537,16516.49156724405,344.0935743175844,464.995436306669,248.97688411947408,1,0,Pobre no extremo,16346.902321988511
2021,357,14,3,040101,04,0401,Costa urbana,3,1845.0283765675258,5535.085129702577,8050.846041286235,223.63461225795098,461.9300324105395,206.64513707659358,1,0,Pobre no extremo,24621.606462674612
2021,462,10,2,150132,15,1501,Selva urbana,4,1467.2904915806685,5869.161966322674,3660.3038250168884,76.25632968785185,410.54337918569877,266.7438721514543,1,1,Pobre extremo,17443.2710937643
2023,89,16,4,200101,20,2001,Lima Metropolitana,6,191.3389138147142,1148.033482888285,6935.727863626104,96.32955366147367,439.67983181334546,252.12780426560622,1,1,Pobre extremo,170545.3706099559
2024,56,5,2,150132,15,1501,Sierra rural,4,1757.3022409083069,7029.2089636332275,48378.166007365995,1007.8784584867916,418.2699722102036,243.11710870234378,0,0,No pobre,49702.1312962788
2022,94,6,4,130101,13,1301,Sierra rural,6,1349.7793533086258,8098.676119851754,20275.246039931433,281.6006394434921,381.0317349303521,233.43910463492793,1,0,Pobre no extremo,30996.524391829527
2021,93,2,3,250101,25,2501,Selva urbana,2,689.8250810471955,1379.650162094391,32481.731497794084,1353.4054790747534,382.6104126567127,212.45456945358072,0,0,No pobre,77556.33531604096
2025,340,13,2,200101,20,2001,Costa rural,6,455.7756872408287,2734.6541234449724,168864.57716100643,2345.3413494584224,385.4256365481576,267.3411183890756,0,0,No pobre,30068.240130341197
2023,85,13,4,210101,21,2101,Sierra urbana,4,320.7873396949025,1283.14935877961,66099.1075853087,1377.0647413605977,439.40721543255785,200.55008636916858,0,0,No pobre,28008.684893405785
2022,445,19,3,150132,15,1501,Lima Metropolitana,1,195.45010858974587,195.45010858974587,43701.25813365607,3641.7715111380057,407.9227735305528,248.47367939609143,0,0,No pobre,92346.12381891209
2023,245,18,4,210101,21,2101,Costa rural,4,1532.7961711064372,6131.184684425749,17391.569557941304,362.32436579044384,394.39482983148906,235.5211027176809,1,0,Pobre no extremo,18141.650510632975
2022,22,19,1,010101,01,0101,Selva urbana,7,548.1016979922231,3836.7118859455613,109475.12422244817,1303.2752883624782,474.11311084438876,263.1807323017202,0,0,No pobre,13060.485472049066
2022,291,1,1,210101,21,2101,Lima Metropolitana,2,146.08057848218462,292.16115696436924,81775.12361190558,3407.2968171627326,392.1318667081216,226.64880955483432,0,0,No pobre,69977.39635030998
2021,485,8,3,040101,04,0401,Lima Metropolitana,4,854.8142384997797,3419.2569539991187,60103.0715867861,1252.1473247247104,447.3981716424878,236.30510932775655,0,0,No pobre,42779.42873487656
2023,272,16,4,150101,15,1501,Sierra rural,6,1016.953453125444,6101.720718752664,26784.314050050223,372.0043618062531,469.41601828226584,251.96375743393702,1,0,Pobre no extremo,42383.032301915446
2023,306,2,1,200101,20,2001,Sierra rural,1,421.53743871024113,421.53743871024113,11706.72395412173,975.5603295101441,396.38296672384496,203.32965803257656,0,0,No pobre,25579.057949179372
2025,122,8,2,040101,04,0401,Costa urbana,4,183.69183870884456,734.7673548353782,105407.02030285026,2195.9795896427136,401.4729682228715,203.8132668717515,0,0,No pobre,65888.28949341254
2025,128,6,4,050101,05,0501,Costa urbana,4,459.33841788633083,1837.3536715453233,58892.182941861196,1226.9204779554416,437.3813533575957,214.81709241865502,0,0,No pobre,9225.828928977397
2021,113,16,4,150132,15,1501,Callao,3,1390.2952474894912,4170.885742468474,22399.341464927576,622.2039295813215,430.84486863787976,210.249720847046,0,0,No pobre,5233.939898603227
2021,427,11,1,150132,15,1501,Sierra rural,4,256.26298677729216,1025.0519471091686,20971.18872535039,436.8997651114664,432.10274168862674,200.45104278337251,0,0,No pobre,24414.434321747787
2024,273,17,1,050101,05,0501,Sierra rural,2,1154.5703580582883,2309.1407161165766,8960.507721052858,373.3544883772024,435.4678094018089,243.60928754743475,1,0,Pobre no extremo,68154.53088599873
2025,336,19,3,210101,21,2101,Selva rural,5,378.18277702551666,1890.9138851275834,53333.647594785216,888.8941265797536,474.99029159610444,255.71565772192054,0,0,No pobre,126070.70444601058
2022,442,11,4,040101,04,0401,Lima Metropolitana,1,471.8094298027968,471.8094298027968,31364.590744176236,2613.71589534802,385.383804196695,266.99804834349135,0,0,No pobre,62815.830516412716
2023,130,8,2,200101,20,2001,Costa urbana,3,846.8479782067275,2540.5439346201824,38483.376725789174,1068.982686827477,456.0448520694819,230.86302223703427,0,0,No pobre,14435.050338902965
2021,132,4,1,200101,20,2001,Costa urbana,4,291.56813850208954,1166.2725540083582,62147.66461031895,1294.743012714978,403.25064224067336,219.5804460769098,0,0,No pobre,14550.653705629806
2023,85,11,4,050101,05,0501,Costa rural,3,429.0866552862044,1287.2599658586132,51521.33119164192,1431.14808865672,417.3677670172382,260.4731714144948,0,0,No pobre,121840.88481586453
2023,423,8,1,150132,15,1501,Sierra rural,3,763.0095817575728,2289.0287452727184,12240.642544894932,340.01784846930366,388.9291122965064,259.1076928987575,1,0,Pobre no extremo,89810.84331675977
2024,482,9,3,050101,05,0501,Lima Metropolitana,5,726.3711104468971,3631.8555522344855,27450.51808850883,457.5086348084805,424.56267691535436,243.73902476535923,0,0,No pobre,62926.33236193734
2025,350,2,4,010101,01,0101,Sierra rural,6,1523.6158227838905,9141.694936703343,39007.91642405508,541.776617000765,460.42192522751213,219.1204327049354,0,0,No pobre,91177.80972768983
2021,390,16,4,010101,01,0101,Selva urbana,6,242.0863797402063,1452.5182784412377,41748.69039294609,579.8429221242512,389.8740338532955,263.5962316434154,0,0,No pobre,42990.887226154045
2023,81,6,3,010101,01,0101,Costa rural,4,1734.8563977660526,6939.4255910642105,6430.1555719647195,133.96157441593166,407.5603598220299,212.48809356842455,1,1,Pobre extremo,29490.39402811902
2021,487,19,2,010201,01,0102,Sierra urbana,6,1650.8411244049641,9905.046746429785,10878.798183899042,151.09441922082001,417.3061708677025,203.055255255058,1,1,Pobre extremo,30945.78551804564
2022,473,8,1,150101,15,1501,Sierra urbana,6,1555.384115414683,9332.304692488098,48611.211800428406,675.1557194503945,390.38992030876426,255.7632799309155,0,0,No pobre,68691.84981223608
2024,325,14,3,250101,25,2501,Sierra urbana,3,687.8074886799517,2063.422466039855,47948.472600058514,1331.9020166682922,456.23168099769333,239.4561342304121,0,0,No pobre,46033.87209718181
2022,69,16,4,130101,13,1301,Lima Metropolitana,3,1663.4753925274963,4990.426177582489,114544.51675266724,3181.7921320185346,458.69470282174257,217.25274719829676,0,0,No pobre,5087.471603204476
2021,148,12,3,010201,01,0102,Selva rural,2,447.32395254963353,894.6479050992671,6667.183945879687,277.7993310783203,463.5894997779968,246.96269636241487,1,0,Pobre no extremo,87778.65674086919
2021,448,5,4,200101,20,2001,Costa urbana,4,336.37749112455367,1345.5099644982147,60346.2426445931,1257.2133884290229,438.38962048063183,253.67015666689358,0,0,No pobre,65242.283471615985
2025,16,19,3,210101,21,2101,Lima Metropolitana,6,185.41703363002597,1112.5022017801557,37748.459804147205,524.284163946489,430.7238820854376,259.11821659396054,0,0,No pobre,50306.01872567189
2023,307,18,2,150132,15,1501,Sierra urbana,4,1884.6896897105942,7538.758758842377,10448.170204896685,217.6702126020143,406.2552445471242,219.74882111780417,1,1,Pobre extremo,148625.70097928285
2023,105,9,4,210101,21,2101,Selva urbana,4,685.22070564002,2740.88282256008,5482.176311536362,114.21200649034087,445.5157967290548,201.79112158763647,1,1,Pobre extremo,16194.58303617632
2022,165,2,3,050101,05,0501,Callao,2,1843.4739723380212,3686.9479446760424,62744.097918294305,2614.3374132622625,424.4563485655543,235.70271740187968,0,0,No pobre,12504.922458008681
2024,488,12,2,150132,15,1501,Lima Metropolitana,2,617.9657668867264,1235.9315337734529,11101.35408534149,462.5564202225621,477.07764060773883,259.9255018691275,1,0,Pobre no extremo,59931.06396703559
2023,201,2,2,130101,13,1301,Lima Metropolitana,4,1824.3753227390641,7297.5012909562565,8244.142311067015,171.75296481389614,476.81794969744567,214.54749360833569,1,1,Pobre extremo,17038.319668259453
2025,197,10,1,130101,13,1301,Callao,7,1817.4652004075676,12722.256402852974,40464.403065349565,481.71908411130437,470.52051318175626,229.47878311829768,0,0,No pobre,192241.829419888
2022,426,1,4,040101,04,0401,Costa urbana,3,1854.9844855203544,5564.953456561063,26670.229709396866,740.839714149913,416.0089138014332,217.9494514559422,0,0,No pobre,18156.73397961128
2022,185,4,1,210101,21,2101,Costa urbana,6,1042.691534639968,6256.149207839808,45123.978435706405,626.7219227181445,416.7972455354059,200.93538559967368,0,0,No pobre,17701.701743466583
2025,322,12,2,250101,25,2501,Sierra urbana,2,1745.2979449178947,3490.5958898357894,39637.21181643261,1651.5504923513588,465.26731640437157,262.8966867510343,0,0,No pobre,24274.02662143269
2024,265,9,1,130101,13,1301,Costa urbana,4,1906.4552027179084,7625.8208108716335,546302.0038618031,11381.291747120898,452.9134931741466,209.4537258696294,0,0,No pobre,26977.64903733517
2025,363,4,1,150101,15,1501,Callao,4,716.7721896046411,2867.0887584185643,51593.55043766222,1074.8656341179628,450.4360969818044,253.67369810274548,0,0,No pobre,25118.73393967237
2024,100,9,3,040101,04,0401,Costa rural,6,895.8613707968547,5375.168224781128,48708.91784638449,676.5127478664513,407.9611011084116,224.26222622541624,0,0,No pobre,27913.72896844242
2025,342,6,1,250101,25,2501,Callao,1,1466.5563559379136,1466.5563559379136,12160.709012950743,1013.3924177458953,463.3348611554476,219.43773362346656,0,0,No pobre,25278.170061395922
2025,320,1,2,150132,15,1501,Callao,2,670.6836612742717,1341.3673225485434,109767.84896741765,4573.660373642402,437.9420572262943,265.8720220553758,0,0,No pobre,7663.241242431626
2021,214,10,1,210101,21,2101,Costa rural,3,1532.2376869340521,4596.713060802156,17072.247926195094,474.22910906097485,424.6865574238573,246.00396407184496,0,0,No pobre,60152.55530594708
2022,278,14,4,210101,21,2101,Callao,6,240.39507590571446,1442.3704554342867,11856.67831116714,164.67608765509917,466.54221241080756,248.0845863345033,1,1,Pobre extremo,23488.439095802518
2025,162,18,3,250101,25,2501,Sierra urbana,2,1094.6469301482302,2189.2938602964605,22240.218637091693,926.6757765454872,419.4209763782114,253.17570429176914,0,0,No pobre,31163.259245930523
2025,439,6,2,250101,25,2501,Lima Metropolitana,1,332.3956197591159,332.3956197591159,39978.466354718425,3331.538862893202,445.39258118677657,223.86533352158648,0,0,No pobre,10784.94493746487
2023,157,18,1,130101,13,1301,Selva urbana,4,657.3146052296853,2629.258420918741,17753.821799610814,369.87128749189196,426.5905182004139,239.45651364870412,1,0,Pobre no extremo,7906.97388118548
2022,422,16,4,150132,15,1501,Costa urbana,4,591.3882457242968,2365.552982897187,12224.674200200912,254.68071250418566,439.2737806171056,218.915634083282,1,0,Pobre no extremo,33056.55450112972
2023,251,15,2,040101,04,0401,Sierra rural,5,1693.9709397690656,8469.854698845327,11992.116935960605,199.8686155993434,384.05464716484784,258.41790608338084,1,1,Pobre extremo,171912.8495378839
2022,366,16,1,150101,15,1501,Lima Metropolitana,6,467.6827852717752,2806.096711630651,32375.044919381533,449.65340165807686,426.1115163176384,241.9515165509062,0,0,No pobre,166145.07765047072
2023,97,8,3,200101,20,2001,Sierra urbana,4,1636.0510483023259,6544.204193209303,44546.69408222243,928.0561267129673,435.6491307496774,217.03847782287824,0,0,No pobre,14637.835882262252
2025,18,13,1,200101,20,2001,Selva rural,6,1608.5246572250517,9651.14794335031,47960.20402671529,666.1139448154902,429.2719334749606,262.9830884425245,0,0,No pobre,17325.957950600572
2025,327,11,2,010201,01,0102,Costa urbana,5,1047.8778055587368,5239.389027793684,6633.782488277156,110.56304147128593,464.74103725068187,240.65880003386962,1,1,Pobre extremo,43052.8567703875
2021,449,7,2,150101,15,1501,Sierra urbana,3,544.3021856326462,1632.9065568979386,12739.705830942721,353.8807175261867,411.11239747918165,234.65213522801892,1,0,Pobre no extremo,2524.897583260657
2023,383,17,2,150132,15,1501,Callao,6,531.1030459168231,3186.6182755009386,62198.76989129604,863.8718040457784,468.40765310045407,202.4141310502377,0,0,No pobre,20209.698449546297
2024,97,18,4,150132,15,1501,Sierra urbana,4,983.3568295201109,3933.4273180804435,18365.117135360226,382.60660698667135,420.34619699068907,263.68614036124285,1,0,Pobre no extremo,45370.038770908366
2021,1,19,1,040101,04,0401,Selva urbana,3,116.73711404768099,350.211342143043,32285.735471263564,896.8259853128768,449.45267322606566,266.6591741221965,0,0,No pobre,28858.632370884356
2023,216,13,1,210101,21,2101,Sierra rural,4,1109.5664337615958,4438.265735046383,285980.58766552893,5957.928909698519,388.6722728007298,239.38190394864628,0,0,No pobre,5435.555227357812
2023,132,15,1,010201,01,0102,Costa urbana,3,1910.2810989574052,5730.843296872215,3536.371799772663,98.23254999368508,400.0154083568823,230.975934753019,1,1,Pobre extremo,5832.916438787044
2021,260,1,3,040101,04,0401,Sierra urbana,2,393.9430755389334,787.8861510778668,23948.939120997333,997.8724633748889,456.1166011141272,225.1695546203283,0,0,No pobre,8680.94948435764
2025,125,16,4,010201,01,0102,Sierra urbana,5,1189.3566808036464,5946.783404018232,50875.25398878492,847.920899813082,381.232868553864,218.76335877752248,0,0,No pobre,33608.272931055646
2023,82,5,4,210101,21,2101,Lima Metropolitana,5,1927.379508424468,9636.89754212234,11119.239443089493,185.32065738482487,476.8527739147099,240.21705364629443,1,1,Pobre extremo,15741.614335099212
2025,283,3,3,050101,05,0501,Costa urbana,5,1734.9920650340403,8674.960325170201,23828.004158225383,397.1334026370897,399.0628901063215,208.96665371101957,1,0,Pobre no extremo,172330.5049892147
2021,171,10,4,010201,01,0102,Callao,3,1715.7222211245464,5147.1666633736395,9134.15170057651,253.7264361271253,470.13039862451234,264.3421525771598,1,1,Pobre extremo,9542.458980092688
2025,59,19,3,040101,04,0401,Sierra urbana,7,1661.514867752759,11630.604074269313,45252.53302099509,538.7206312023225,431.59450282262856,212.31711166404745,0,0,No pobre,123991.82847931645
2022,32,5,2,050101,05,0501,Sierra urbana,1,687.1448515067527,687.1448515067527,14706.156894460966,1225.5130745384138,436.457536689713,252.18592836404622,0,0,No pobre,10905.197671323698
2024,161,7,2,250101,25,2501,Sierra urbana,3,1792.1719794069431,5376.515938220829,18258.198372408948,507.1721770113597,388.4131787971025,221.4821440658056,0,0,No pobre,449516.7022562112
2023,284,14,4,150101,15,1501,Costa rural,3,1888.546667343025,5665.640002029075,60298.19848559976,1674.9499579333267,416.52187541573676,215.82497543750748,0,0,No pobre,70417.8981841523
2024,106,3,2,130101,13,1301,Costa rural,1,1042.005604268175,1042.005604268175,44377.80204161516,3698.150170134597,395.6218860780501,239.0508425548346,0,0,No pobre,3955.687200349245
2025,105,13,2,040101,04,0401,Sierra rural,3,773.6849897929717,2321.0549693789153,64604.34867451229,1794.5652409586746,432.5931494360943,253.55874868116535,0,0,No pobre,122630.81768052814
2023,439,13,2,250101,25,2501,Selva urbana,4,887.0351296511267,3548.1405186045067,130843.12867593384,2725.898514081955,435.07321456719495,250.87156682582201,0,0,No pobre,22877.438033663344
2025,228,10,1,200101,20,2001,Lima Metropolitana,6,734.9922394794046,4409.953436876427,28747.665080567265,399.2731261189898,450.96669495843105,216.36294456280453,1,0,Pobre no extremo,91850.15023711258
2022,188,2,2,200101,20,2001,Lima Metropolitana,7,503.59503984662615,3525.165278926383,180775.42032104198,2152.088337155262,467.82781579231835,223.13516451887207,0,0,No pobre,35919.5847806307
2021,70,6,1,150132,15,1501,Costa urbana,5,1275.05209348049,6375.26046740245,32026.00521416621,533.7667535694368,426.81798162698607,260.8182528100263,0,0,No pobre,25460.61878966972
2023,318,8,3,040101,04,0401,Selva urbana,4,1168.9340838661135,4675.736335464454,88068.79496104168,1834.7665616883685,403.33603700806066,250.62706211614855,0,0,No pobre,28175.814659449592
2022,464,4,3,010101,01,0101,Callao,5,978.9116349746237,4894.558174873118,26214.795976355847,436.91326627259747,413.357166144165,249.88857337467934,0,0,No pobre,11255.961103428599
2022,290,12,3,130101,13,1301,Selva urbana,5,282.10623470118037,1410.5311735059017,57314.845534422166,955.2474255737028,464.7089812938937,218.82335534323238,0,0,No pobre,23370.863632809705
2023,87,15,3,010101,01,0101,Lima Metropolitana,4,1614.0966329413995,6456.386531765598,18320.61452478151,381.6794692662815,394.58634850787615,255.44030153721047,1,0,Pobre no extremo,9973.778121376508
2025,370,8,3,150101,15,1501,Callao,5,432.37376922649946,2161.8688461324973,89813.51552560068,1496.891925426678,442.72560783386825,225.08924568027064,0,0,No pobre,22650.51349459581
2022,362,7,2,150132,15,1501,Costa rural,4,317.6678824524915,1270.671529809966,75805.04607924183,1579.2717933175381,381.308588384281,228.0973364111517,0,0,No pobre,44137.405512269346
2024,472,14,2,130101,13,1301,Sierra rural,3,1283.8356514176,3851.5069542528,22197.252032000528,616.5903342222368,404.5669328454243,220.12927623005083,0,0,No pobre,104583.39306296124
2022,56,19,2,050101,05,0501,Callao,4,857.424286351674,3429.697145406696,30964.76146067756,645.0991970974492,439.14084975014595,208.49731729274694,0,0,No pobre,160580.7196561079
2025,113,14,3,010201,01,0102,Callao,4,213.636103169426,854.544412677704,11501.491282716392,239.61440172325817,425.64120400026707,229.42754940970588,1,0,Pobre no extremo,35866.02089034597
2025,13,13,3,130101,13,1301,Selva urbana,5,775.5798744260106,3877.899372130053,62133.695273487734,1035.5615878914623,429.35494902432316,201.1857651345658,0,0,No pobre,11779.086702702914
2024,440,1,1,210101,21,2101,Lima Metropolitana,3,1566.3826693414294,4699.148008024288,57327.81555722793,1592.439321034109,446.0562050459606,231.91371675990817,0,0,No pobre,34485.52109087139
2022,18,19,4,050101,05,0501,Selva urbana,4,1268.9734899124853,5075.893959649941,8871.818512481668,184.82955234336808,403.4586024418567,250.7504506672207,1,1,Pobre extremo,30889.741791663146
2025,182,1,2,010201,01,0102,Sierra urbana,6,789.2934436752939,4735.760662051764,189916.73944248378,2637.732492256719,408.0804940326502,267.25215229351323,0,0,No pobre,135634.8255507133
2023,461,4,4,150101,15,1501,Costa urbana,7,464.42910410571733,3251.0037287400214,38476.585753929205,458.054592308681,448.44582074278463,205.50292011962233,0,0,No pobre,87154.84709838903
2021,113,10,3,200101,20,2001,Sierra rural,3,1300.4116795290693,3901.235038587208,21827.880319636344,606.3300088787873,433.8291407543869,219.69034929228465,0,0,No pobre,45827.80842838773
2021,229,3,3,010201,01,0102,Lima Metropolitana,2,1786.355071798075,3572.71014359615,79129.08469304768,3297.0451955436533,381.4586824258828,234.58917361281902,0,0,No pobre,166159.58163280942
2021,171,9,3,210101,21,2101,Costa urbana,4,1327.9181642302362,5311.672656920945,16817.300319475507,350.3604233224064,447.0327795285441,211.92715640913414,1,0,Pobre no extremo,21890.898634686757
2022,295,3,4,150132,15,1501,Callao,3,1644.517323835426,4933.551971506278,87226.87764422114,2422.968823450587,442.0092040752278,208.17799654534133,0,0,No pobre,67973.91446377081
2024,189,6,1,010201,01,0102,Costa rural,1,1090.902893253305,1090.902893253305,9333.53331483451,777.7944429028759,387.86075737982736,231.66226738153853,0,0,No pobre,21919.083701230295
2025,426,6,3,130101,13,1301,Selva urbana,3,1464.1451028079548,4392.435308423865,22032.355684234986,612.0098801176385,454.7519494840986,240.65113702245446,0,0,No pobre,22662.229221992326
2023,465,12,1,130101,13,1301,Selva urbana,5,1802.8308701788694,9014.154350894347,24867.57232699329,414.4595387832215,432.21014589470707,257.41454085824535,1,0,Pobre no extremo,4590.905672702061
2023,79,1,1,150132,15,1501,Selva rural,5,1569.0400586914448,7845.200293457224,16487.536393519065,274.79227322531773,400.474728395696,269.8462395255925,1,0,Pobre no extremo,40170.97955347907
2022,146,16,2,130101,13,1301,Costa urbana,4,1828.7225114564767,7314.890045825907,13862.48156042156,288.8016991754492,435.9356368116427,254.19895459910293,1,0,Pobre no extremo,41322.68215451194
2021,407,5,4,150101,15,1501,Costa rural,4,919.1652440205137,3676.6609760820547,17358.442990108095,361.6342289605853,439.5458514171003,215.49383163764242,1,0,Pobre no extremo,31666.19560086935
2022,182,9,3,210101,21,2101,Lima Metropolitana,4,1818.0184847414075,7272.07393896563,16662.272168538537,347.1306701778862,472.01187291902374,252.35846481328733,1,0,Pobre no extremo,57185.88101225645
2024,499,10,1,040101,04,0401,Selva rural,3,1280.9777455152444,3842.933236545733,17638.343129339995,489.95397581499986,454.21444255511705,237.60075370233577,0,0,No pobre,98669.82493985347
2024,286,13,4,040101,04,0401,Callao,4,1753.092655555218,7012.370622220872,97810.05194623537,2037.7094155465702,410.1924354491199,231.55667029924072,0,0,No pobre,35682.95206042518
2025,250,15,4,200101,20,2001,Selva rural,1,174.81540783188726,174.81540783188726,39736.46749803633,3311.372291503027,391.8132967564193,265.5009945735089,0,0,No pobre,66399.26591517932
2025,354,12,3,250101,25,2501,Sierra urbana,4,1349.9195256357186,5399.6781025428745,24853.197392224196,517.7749456713374,465.3184072080781,249.1464810843763,0,0,No pobre,52767.13383152247
2024,314,5,2,150101,15,1501,Selva rural,3,1711.1526498680075,5133.457949604022,53556.769075993834,1487.6880298887177,464.6067687875446,247.71851514807705,0,0,No pobre,106551.00769570775
2024,196,5,2,250101,25,2501,Selva rural,4,430.98386392207954,1723.9354556883181,24690.99699385546,514.3957707053221,397.5310014723957,200.82291753093202,0,0,No pobre,61892.11460203563
2024,323,18,1,040101,04,0401,Sierra urbana,4,1357.3951735833539,5429.5806943334155,13164.883373943754,274.2684036238282,386.2131185197887,260.5550043965848,1,0,Pobre no extremo,224707.76906892753
2022,71,12,2,010201,01,0102,Selva urbana,3,1667.4139570115997,5002.241871034799,6341.497368717001,176.15270468658338,451.1864649816039,255.53103341872176,1,1,Pobre extremo,47332.834037174514
2024,248,3,2,010201,01,0102,Selva urbana,1,647.1038023020104,647.1038023020104,65508.965790284536,5459.080482523711,452.2581830836484,220.92593145513098,0,0,No pobre,14223.806761415577
2023,146,7,2,010201,01,0102,Callao,3,869.9680230221448,2609.9040690664347,3629.5769345724216,100.8215815159006,397.7143753705379,220.4479388754626,1,1,Pobre extremo,128257.2979252123
2021,106,17,4,130101,13,1301,Sierra rural,4,1182.083665148517,4728.334660594068,6920.413285977259,144.17527679119289,446.82118595574553,203.743492203633,1,1,Pobre extremo,68970.78974170708
2024,263,19,3,130101,13,1301,Selva rural,2,1086.418608880668,2172.837217761336,42367.950189414696,1765.331257892279,407.89237446969287,203.5599496610074,0,0,No pobre,58413.14056261359
2021,296,18,4,010101,01,0101,Costa urbana,2,174.45984677055773,348.91969354111546,26488.340349488495,1103.680847895354,406.0617027968804,246.80161594231768,0,0,No pobre,7762.766703338703
2022,70,1,4,010201,01,0102,Selva urbana,4,287.4769863622855,1149.907945449142,100033.33034715084,2084.0277155656427,412.4517934090342,213.03663290354456,0,0,No pobre,160945.8748762871
2021,470,5,3,010201,01,0102,Costa rural,5,290.8865006782865,1454.4325033914324,15066.937514265672,251.1156252377612,432.03963665168544,264.64834948869856,1,1,Pobre extremo,98871.19716468782
2022,193,2,4,050101,05,0501,Lima Metropolitana,3,598.3090204484325,1794.9270613452977,53770.65091377042,1493.6291920491783,460.4453923328623,258.9683099617467,0,0,No pobre,49713.69189021126
2023,68,1,1,150132,15,1501,Costa urbana,4,567.1418143246535,2268.567257298614,22952.926677867046,478.18597245556344,429.8643750889626,224.42196120225287,0,0,No pobre,2107.126919612943
2022,494,7,1,040101,04,0401,Sierra rural,6,1510.2225291949192,9061.335175169515,44103.51605146764,612.5488340481617,409.80426956240746,226.6047986268705,0,0,No pobre,25893.274627225608
2022,305,11,4,130101,13,1301,Selva rural,6,1188.2143334306745,7129.286000584047,31349.314739274854,435.4071491565952,468.39742987118495,222.90935925983464,1,0,Pobre no extremo,245887.45890196864
2025,52,11,2,210101,21,2101,Sierra urbana,3,1551.554560825958,4654.663682477874,42345.80003544286,1176.272223206746,385.5089957442365,206.46764392342314,0,0,No pobre,58513.423390872944
2024,370,18,4,130101,13,1301,Sierra rural,5,232.80250908065324,1164.0125454032661,32645.92989890169,544.0988316483615,459.70914838980804,202.20011103551525,0,0,No pobre,10829.354558989417
2024,363,17,2,210101,21,2101,Costa urbana,4,1021.9070511960413,4087.628204784165,35036.640932101676,729.9300194187849,458.4381757921856,231.6493210837928,0,0,No pobre,20800.56526908536
2023,285,2,4,010101,01,0101,Sierra urbana,7,715.173600604012,5006.215204228084,10100.152083878544,120.23990576045885,405.3546810154343,266.0128080144046,1,1,Pobre extremo,24378.477351714373
2023,405,7,1,210101,21,2101,Callao,4,1714.8846904359182,6859.538761743673,28799.03103272819,599.9798131818374,399.829518252028,264.20745245733946,0,0,No pobre,112333.0800800995
2024,474,7,2,130101,13,1301,Costa rural,5,1444.7993981288162,7223.996990644081,46276.320978989774,771.2720163164962,467.47005614955975,256.6887118784955,0,0,No pobre,8030.7782270127545
2025,334,10,1,200101,20,2001,Sierra urbana,5,1751.591094570913,8757.955472854565,25681.157771333354,428.0192961888892,435.8871293560324,244.00164492101032,1,0,Pobre no extremo,104516.80714641631
2024,9,3,4,130101,13,1301,Sierra urbana,4,188.2115325715141,752.8461302860565,24549.68544594605,511.451780123876,384.6011357631415,259.9355684684014,0,0,No pobre,79993.18478546853
2025,251,12,3,150101,15,1501,Costa rural,5,1469.564630176541,7347.823150882705,4941.1270442774985,82.35211740462498,469.08325164671425,236.0547962412095,1,1,Pobre extremo,341897.9055922376
2023,431,3,2,200101,20,2001,Selva urbana,3,1126.0158691031982,3378.0476073095942,107010.52357119706,2972.5145436443627,414.90059843556736,212.6112093114442,0,0,No pobre,61876.8155967627
2021,332,11,2,010201,01,0102,Selva urbana,2,1667.500055129575,3335.00011025915,7856.727955796546,327.3636648248561,414.21565538100265,247.89192434524622,1,0,Pobre no extremo,10516.919053715988
2023,298,12,4,040101,04,0401,Sierra urbana,3,1063.60512275906,3190.81536827718,15423.73689496357,428.43713597121024,444.32879371598733,264.44522246249466,1,0,Pobre no extremo,34612.259635584815
2023,435,4,4,210101,21,2101,Lima Metropolitana,6,1126.397248013627,6758.383488081761,13233.28183428307,183.7955810317093,446.13109427985756,201.37235681840227,1,1,Pobre extremo,13474.41112923604
2022,184,16,2,130101,13,1301,Sierra urbana,4,198.35802378992372,793.4320951596949,35139.34147521392,732.0696140669567,415.3316120828415,217.60108365455514,0,0,No pobre,53578.5807632108
2022,179,18,3,130101,13,1301,Sierra rural,4,1370.1934435683368,5480.773774273347,36598.60346811926,762.470905585818,394.32789278968806,218.580673388989,0,0,No pobre,207503.5493311613
2022,198,4,4,210101,21,2101,Lima Metropolitana,4,618.965763649595,2475.86305459838,48698.663660692735,1014.5554929310987,435.22697633696725,206.93276770313827,0,0,No pobre,15397.337276973818
2022,128,6,4,250101,25,2501,Selva urbana,2,137.41845213975893,274.83690427951785,50686.993044896146,2111.9580435373396,442.517916467524,215.78459549789847,0,0,No pobre,92185.77874587955
2025,20,15,4,040101,04,0401,Costa rural,3,226.2306087614571,678.6918262843712,126895.28450864063,3524.869014128906,466.02223650589735,226.87874545379933,0,0,No pobre,19552.829868880657
2024,472,1,3,050101,05,0501,Selva rural,5,1918.8426570354488,9594.213285177244,20437.3876896079,340.6231281601316,428.4439987365066,265.7884797393827,1,0,Pobre no extremo,7701.904032922745
2021,411,3,2,150132,15,1501,Selva rural,7,757.5468502017093,5302.827951411965,12731.964752263511,151.57100895551798,444.5696079568222,260.21860383887577,1,1,Pobre extremo,179633.87445906404
2023,422,5,1,010201,01,0102,Sierra urbana,2,1749.343694380202,3498.687388760404,21778.134372463992,907.422265519333,385.4408827815875,266.2204356983832,0,0,No pobre,45830.42505458926
2025,328,17,4,200101,20,2001,Sierra urbana,3,1923.386744731586,5770.160234194758,9949.615866373644,276.378218510379,469.4522900206162,208.44002437056375,1,0,Pobre no extremo,59363.55507778909
2021,65,14,3,130101,13,1301,Selva rural,2,1892.2076587909132,3784.4153175818265,19717.79014236065,821.574589265027,412.7215813206702,201.96339231334798,0,0,No pobre,85965.98536903205
2025,182,9,2,010101,01,0101,Sierra rural,3,1775.2779573288983,5325.833871986695,6661.116312535285,185.0310086815357,443.2221124342312,207.69182150877734,1,1,Pobre extremo,6629.255645053571
2025,241,3,2,040101,04,0401,Sierra rural,3,1800.2034336764718,5400.6103010294155,12680.884227291765,352.2467840914379,471.60516313132416,264.0006944396839,1,0,Pobre no extremo,27842.369429767135
2023,369,13,3,210101,21,2101,Sierra rural,4,649.1152842478078,2596.4611369912313,5891.570296353187,122.7410478406914,461.0525784364687,211.02420469748856,1,1,Pobre extremo,7025.745260654047
2024,24,3,4,130101,13,1301,Callao,3,387.7927914946807,1163.378374484042,79830.744169369,2217.5206713713615,443.7703857477866,240.08456946007675,0,0,No pobre,21517.78730077644
2022,384,11,1,200101,20,2001,Costa urbana,3,1314.598867967055,3943.796603901165,29732.139381277353,825.8927605910376,450.36078280700855,215.93076589025333,0,0,No pobre,114608.49699354907
2024,431,2,4,010101,01,0101,Costa rural,5,1027.4006245507653,5137.003122753827,146134.89261528803,2435.5815435881336,472.0905115964976,201.44447974417596,0,0,No pobre,56927.01804018183
2023,455,15,2,150132,15,1501,Costa urbana,7,287.618765520825,2013.3313586457748,73094.3278106837,870.1705691748059,461.2093180146795,205.92349394998044,0,0,No pobre,19592.442255817718
2023,83,13,1,150132,15,1501,Sierra urbana,3,1387.3285004425807,4161.985501327742,79880.12027852121,2218.8922299589226,440.98590605371567,249.68579160764892,0,0,No pobre,37224.19992686527
2023,470,19,4,200101,20,2001,Sierra rural,4,1169.4340142210694,4677.736056884278,23725.074188574905,494.27237892864383,445.87027062096263,212.76565164093373,0,0,No pobre,31399.73732853628
2021,319,16,1,040101,04,0401,Sierra rural,3,1739.8280615398344,5219.484184619503,41815.75321538994,1161.5487004274983,394.7268424165212,216.03974438034356,0,0,No pobre,49558.5862231061
2024,185,18,3,010101,01,0101,Selva rural,6,1257.4492118079575,7544.695270847745,12006.830019345136,166.76152804646023,427.01676797705994,226.407955057658,1,1,Pobre extremo,19431.131339956806
2024,439,7,4,210101,21,2101,Callao,4,1190.497741471332,4761.990965885328,16661.708798457803,347.1189333012042,410.09976476836664,246.00690920953213,1,0,Pobre no extremo,32126.727372583344
2025,316,13,2,010101,01,0101,Selva rural,5,937.4282743319931,4687.141371659965,27244.561090827272,454.0760181804545,423.1970634499916,232.85606750717665,0,0,No pobre,42246.18781392012
2025,99,4,2,150101,15,1501,Lima Metropolitana,1,979.2954327888535,979.2954327888535,5623.760374111166,468.6466978425972,446.22468735307564,266.1227151195639,0,0,No pobre,55591.8988300441
2025,62,9,1,210101,21,2101,Sierra rural,4,1913.3243312603206,7653.297325041282,17054.23886833303,355.2966430902714,394.91510936017556,230.39275335177643,1,0,Pobre no extremo,45226.44505409612
2023,286,10,3,010201,01,0102,Callao,4,363.0474178604547,1452.1896714418187,54921.25073924452,1144.1927237342609,381.7375963661257,213.93916441382302,0,0,No pobre,7057.966305808136
2024,477,9,4,050101,05,0501,Selva urbana,3,947.8157553061556,2843.4472659184667,17306.411919309976,480.7336644252771,419.69244032327293,237.52999875863057,0,0,No pobre,10301.465027959035
2023,22,7,3,010201,01,0102,Selva rural,3,1346.0717444610013,4038.215233383004,13868.511030924028,385.23641752566743,412.21843144880575,231.5622730566407,1,0,Pobre no extremo,67777.64974927704
2021,459,15,3,050101,05,0501,Costa rural,4,922.7202266217593,3690.880906487037,19034.214806585234,396.54614180385903,422.04320597017073,255.0996836974521,1,0,Pobre no extremo,28161.796141009047
2025,212,8,1,010201,01,0102,Callao,5,638.1096913774397,3190.548456887199,52745.657450847255,879.0942908474542,473.12209203689804,265.45848613776377,0,0,No pobre,23284.264565582576
2023,126,19,1,010101,01,0101,Costa urbana,1,645.9790044494242,645.9790044494242,37230.23350655368,3102.5194588794734,450.70841012148435,258.5406659625555,0,0,No pobre,28245.560360327734
2023,413,11,4,040101,04,0401,Callao,4,543.9464878896599,2175.7859515586397,21965.792438820346,457.6206758087572,412.745877459916,227.23278074481595,0,0,No pobre,28207.738357525737
2021,499,5,2,200101,20,2001,Costa rural,2,753.4160811078704,1506.8321622157407,27333.455677250233,1138.893986552093,397.92788222367034,215.12812856039517,0,0,No pobre,6201.234569190467
2022,425,2,4,130101,13,1301,Selva rural,2,1756.1820736087773,3512.3641472175545,58181.68323505522,2424.236801460634,441.84782942569365,264.01422559097495,0,0,No pobre,204699.3651054611
2024,42,10,3,050101,05,0501,Sierra rural,4,1059.9266456136909,4239.7065824547635,87260.21743266241,1817.9211965138002,445.75762515095033,227.01577560060176,0,0,No pobre,32445.378844125615
2022,98,16,1,130101,13,1301,Sierra urbana,3,556.453583347855,1669.360750043565,17548.115828609105,487.44766190580845,428.3622683877835,253.91446364140972,0,0,No pobre,36847.56790855302
2025,449,13,3,150101,15,1501,Callao,3,830.6007623504115,2491.8022870512345,24979.18020932281,693.8661169256336,401.276077462216,269.26691388490235,0,0,No pobre,39291.61195386575
2023,31,8,1,150101,15,1501,Selva urbana,3,301.07778294927925,903.2333488478378,82483.52738962506,2291.2090941562515,382.85552608365305,240.42098770606933,0,0,No pobre,95057.09056313054
2021,158,9,2,130101,13,1301,Selva rural,4,1817.6679055036022,7270.671622014409,43070.199837557084,897.295829949106,406.56606974672724,233.591632785822,0,0,No pobre,71943.70319427682
2021,112,11,3,150101,15,1501,Costa rural,4,875.5758809737208,3502.3035238948833,7611.199269907203,158.56665145640008,425.7170499290184,248.99095477368508,1,1,Pobre extremo,33696.556051853
2024,402,11,1,210101,21,2101,Callao,7,1962.743288726844,13739.203021087907,12041.843950906006,143.35528512983342,458.7934286442492,213.57516865534487,1,1,Pobre extremo,15174.452314967199
2022,247,16,4,130101,13,1301,Sierra urbana,3,760.3236691987865,2280.9710075963594,12383.337953020755,343.9816098061321,465.3753828845172,234.17678171590552,1,0,Pobre no extremo,125078.66683914083
2024,122,10,4,150101,15,1501,Selva rural,5,1689.07648973153,8445.38244865765,18506.62588225671,308.4437647042785,421.2934559666964,221.8631529977228,1,0,Pobre no extremo,38408.54636599448
2023,273,12,4,050101,05,0501,Sierra rural,3,587.1320952537611,1761.3962857612833,37528.31513027738,1042.4531980632605,459.6124054683528,211.4959509472976,0,0,No pobre,65836.1020480316
2024,294,6,3,040101,04,0401,Lima Metropolitana,4,244.69049741744422,978.7619896697769,146781.67154299002,3057.951490478959,479.3352823551153,242.7095584321667,0,0,No pobre,12276.130252127412
2021,398,12,1,150101,15,1501,Sierra rural,4,160.29338718022132,641.1735487208853,24967.35336121618,520.1531950253371,451.66103748522295,240.29942598207026,0,0,No pobre,69500.44552667742
2021,471,10,1,130101,13,1301,Sierra rural,3,1251.7200106250887,3755.160031875266,48706.37652183518,1352.9549033843105,452.8599031601407,253.28425198197777,0,0,No pobre,8732.968387576891
2025,473,18,1,050101,05,0501,Sierra rural,4,691.9899761798199,2767.9599047192796,74640.01608985887,1555.000335205393,470.9536501549831,261.10790869689527,0,0,No pobre,24408.22726039273
2025,207,18,3,130101,13,1301,Selva rural,3,942.6877729040739,2828.0633187122216,102553.07174386033,2848.6964373294536,413.81441284169097,215.42631902146223,0,0,No pobre,41477.41852581861
2023,110,4,1,150132,15,1501,Lima Metropolitana,1,1655.4293676415111,1655.4293676415111,74707.92939805046,6225.660783170872,381.1205393057471,254.579185643766,0,0,No pobre,206345.22750046567
2022,440,9,2,010101,01,0101,Selva urbana,3,571.4053628201241,1714.2160884603722,13735.633811214399,381.5453836448444,478.6977271675699,225.71696125270503,1,0,Pobre no extremo,70148.05302311303
2024,278,7,3,010101,01,0101,Selva urbana,5,686.4397057963351,3432.1985289816757,7290.87249903712,121.51454165061867,429.0468077671024,244.01639212553974,1,1,Pobre extremo,152880.17315420345
2023,451,18,2,010101,01,0101,Costa rural,5,1706.1387516114678,8530.69375805734,15279.074096310871,254.6512349385145,458.5677593162327,259.51680193170677,1,1,Pobre extremo,57527.10679725721
2025,56,8,2,010201,01,0102,Selva rural,3,1036.2483193526577,3108.7449580579732,31308.224778909786,869.6729105252718,461.24911376092956,217.93295807000732,0,0,No pobre,11968.6133739018
2024,375,11,4,210101,21,2101,Callao,3,1672.5638173997265,5017.691452199179,13784.119347649306,382.8922041013696,419.7516677080029,242.0672898776086,1,0,Pobre no extremo,12036.87440252135
2025,403,7,3,130101,13,1301,Callao,1,811.5044065860011,811.5044065860011,6231.677041370364,519.3064201141971,434.12730467223184,233.62232140401267,0,0,No pobre,77760.38804671387
2024,57,9,1,210101,21,2101,Lima Metropolitana,3,856.9029635715061,2570.7088907145185,9010.732985828407,250.2981384952335,433.99155260626776,255.34041054155034,1,1,Pobre extremo,13336.345957481924
2022,428,8,2,130101,13,1301,Callao,5,417.56288737868687,2087.8144368934345,402689.9390014331,6711.498983357218,402.02160093442507,248.80689092587735,0,0,No pobre,7755.167858070638
2023,482,3,3,150132,15,1501,Lima Metropolitana,4,1841.057121830436,7364.228487321744,22084.54465839409,460.09468038321023,391.76389338942937,253.8742285132269,0,0,No pobre,13684.382381662215
2024,291,17,1,150101,15,1501,Sierra rural,3,1803.889018623958,5411.667055871874,135960.50747877883,3776.680763299412,434.3572304942625,220.15601907222458,0,0,No pobre,47485.74540174327
2021,114,2,4,010201,01,0102,Callao,3,1970.0123276730696,5910.0369830192085,21779.85618631423,604.9960051753953,392.0143226851462,249.3049405862367,0,0,No pobre,16419.708726086516
2021,381,15,3,040101,04,0401,Selva urbana,5,864.6495416224519,4323.24770811226,54905.04974053165,915.0841623421942,414.6088723859513,242.40641119817332,0,0,No pobre,127408.96066999575
2024,385,14,3,130101,13,1301,Selva rural,3,1655.36838934142,4966.10516802426,23650.302770573577,656.9528547381549,398.60833316409384,231.96763192320296,0,0,No pobre,55659.92482590391
2024,308,18,3,050101,05,0501,Sierra urbana,3,888.4120901770253,2665.236270531076,27080.833378211097,752.2453716169749,450.6916108282778,226.48405832577052,0,0,No pobre,43878.13473275183
2024,341,16,1,150101,15,1501,Selva urbana,4,963.1676989498483,3852.670795799393,54206.70477226854,1129.3063494222613,467.20088534999877,223.21200215568015,0,0,No pobre,53520.22667060017
2021,477,4,2,200101,20,2001,Callao,4,1676.9988478301666,6707.995391320666,18728.528909976158,390.1776856245033,437.791460985218,200.6772052911981,1,0,Pobre no extremo,66420.6913753087
2021,198,6,2,200101,20,2001,Selva urbana,4,436.9968646841595,1747.987458736638,9184.423887797187,191.34216432910807,421.01558071715976,211.86909859147514,1,1,Pobre extremo,67391.13536420233
2024,421,6,3,040101,04,0401,Lima Metropolitana,6,518.5907754773294,3111.544652863977,13034.019581792596,181.02804974711938,479.66426408213107,204.12847485563844,1,1,Pobre extremo,16042.44268571553
2025,321,11,3,050101,05,0501,Costa rural,3,697.9836567520485,2093.9509702561454,12970.857476616768,360.30159657268797,382.12091352465393,259.3850279840768,1,0,Pobre no extremo,128111.15272743556
2025,179,17,1,010101,01,0101,Selva urbana,5,1597.5401617501093,7987.7008087505465,29009.994834033278,483.49991390055465,410.43410842039225,260.20622092905575,0,0,No pobre,68056.12611990108
2022,385,3,4,010201,01,0102,Sierra urbana,2,808.0379437993572,1616.0758875987144,4883.388878273539,203.4745365947308,407.86731526470004,259.23353356824873,1,1,Pobre extremo,24466.088106737712
2023,219,13,3,210101,21,2101,Sierra rural,4,780.519595733447,3122.078382933788,35407.913621602725,737.6648671167235,415.62035980579196,257.2543835047648,0,0,No pobre,78641.86433384957
2025,277,3,3,250101,25,2501,Costa urbana,6,1997.7510559849593,11986.506335909755,84092.14469900263,1167.9464541528143,403.0595741158503,215.49313174695837,0,0,No pobre,9580.878434853272
2021,437,16,4,250101,25,2501,Costa rural,4,829.231671889011,3316.926687556044,17030.468295882136,354.8014228308778,406.4262835431456,234.42503221574717,1,0,Pobre no extremo,85400.75355703334
2025,16,15,3,010201,01,0102,Sierra urbana,5,570.7640189996152,2853.8200949980765,14925.57044800972,248.75950746682867,405.7677109917327,263.5490640377878,1,1,Pobre extremo,48437.44840589727
2022,492,11,2,150101,15,1501,Costa rural,5,1284.1059885817922,6420.529942908961,158038.28763935878,2633.9714606559796,430.5744050752431,253.1847255832945,0,0,No pobre,4253.0789167736275
2022,379,18,3,150132,15,1501,Callao,2,1623.5719087145017,3247.1438174290033,101192.6191409535,4216.359130873062,419.1055277034431,200.12742001680527,0,0,No pobre,267768.79793468275
2023,61,15,2,150101,15,1501,Selva rural,5,232.2548840740026,1161.274420370013,39530.12633561279,658.8354389268799,443.9280101984908,232.15986034826554,0,0,No pobre,9827.173807886627
2025,54,5,1,200101,20,2001,Callao,6,1275.8952391631026,7655.371434978615,13728.504461274919,190.67367307326276,431.44011598676855,200.74691394817583,1,1,Pobre extremo,64474.03085111895
2021,168,16,1,210101,21,2101,Sierra rural,4,167.89736617242704,671.5894646897082,45500.403322107,947.9250692105625,398.3421852369731,219.64627328864725,0,0,No pobre,149393.1708605697
2021,26,16,2,200101,20,2001,Selva urbana,2,1100.031466861084,2200.062933722168,10854.528268382572,452.2720111826072,461.0044978934508,230.50337088588196,1,0,Pobre no extremo,2659.140186251876
2024,336,17,2,130101,13,1301,Callao,2,588.2839711398375,1176.567942279675,8179.125787547078,340.7969078144616,427.2195198340557,262.50295048551953,1,0,Pobre no extremo,45826.60477119124
2021,476,9,4,200101,20,2001,Selva rural,3,682.6192255790529,2047.8576767371587,40415.18131383065,1122.6439253841847,395.3231517905983,245.80689989031285,0,0,No pobre,88100.33408930583
2023,65,3,2,250101,25,2501,Selva urbana,2,987.482331566527,1974.964663133054,17492.96400120855,728.8735000503563,396.68798429286625,225.37391958429353,0,0,No pobre,110868.58047012628
2023,100,13,2,250101,25,2501,Callao,4,1861.5041754166155,7446.016701666462,4354.91739524681,90.72744573430855,459.6968410478956,234.34584317170447,1,1,Pobre extremo,122616.79121075211
2021,74,3,3,210101,21,2101,Lima Metropolitana,2,1450.2678825169653,2900.5357650339306,45619.34070675499,1900.805862781458,450.29931842231,257.21726420178817,0,0,No pobre,91668.05323547944
2021,192,7,4,200101,20,2001,Sierra urbana,3,1880.006632940543,5640.019898821629,100123.14155690008,2781.198376580558,430.6527952539761,220.97589193795991,0,0,No pobre,25952.4274361625
2024,171,6,2,010201,01,0102,Sierra rural,3,1353.9449086614875,4061.8347259844622,48711.31527454884,1353.09209095969,410.60815097523323,243.05243428280664,0,0,No pobre,57486.724320037174
2021,273,9,2,010201,01,0102,Costa urbana,4,113.50471946693335,454.0188778677334,17172.681062549163,357.7641888031076,426.0522036797076,218.35728187214954,1,0,Pobre no extremo,271423.1237681622
2024,377,12,2,040101,04,0401,Costa urbana,4,604.6118749605874,2418.4474998423498,3919.3129623187706,81.65235338164105,443.64835371380434,233.59744060565637,1,1,Pobre extremo,128489.30480145206
2024,187,15,3,150132,15,1501,Selva urbana,5,1820.9678976687103,9104.839488343552,30690.763405592803,511.5127234265467,467.9282317429514,201.72609524934444,0,0,No pobre,18641.23815641043
2021,23,3,3,210101,21,2101,Selva rural,1,1322.5464898387152,1322.5464898387152,14895.1910743652,1241.2659228637667,435.58678676787287,259.6592723644184,0,0,No pobre,105383.53033097916
2022,391,10,3,200101,20,2001,Lima Metropolitana,2,1965.1297494835223,3930.2594989670447,11954.613739660792,498.10890581919966,407.67352947737504,203.3844182058526,0,0,No pobre,140968.32540146523
2022,428,1,1,210101,21,2101,Sierra rural,2,396.33163651476167,792.6632730295233,4665.340719805874,194.38919665857807,384.27399146934783,215.70523498869022,1,1,Pobre extremo,15067.400724942296
2024,181,19,3,150101,15,1501,Sierra rural,3,663.8208829023869,1991.4626487071605,145699.5668159819,4047.210189332831,397.54550559167404,223.34583152711673,0,0,No pobre,35559.07014070811
2021,327,19,2,010101,01,0101,Sierra urbana,1,788.498553082369,788.498553082369,10021.864864324236,835.155405360353,445.0177620662463,243.76127817370272,0,0,No pobre,27283.741939771324
2022,108,13,3,050101,05,0501,Selva rural,5,720.4598545178901,3602.2992725894505,5221.639170281176,87.02731950468628,396.04369668241577,250.4023425902539,1,1,Pobre extremo,91536.29026494267
2021,335,12,3,150101,15,1501,Costa urbana,3,578.7839072847731,1736.3517218543193,123645.95810326857,3434.6099473130157,428.15395531434507,205.63157295998104,0,0,No pobre,24107.516749225364
2021,162,1,4,150101,15,1501,Sierra urbana,6,942.5848599378779,5655.509159627268,27665.906106035978,384.24869591716634,449.89550154763856,203.04258401193533,1,0,Pobre no extremo,19357.261236324153
2021,302,19,2,200101,20,2001,Callao,4,1320.3664344018052,5281.465737607221,24061.341081977378,501.27793920786206,410.82249014031106,255.9292920640544,0,0,No pobre,108180.76783671638
2025,493,16,3,010101,01,0101,Costa rural,3,691.3881534847225,2074.1644604541675,35541.56722863466,987.2657563509628,446.9105889807286,249.85165737328884,0,0,No pobre,10881.694980869075
2021,452,15,1,010201,01,0102,Sierra rural,5,251.4298542970858,1257.149271485429,39819.802547379564,663.6633757896594,438.10720616478187,258.20852479782593,0,0,No pobre,43718.60739109981
2025,206,16,4,010201,01,0102,Costa urbana,5,1446.2118010970105,7231.059005485053,32594.707928771706,543.2451321461951,423.89391069283954,247.35767856284613,0,0,No pobre,17518.10396061811
2024,78,11,3,150101,15,1501,Sierra urbana,4,972.1314559844104,3888.5258239376417,6932.108695304911,144.41893115218565,469.7245478884261,252.5708589249657,1,1,Pobre extremo,108106.20358806172
2022,16,6,4,150132,15,1501,Selva urbana,6,1157.31638157112,6943.89828942672,6465.010935997377,89.79181855551911,449.2058890427444,226.53268681330013,1,1,Pobre extremo,19703.36346938207
2022,327,11,4,010201,01,0102,Costa rural,3,965.2612486114386,2895.783745834316,13959.611744444941,387.7669929012484,416.05970331525754,241.31290242764788,1,0,Pobre no extremo,37673.40951805928
2022,96,3,1,130101,13,1301,Sierra urbana,5,1791.6792565643295,8958.396282821648,16998.954176856638,283.31590294761065,460.4264533525542,256.37746400091,1,0,Pobre no extremo,3323.968834287909
2022,147,15,1,150101,15,1501,Selva urbana,3,1161.615494616122,3484.846483848366,19457.21021204353,540.4780614456536,453.8102214169672,212.0482274084562,0,0,No pobre,36381.13737979814
2022,2,1,1,050101,05,0501,Costa urbana,5,1854.2259957183244,9271.129978591622,33047.69415625487,550.7949026042478,459.16839655081645,229.5976072578334,0,0,No pobre,30435.01732841251
2022,10,7,2,010101,01,0101,Costa urbana,3,1070.0931489564005,3210.2794468692014,20918.497378218173,581.0693716171714,444.09559830409944,251.8342837935903,0,0,No pobre,39010.08248632688
2022,434,1,4,040101,04,0401,Costa rural,3,655.9175082565355,1967.7525247696065,14579.526870538966,404.9868575149713,417.93706158394986,237.284560023563,1,0,Pobre no extremo,133511.64110867307
2024,125,17,3,250101,25,2501,Selva urbana,4,775.3409156347735,3101.363662539094,38378.04300233826,799.5425625487137,414.8578515604269,247.716021704832,0,0,No pobre,66049.21525850806
2021,81,9,1,210101,21,2101,Sierra rural,3,1092.0456578110925,3276.1369734332775,51146.247892146326,1420.7291081151757,445.41513607592645,220.50084371130697,0,0,No pobre,53940.83449848222
2023,485,13,1,150101,15,1501,Lima Metropolitana,3,1106.9799318295163,3320.939795488549,12992.033508674278,360.8898196853966,393.0900007966901,202.26397159223794,1,0,Pobre no extremo,17348.894096778266
2025,140,11,4,010201,01,0102,Lima Metropolitana,3,1405.9416329430028,4217.824898829009,7854.587210375533,218.18297806598702,461.99143504985756,202.04020458280633,1,0,Pobre no extremo,307751.86366665736
2023,326,6,4,210101,21,2101,Costa urbana,4,526.5402571545985,2106.161028618394,31639.831787131363,659.1631622319034,417.0335383998073,265.99468235712436,0,0,No pobre,5777.240999808794
2023,150,1,4,050101,05,0501,Selva rural,6,1351.8015099344532,8110.8090596067195,18424.059841367263,255.88972001898978,443.0371989365549,266.1178030796529,1,1,Pobre extremo,10977.50202279307
2021,288,7,3,200101,20,2001,Sierra rural,4,1579.3172159234293,6317.268863693717,57095.24104327626,1189.4841884015889,429.9063914933418,214.78976379682337,0,0,No pobre,16906.868748891164
2021,361,12,2,250101,25,2501,Sierra rural,5,1385.5247799872811,6927.623899936406,11084.553220246566,184.7425536707761,431.93264920246537,210.32259605796608,1,1,Pobre extremo,43920.41294572907
2021,340,19,2,150132,15,1501,Lima Metropolitana,4,1015.4734086534226,4061.89363461369,9088.706380830867,189.34804960064307,453.8006146201347,201.26978837251147,1,1,Pobre extremo,37929.6684554097
2022,129,17,1,040101,04,0401,Sierra urbana,2,1984.1932371219846,3968.386474243969,15214.428753846563,633.9345314102735,442.6670053671418,216.1879799420681,0,0,No pobre,17078.082527978677
2024,438,4,2,200101,20,2001,Callao,2,869.1450023455109,1738.2900046910217,42950.55424913768,1789.6064270474033,405.03089883457136,223.40460088082014,0,0,No pobre,43311.06566298692
2022,239,3,3,050101,05,0501,Sierra urbana,4,302.5221677016755,1210.088670806702,19604.96236267779,408.43671588912065,387.4225931423738,216.88698435465167,0,0,No pobre,115634.21334427636
2024,58,1,2,010201,01,0102,Costa urbana,3,1660.8580092739517,4982.5740278218545,24841.286199774542,690.0357277715151,464.0234067365291,255.8168898214341,0,0,No pobre,38393.6723732641
2024,198,18,3,130101,13,1301,Sierra rural,3,503.1823158727946,1509.546947618384,17228.27537136999,478.5632047602775,468.48940747518577,252.46013494928047,0,0,No pobre,10309.435796968484
2023,211,15,1,010101,01,0101,Sierra urbana,4,1455.24258851464,5820.97035405856,67100.73257302723,1397.931928604734,396.44965329173186,205.67099012801117,0,0,No pobre,32731.079652959826
2023,402,8,4,200101,20,2001,Selva urbana,4,440.05493715873916,1760.2197486349567,41553.92210663016,865.706710554795,410.9477066919533,248.81251256714648,0,0,No pobre,16031.549776523294
2024,390,1,3,200101,20,2001,Selva urbana,3,132.0670426300848,396.20112789025444,6833.944918908933,189.8318033030259,408.2342381931732,236.44095839215416,1,1,Pobre extremo,8973.88035621177
2024,45,14,4,040101,04,0401,Callao,5,403.61734719914875,2018.0867359957438,60540.13902328143,1009.0023170546905,473.7448560740155,209.25162744624018,0,0,No pobre,37748.37918323124
2022,97,4,1,010101,01,0101,Selva urbana,5,816.2785234940616,4081.392617470308,45768.992556122874,762.8165426020479,400.47773819306883,251.76748013450876,0,0,No pobre,14696.736621734432
2022,279,5,3,050101,05,0501,Callao,5,302.57466954661675,1512.8733477330838,71417.5788055849,1190.2929800930817,396.6539232099832,206.02318956219418,0,0,No pobre,26087.068403079644
2023,23,13,3,210101,21,2101,Selva urbana,7,475.5902600477959,3329.1318203345713,16716.5228090035,199.00622391670836,398.1838549748199,212.4005466060959,1,1,Pobre extremo,55396.677000300464
2021,410,15,2,210101,21,2101,Callao,3,1552.7899276003466,4658.36978280104,11555.244728550433,320.97902023751203,452.9869176093767,210.44585370872142,1,0,Pobre no extremo,50047.854717186514
2024,461,6,3,010101,01,0101,Callao,4,1562.7788551565484,6251.115420626194,24973.970370903335,520.2910493938194,468.8019844246475,265.7323382916539,0,0,No pobre,121174.33578462362
2022,391,1,1,150132,15,1501,Callao,6,1653.2276316628556,9919.365789977133,31155.33961949577,432.7130502707746,419.3367410633268,248.8709202243254,0,0,No pobre,6498.368199617838
2023,335,19,4,150101,15,1501,Sierra rural,4,1698.1949494404257,6792.779797761703,78183.55359794907,1628.8240332906055,393.6079904366357,228.7900150415332,0,0,No pobre,29600.62325401761
2022,44,13,3,150132,15,1501,Selva urbana,5,898.8281997661353,4494.140998830677,47708.84153822056,795.1473589703426,438.572199740834,257.55429055941613,0,0,No pobre,99899.24856697144
2024,27,6,1,150132,15,1501,Sierra rural,3,1748.344355317704,5245.033065953112,30766.40306597426,854.6223073881739,400.9934958328976,215.1171586665585,0,0,No pobre,6771.735407921287
2024,282,15,1,200101,20,2001,Lima Metropolitana,4,1099.2800625266818,4397.120250106727,23986.037780953502,499.7091204365313,386.4151447365235,265.1765295331569,0,0,No pobre,30617.4112547697
2025,97,16,3,200101,20,2001,Costa urbana,2,994.1345221784155,1988.269044356831,27275.149821122173,1136.4645758800905,468.6231378382476,248.78981246153717,0,0,No pobre,44386.81903410939
2021,463,16,2,250101,25,2501,Callao,7,1465.2190250919741,10256.533175643819,18865.946761305036,224.59460430125043,467.0841276333676,239.17064487056925,1,1,Pobre extremo,12128.967503960868
2025,36,10,3,010201,01,0102,Costa urbana,5,506.2549815838237,2531.2749079191185,49565.159845589624,826.0859974264937,477.5910160259274,255.62539140923298,0,0,No pobre,18471.651479635664
2023,109,9,3,050101,05,0501,Selva urbana,6,1600.0450159721968,9600.27009583318,7281.0613275428395,101.12585177142833,427.4004754906133,245.13466869976108,1,1,Pobre extremo,11055.969820817305
2022,55,9,2,050101,05,0501,Selva urbana,4,915.9850704757862,3663.9402819031448,27114.533601215986,564.8861166919997,409.4001198210422,262.09764925073375,0,0,No pobre,48000.582197026175
2023,192,17,1,250101,25,2501,Selva urbana,2,341.86128660714485,683.7225732142897,68852.78862342602,2868.866192642751,456.97837455704024,258.04068620520957,0,0,No pobre,2982.028485303909
2024,219,17,3,200101,20,2001,Callao,1,326.6926356822384,326.6926356822384,9680.488833517375,806.7074027931145,398.04949320839125,213.8481353528545,0,0,No pobre,16892.56982487913
2025,185,17,2,040101,04,0401,Costa urbana,6,413.32281330873025,2479.9368798523815,154848.17652437463,2150.669118394092,404.3292076816281,216.77646603810578,0,0,No pobre,17680.638250493404
2025,69,12,4,040101,04,0401,Sierra urbana,3,1792.0881950631865,5376.2645851895595,10203.031809800643,283.4175502722401,405.5682626207381,204.55681896429505,1,0,Pobre no extremo,90004.07270565053
2025,317,13,4,010201,01,0102,Costa urbana,3,1982.7818622921902,5948.34558687657,17081.939353624457,474.49831537845716,475.161940991218,215.41392420209618,1,0,Pobre no extremo,7616.543724459407
2023,130,12,2,010101,01,0101,Selva urbana,4,778.2502184824386,3113.0008739297546,67733.81292138244,1411.121102528801,452.9822918831074,224.04422054566942,0,0,No pobre,132789.32567915
2024,55,14,1,200101,20,2001,Sierra urbana,3,655.0733191900654,1965.2199575701961,99392.29815648007,2760.8971710133355,393.36947925821534,202.01791486207452,0,0,No pobre,76663.35535137454
2022,378,10,2,210101,21,2101,Callao,4,515.6648479292409,2062.6593917169635,37113.33551032211,773.1944897983773,389.28458781239067,222.04737823474298,0,0,No pobre,103267.30056712854
2022,97,19,1,210101,21,2101,Sierra urbana,4,1665.2513066177664,6661.005226471066,36243.737727313935,755.0778693190404,464.28148535845116,254.00820891391103,0,0,No pobre,23697.890587634418
2023,336,2,4,200101,20,2001,Costa rural,4,497.4942165958646,1989.9768663834584,134468.28399697164,2801.4225832702427,460.22743230447617,258.8229318609531,0,0,No pobre,23863.487881226556
2025,87,4,3,130101,13,1301,Lima Metropolitana,6,1855.7712468675124,11134.627481205074,7853.418383553751,109.07525532713542,447.0994578008355,200.62113029911964,1,1,Pobre extremo,16532.301113023772
2021,294,19,2,010101,01,0101,Sierra rural,2,1367.9657200454371,2735.9314400908743,5696.737701491567,237.36407089548197,399.6100652396616,200.50029267884628,1,0,Pobre no extremo,64907.53034733056
2023,119,7,4,210101,21,2101,Lima Metropolitana,3,1804.54280417147,5413.62841251441,4760.365183672536,132.232366213126,428.02835388892714,210.24149757757007,1,1,Pobre extremo,25549.19097146021
2023,208,15,3,150101,15,1501,Selva urbana,3,1152.618723348878,3457.8561700466335,12504.784597368185,347.3551277046718,440.2725945457274,261.0803942513653,1,0,Pobre no extremo,16194.390926857517
2024,334,15,4,150132,15,1501,Sierra rural,7,1412.291738146744,9886.042167027208,14122.40802417919,168.12390504975227,473.21375268403517,232.84946357926475,1,1,Pobre extremo,25485.696091821614
2022,413,6,2,200101,20,2001,Costa rural,3,1276.9703912496445,3830.911173748934,37892.722815483736,1052.575633763437,396.94237401974107,268.8031453317587,0,0,No pobre,52634.88059642938
2023,154,3,2,130101,13,1301,Sierra rural,3,1679.271367015214,5037.814101045642,66634.40331678712,1850.9556476885311,431.5446807146114,262.1132026036761,0,0,No pobre,10265.572088393463
2023,35,6,3,150101,15,1501,Selva urbana,4,1688.135541253174,6752.542165012696,60946.35896155923,1269.7158116991507,395.7751638878312,262.3089679431128,0,0,No pobre,14027.338328575328
2025,79,16,2,150132,15,1501,Costa rural,3,1220.6066997057378,3661.8200991172134,59363.834706675254,1648.9954085187571,424.38493405741525,208.9933502350139,0,0,No pobre,140072.2839957563
2025,67,2,4,150132,15,1501,Sierra rural,7,1301.7645337265674,9112.351736085971,11358.85120870273,135.22441915122297,400.0134974630923,233.2660544448896,1,1,Pobre extremo,14664.46336155087
2021,343,7,3,010201,01,0102,Callao,6,1851.564248945877,11109.385493675261,38037.10471437833,528.2931210330323,463.6186208315211,269.55134181226134,0,0,No pobre,154429.68970075197
2024,413,11,3,010101,01,0101,Costa urbana,4,1866.746319533442,7466.985278133768,13899.230548259507,289.5673030887397,405.47362776375127,210.43309611822934,1,0,Pobre no extremo,21436.312793668876
2021,34,7,4,200101,20,2001,Sierra urbana,4,1362.074589400845,5448.29835760338,46203.24069217123,962.567514420234,421.71047162440243,240.19634175327363,0,0,No pobre,9361.529724939823
2025,97,4,1,130101,13,1301,Lima Metropolitana,2,114.73312852901073,229.46625705802145,27956.39339019384,1164.84972459141,420.7787652492135,224.09959943671595,0,0,No pobre,142956.87200236286
2022,169,7,3,250101,25,2501,Costa rural,4,298.3813080324879,1193.5252321299515,59661.64514751914,1242.9509405733154,466.62949600217587,227.15006980142488,0,0,No pobre,207997.89291926878
2025,169,4,1,010201,01,0102,Costa urbana,5,1730.0908103713907,8650.454051856954,228348.9505790357,3805.8158429839286,455.77974647322606,262.3554752828351,0,0,No pobre,20317.233991900506
2024,151,12,4,040101,04,0401,Selva urbana,3,260.9568211045229,782.8704633135686,26119.782970470467,725.549526957513,385.7575489015084,241.1531798434598,0,0,No pobre,108306.92048731731
2025,71,5,4,150101,15,1501,Sierra urbana,3,505.6864436246261,1517.0593308738785,9966.573176655646,276.8492549071013,386.70874571681645,253.11434725721637,1,0,Pobre no extremo,40259.690574382505
2024,3,19,3,250101,25,2501,Lima Metropolitana,6,538.0386924211384,3228.2321545268305,6197.585288215346,86.07757344743536,435.1197245130704,247.12640782466687,1,1,Pobre extremo,42519.92267065557
2024,314,5,2,150101,15,1501,Costa rural,3,1240.4460625818192,3721.3381877454576,12002.533129847568,333.4036980513213,422.77190273577935,237.03109833989785,1,0,Pobre no extremo,49703.94118924341
2024,32,19,3,200101,20,2001,Sierra urbana,4,1195.602315979152,4782.409263916608,70273.72552544963,1464.0359484468672,407.5584220536842,255.41978391392632,0,0,No pobre,37056.51061317493
2024,287,3,2,130101,13,1301,Selva rural,1,649.8932944987605,649.8932944987605,41608.05146507204,3467.337622089337,459.2620938207405,267.95130341372686,0,0,No pobre,40229.732324492754
2024,82,11,1,130101,13,1301,Callao,3,494.4615945800414,1483.384783740124,33099.5098394848,919.4308288745779,392.86351718989994,267.67736877690504,0,0,No pobre,36536.73851021098
2022,43,7,2,150132,15,1501,Selva rural,5,1552.610856729204,7763.05428364602,37922.64973355167,632.0441622258611,477.4056912870152,255.26164006953593,0,0,No pobre,20414.129519765967
2021,391,17,3,250101,25,2501,Costa rural,3,1877.3666956513548,5632.100086954064,51401.997541498255,1427.8332650416182,382.4102506752161,234.11308290244602,0,0,No pobre,17893.60243198727
2023,105,9,2,130101,13,1301,Costa rural,4,200.33079184123352,801.3231673649341,6625.353588709204,138.02819976477508,391.82307246108434,211.4211271433841,1,1,Pobre extremo,11507.817321739207
2021,1,9,4,210101,21,2101,Sierra rural,3,353.0428791392394,1059.1286374177182,65357.81667516198,1815.4949076433884,411.1316654275852,203.1129356280326,0,0,No pobre,5512.102627649584
2024,61,10,1,150101,15,1501,Sierra urbana,3,1320.1115785408442,3960.3347356225327,38194.79520310597,1060.9665334196102,430.9149095255503,216.2011477856161,0,0,No pobre,33145.28717172915
2022,270,13,4,150132,15,1501,Selva rural,6,1628.4387581757087,9770.632549054251,7356.502798356287,102.17364997717065,401.6136158479324,223.81805997182803,1,1,Pobre extremo,15632.791289892393
2025,180,15,4,200101,20,2001,Lima Metropolitana,4,1603.2584706751593,6413.033882700637,36384.37873039954,758.0078902166571,453.62151488540263,209.08947311426368,0,0,No pobre,7060.910780650586
2022,224,5,4,130101,13,1301,Selva rural,6,1467.3979908571096,8804.387945142658,8331.7068745265,115.71815103509029,415.754190342599,215.73357307287165,1,1,Pobre extremo,15959.105940035754
2024,6,3,4,050101,05,0501,Sierra urbana,6,1786.1131135463747,10716.678681278248,42580.929568172956,591.4017995579577,383.8538333396938,205.84818251926188,0,0,No pobre,21348.756370193893
2022,103,8,2,200101,20,2001,Selva rural,6,512.9628711845444,3077.7772271072663,29969.430248089415,416.24208677901964,467.77219674406444,236.65738804440852,1,0,Pobre no extremo,20961.585644735253
2022,10,10,4,250101,25,2501,Lima Metropolitana,6,303.85279833469957,1823.1167900081973,10847.95400799416,150.66602788880778,474.3865673086063,208.8422733821483,1,1,Pobre extremo,146196.77278537705
2024,71,13,2,210101,21,2101,Costa urbana,1,1269.1896431735997,1269.1896431735997,39032.67414816037,3252.722845680031,441.85636224370444,251.99380409460682,0,0,No pobre,20026.542648049286
2022,90,3,4,010101,01,0101,Callao,6,1662.3241938945216,9973.94516336713,55721.87463312214,773.9149254600297,460.6536388570405,223.28548447008578,0,0,No pobre,154138.5297346852
2023,226,8,3,040101,04,0401,Selva rural,2,1205.882799113089,2411.765598226178,16056.229352393293,669.0095563497206,392.11115386933017,247.04438999478617,0,0,No pobre,17134.677578961342
2023,158,9,4,050101,05,0501,Callao,1,1929.6952261719218,1929.6952261719218,54395.656378867585,4532.971364905632,406.8820281786665,261.7763604556269,0,0,No pobre,58816.32771401979
2022,228,12,3,150132,15,1501,Selva rural,2,1611.5724766443998,3223.1449532887996,20938.118027035678,872.4215844598199,412.5231687678184,206.02115797759072,0,0,No pobre,13351.983958703753
2025,405,11,2,150101,15,1501,Selva urbana,3,1431.5044217275956,4294.513265182787,59093.322077498895,1641.4811688194138,476.0753166948496,269.2300551188897,0,0,No pobre,201909.79094449806
2024,126,2,1,250101,25,2501,Costa urbana,4,214.48885265629383,857.9554106251753,24677.568310314724,514.1160064648901,431.22226399073674,245.1670339656715,0,0,No pobre,123691.01613862542
2023,444,18,2,250101,25,2501,Sierra rural,3,304.710253590196,914.1307607705879,77329.972803899,2148.0548001083057,380.741355881396,203.7356154805659,0,0,No pobre,76776.13556466177
2025,209,9,1,010101,01,0101,Costa rural,1,1591.1915019232692,1591.1915019232692,11822.436619973181,985.2030516644318,418.01858228700956,221.9801562348317,0,0,No pobre,262382.586537572
2022,97,2,1,050101,05,0501,Lima Metropolitana,4,476.65205859635574,1906.608234385423,12134.601052903346,252.80418860215306,380.77506008655763,262.03716042590196,1,1,Pobre extremo,86687.86080208568
2025,74,2,4,150101,15,1501,Selva rural,3,154.78683455008206,464.3605036502462,13237.405893045756,367.705719251271,403.7805740472446,241.73635230610284,1,0,Pobre no extremo,56303.42621867847
2021,115,3,1,040101,04,0401,Lima Metropolitana,5,1830.4453029192332,9152.226514596166,30151.59576854557,502.5265961424262,425.47000671411774,220.10556570714405,0,0,No pobre,9366.155734040854
2023,191,16,2,010201,01,0102,Sierra rural,3,1792.530210032345,5377.590630097035,23457.5338922968,651.5981636749111,412.33930554208365,265.834620907896,0,0,No pobre,3441.989155694773
2022,495,19,4,010201,01,0102,Sierra rural,3,515.1192717398345,1545.3578152195037,34818.49752650765,967.1804868474347,383.27342122851707,255.10767992854753,0,0,No pobre,9952.444052124207
2024,170,4,1,250101,25,2501,Costa urbana,3,1582.3918903386138,4747.1756710158415,9435.98469357498,262.1106859326383,391.6335722408779,251.48769473049634,1,0,Pobre no extremo,6724.800254409406
2022,307,18,2,050101,05,0501,Lima Metropolitana,3,191.16135630214467,573.484068906434,14104.633928856221,391.7953869126728,435.0886561222733,262.1898984004692,1,0,Pobre no extremo,16318.768378095208
2024,448,18,1,010101,01,0101,Costa rural,4,641.6102072641999,2566.4408290567994,84421.57380215511,1758.7827875448982,449.56049043844854,253.8845961296031,0,0,No pobre,108475.96418340906
2022,204,10,1,250101,25,2501,Selva urbana,4,1284.9671256875872,5139.868502750349,37587.60779227613,783.0751623390861,420.4549012232903,220.0716847239204,0,0,No pobre,12498.183174806638
2025,56,11,4,010201,01,0102,Sierra rural,3,1550.0400927009323,4650.120278102797,47156.66963697754,1309.9074899160428,453.1481746424907,240.87202528679256,0,0,No pobre,22869.635424733842
2025,208,17,4,250101,25,2501,Selva urbana,3,119.75845869756019,359.2753760926806,21380.382380386938,593.8995105663039,396.3332888515144,258.9600317433374,0,0,No pobre,38440.37386045434
2025,41,16,2,010201,01,0102,Costa rural,3,719.7963652201137,2159.389095660341,35078.86289206261,974.4128581128502,392.2057947807686,212.65936747059845,0,0,No pobre,39821.812009145695
2021,32,13,4,050101,05,0501,Costa rural,7,507.2565641209806,3550.795948846864,17546.501890622003,208.88692726930955,463.9453715943276,211.4116295650842,1,1,Pobre extremo,20061.24406665611
2024,15,2,4,050101,05,0501,Callao,3,1997.682770922575,5993.048312767725,5088.596192796177,141.34989424433826,413.92133484922,211.1283373299616,1,1,Pobre extremo,119181.82574843596
2025,62,2,3,010101,01,0101,Costa urbana,5,1374.8662415319466,6874.331207659733,68315.62105052247,1138.5936841753746,423.22479219444244,213.59786922637645,0,0,No pobre,37212.1879488526
2021,155,14,3,150132,15,1501,Lima Metropolitana,5,870.7757604715133,4353.878802357566,31696.47848425215,528.2746414042025,474.7581602317297,207.22615709292523,0,0,No pobre,43079.00326590126
2024,284,4,2,150132,15,1501,Sierra urbana,1,243.73994376330154,243.73994376330154,13921.143264665794,1160.0952720554828,422.41123279371095,258.63403139749164,0,0,No pobre,431748.02301724476
2022,209,17,4,250101,25,2501,Lima Metropolitana,7,1237.4734892632312,8662.314424842618,26933.761317491375,320.64001568442114,380.3490105851904,257.2822754278239,1,0,Pobre no extremo,206287.96828915563
2021,320,13,2,250101,25,2501,Selva rural,5,1319.232794778522,6596.16397389261,17684.791625101407,294.74652708502344,473.7971939549836,210.59582943013666,1,0,Pobre no extremo,37016.24907094692
2023,494,4,3,250101,25,2501,Costa urbana,4,1651.1712622559567,6604.685049023827,103634.21971422124,2159.0462440462757,381.4118633485828,249.38760236972422,0,0,No pobre,62723.13570455903
2021,187,3,3,010101,01,0101,Lima Metropolitana,3,648.2960205467907,1944.8880616403721,49237.11921835561,1367.6977560654336,446.2286283729198,243.88828914469647,0,0,No pobre,14444.612578513459
2021,498,12,3,200101,20,2001,Selva urbana,4,1964.7133529121832,7858.853411648733,9575.331185832505,199.48606637151053,412.28909095325037,219.3335985928653,1,1,Pobre extremo,4496.320191267809
2024,442,8,2,250101,25,2501,Callao,3,934.984904696504,2804.954714089512,8475.844129564795,235.4401147101332,427.0390756560205,215.91579035853238,1,0,Pobre no extremo,71798.24895335129
2022,130,2,4,150132,15,1501,Lima Metropolitana,1,662.293133853038,662.293133853038,33707.851504733044,2808.9876253944203,434.7285167696184,217.5410098692795,0,0,No pobre,12616.584184975138
2023,127,6,1,150132,15,1501,Costa urbana,5,762.0537346027699,3810.2686730138494,30361.394293748395,506.0232382291399,420.84600572955543,251.14414256748074,0,0,No pobre,63855.44741309817
2025,292,10,4,150101,15,1501,Costa rural,6,1087.2135006375352,6523.281003825211,42880.5430333614,595.563097685575,457.4368787182168,222.35219464383155,0,0,No pobre,311050.7507773792
2025,114,12,2,050101,05,0501,Callao,2,1879.7329725635418,3759.4659451270836,23647.33942966158,985.3058095692326,473.0706409664446,219.45714943322315,0,0,No pobre,5563.263912240618
2021,199,10,3,200101,20,2001,Sierra rural,5,1496.801716046861,7484.008580234305,15023.846870975594,250.39744784959325,388.6412052118868,201.5736769908054,1,0,Pobre no extremo,3717.6479766198513
2024,13,10,1,010201,01,0102,Callao,5,1196.5083339811863,5982.5416699059315,42560.54384406978,709.3423974011631,460.0252881234973,263.5765545643565,0,0,No pobre,14494.961679788608
2024,271,3,2,150132,15,1501,Callao,2,409.33973716173745,818.6794743234749,45921.47463339607,1913.394776391503,392.8671140900645,252.68929011352748,0,0,No pobre,81645.26246724832
2025,89,10,3,040101,04,0401,Selva rural,3,383.7712906926562,1151.3138720779684,83426.97997615075,2317.416110448632,388.0277183249608,233.09485730647043,0,0,No pobre,126792.0086730248
2023,215,9,2,040101,04,0401,Selva rural,3,1054.1741362457717,3162.5224087373153,52104.6250982047,1447.3506971723527,475.5831452722129,266.0048844245401,0,0,No pobre,81526.64557670135
2022,444,19,1,150132,15,1501,Sierra urbana,5,1484.5465387431334,7422.732693715667,12668.205353749248,211.1367558958208,428.9297781491274,220.54725482427955,1,1,Pobre extremo,48428.93887622763
2023,278,14,3,040101,04,0401,Costa rural,5,1526.9231282347093,7634.6156411735465,33887.671696396385,564.794528273273,395.26032910092886,247.22935302282036,0,0,No pobre,36932.4389356605
2022,447,2,4,130101,13,1301,Selva rural,2,529.2373293648909,1058.4746587297818,20801.41864648181,866.725776936742,436.99571132170894,221.3605264375107,0,0,No pobre,41097.448228095534
2025,474,5,2,200101,20,2001,Callao,4,290.1890744097812,1160.7562976391248,11493.004831390575,239.43760065397032,406.3237138769553,222.02006978632636,1,0,Pobre no extremo,118654.65891022049
2022,481,8,1,050101,05,0501,Selva rural,5,830.4758795822,4152.3793979110005,5377.6429244020455,89.62738207336743,426.4309016807994,259.1296416700689,1,1,Pobre extremo,19068.963406923336
2024,203,7,4,150132,15,1501,Sierra rural,5,1844.527832163741,9222.639160818706,203407.90309134324,3390.131718189054,442.465959387991,255.09153674190816,0,0,No pobre,37859.79316208038
2021,74,6,1,150132,15,1501,Selva urbana,2,1136.1977800718262,2272.3955601436523,16268.483041403275,677.8534600584698,466.9269828869995,220.5875201460144,0,0,No pobre,11446.190537082955
2021,25,11,2,010201,01,0102,Selva urbana,4,708.1895569803712,2832.758227921485,24014.893747715018,500.31028641072953,380.3081398269308,205.69726609666156,0,0,No pobre,52010.72628104733
2025,101,12,1,200101,20,2001,Selva urbana,6,714.9115698443312,4289.4694190659875,32788.339745708974,455.3936075792913,401.41406609159486,225.0308897713839,0,0,No pobre,36982.837234224666
2024,176,18,3,250101,25,2501,Costa urbana,3,350.9653859221514,1052.8961577664543,29747.977837698905,826.3327177138585,389.627054291878,253.20402748397208,0,0,No pobre,482346.63299383025
2023,427,19,1,250101,25,2501,Selva urbana,3,999.1250986017002,2997.3752958051004,2781.0543721917056,77.25151033865849,389.70977015590626,207.03810528295045,1,1,Pobre extremo,8284.554870952968
2024,117,10,2,210101,21,2101,Selva urbana,5,1603.589089178193,8017.945445890965,23175.142602132823,386.2523767022137,474.5777413139905,247.04706053062768,1,0,Pobre no extremo,92730.2847773374
2021,166,14,3,150101,15,1501,Costa urbana,2,1940.2615139019485,3880.523027803897,132460.50109254906,5519.187545522877,473.60829345150523,262.28342819397335,0,0,No pobre,21756.980344530766
2021,41,3,1,130101,13,1301,Callao,6,1053.0304999201533,6318.182999520919,22233.333579160833,308.79629971056715,454.93080797012334,212.5459008923533,1,0,Pobre no extremo,82819.2736074574
2024,429,18,1,010101,01,0101,Callao,3,417.70834010110804,1253.1250203033242,117196.13865016503,3255.4482958379176,444.30630424009155,260.3543027000343,0,0,No pobre,76791.50815413307
2024,344,15,3,010101,01,0101,Callao,1,1397.6057596254427,1397.6057596254427,27674.718656608904,2306.226554717409,464.7970446357703,203.59547177198237,0,0,No pobre,27190.187766027793
2021,424,6,4,210101,21,2101,Sierra rural,3,1537.9035512160613,4613.710653648184,19613.504468587842,544.8195685718845,385.84087380905675,246.68161806633944,0,0,No pobre,12944.959687496557
2023,366,10,4,050101,05,0501,Costa rural,2,236.22952390389418,472.45904780778835,30637.390684654165,1276.5579451939236,391.94857931012285,255.3727244263111,0,0,No pobre,12625.077568243101
2025,120,12,3,010101,01,0101,Selva rural,2,1715.2643462993349,3430.5286925986697,27828.421548763024,1159.5175645317927,411.7112923296334,231.13362823615327,0,0,No pobre,40341.75035477008
2025,97,7,1,250101,25,2501,Sierra urbana,4,1675.712540992129,6702.850163968516,27277.028181797064,568.2714204541055,463.24923798965136,214.26100863694595,0,0,No pobre,17624.481354003306
2024,145,17,4,040101,04,0401,Selva rural,3,997.8280026743241,2993.4840080229724,15932.845699866304,442.57904721850844,427.223254276651,264.7310649232454,0,0,No pobre,28847.64766835519
2025,216,1,3,150101,15,1501,Callao,6,1164.8027853701499,6988.8167122209,7883.395202316212,109.49160003216961,430.35747634376185,201.39782080222182,1,1,Pobre extremo,10494.235838445818
2021,229,18,2,200101,20,2001,Callao,4,1455.4753210507463,5821.901284202985,44583.82018639161,928.8295872164919,402.92654296538075,238.85498604606727,0,0,No pobre,60348.10956204847
2021,313,15,1,250101,25,2501,Selva urbana,4,1385.8214376194326,5543.28575047773,29300.5071418662,610.4272321222126,444.8387481173526,226.09945860935227,0,0,No pobre,14873.89189202293
2024,130,19,2,010201,01,0102,Selva urbana,3,131.41835856709721,394.2550757012916,120329.84989146411,3342.4958303184476,468.7842154062264,232.27400368367321,0,0,No pobre,23945.18461768874
2024,352,1,1,200101,20,2001,Lima Metropolitana,4,332.627077312123,1330.508309248492,26107.612707041077,543.9085980633557,412.95142198584676,237.55955393952271,0,0,No pobre,135381.9757363748
2024,377,5,4,010101,01,0101,Selva rural,4,408.92205598436686,1635.6882239374675,6887.992654304041,143.4998469646675,441.9185939769884,237.4324035586556,1,1,Pobre extremo,42120.36153356358
2023,318,15,2,010201,01,0102,Callao,2,1535.7841892369877,3071.5683784739754,35960.29420014064,1498.3455916725268,413.1948964111822,214.25365646295023,0,0,No pobre,77308.08755138454
2025,472,3,2,200101,20,2001,Selva rural,6,936.158769495522,5616.9526169731325,28805.710303735847,400.079309774109,459.271911183433,247.57916260300303,1,0,Pobre no extremo,13970.920560884078
2024,137,1,3,150132,15,1501,Lima Metropolitana,3,1136.4549901349678,3409.3649704049035,18255.57615933867,507.0993377594075,427.49597369923174,201.34038038345022,0,0,No pobre,47902.49125336234
2022,324,8,4,130101,13,1301,Selva urbana,2,1568.10613010142,3136.21226020284,46937.95824004238,1955.7482600017659,413.94690222197045,201.48288659489998,0,0,No pobre,55893.99123222006
2022,337,12,4,250101,25,2501,Callao,4,747.8663112217725,2991.46524488709,42102.3949740515,877.133228626073,422.0048854211292,233.4941138894817,0,0,No pobre,13827.611202848604
2021,273,19,1,010201,01,0102,Costa urbana,4,1522.891431905669,6091.565727622676,9161.620326159284,190.8670901283184,389.12275213962283,237.9332016189193,1,1,Pobre extremo,38599.7711881891
2025,117,12,3,210101,21,2101,Callao,3,940.3686217961633,2821.10586538849,17657.912989534296,490.49758304261934,466.61171533224405,219.24226371901824,0,0,No pobre,23840.809360136624
2024,306,13,3,130101,13,1301,Costa urbana,5,816.6423567709925,4083.2117838549625,72040.40196906279,1200.6733661510466,475.8069055338105,238.61728735387834,0,0,No pobre,47668.91107541542
2022,368,1,1,200101,20,2001,Costa urbana,4,732.7708017040062,2931.083206816025,11139.35336122944,232.06986169228,427.7414179735417,236.1276463089913,1,1,Pobre extremo,9671.33314570232
2025,94,19,2,050101,05,0501,Sierra urbana,4,1933.3951494355274,7733.58059774211,23037.425204857893,479.94635843453943,402.1337208078139,224.44543883408514,0,0,No pobre,12714.164812942745
2021,168,6,1,210101,21,2101,Costa rural,3,1566.7494803470597,4700.248441041179,33006.52033200622,916.8477870001728,446.46561990889387,245.62422455815815,0,0,No pobre,9017.254283957802
2023,442,8,1,250101,25,2501,Selva urbana,7,138.3722874697058,968.6060122879406,9523.314690240495,113.37279393143447,425.23814795411425,267.05560515827386,1,1,Pobre extremo,11493.774064027179
2025,203,4,1,150132,15,1501,Sierra rural,3,1919.0894243845833,5757.26827315375,24622.735939362217,683.964887204506,405.230008083842,234.35618860975947,0,0,No pobre,19426.54686629325
2025,341,5,3,010201,01,0102,Selva rural,4,1573.3352964806793,6293.341185922717,23905.869264476227,498.0389430099214,383.8433143490149,255.0235531492486,0,0,No pobre,60656.52179629479
2023,149,7,1,040101,04,0401,Selva rural,3,383.43195746308555,1150.2958723892566,20107.899047184434,558.5527513106787,468.9704451788512,217.33175945010927,0,0,No pobre,39819.09331821135
2025,402,4,1,010201,01,0102,Selva urbana,5,245.04243828150254,1225.2121914075128,6785.200161507204,113.0866693584534,459.67343520450476,253.3365415455237,1,1,Pobre extremo,39692.2152038261
2021,183,4,1,130101,13,1301,Selva urbana,1,685.5687779529615,685.5687779529615,26895.638027176858,2241.303168931405,462.90060576393796,245.4234168151396,0,0,No pobre,13681.463630049417
2021,413,15,4,010201,01,0102,Selva urbana,1,1285.9449057575173,1285.9449057575173,15417.975267469297,1284.831272289108,423.9839730931389,244.77884459498125,0,0,No pobre,35507.83561821537
2023,152,5,2,130101,13,1301,Selva rural,5,1271.438709383988,6357.19354691994,70206.7631496625,1170.1127191610417,455.32553919534274,262.5124738309559,0,0,No pobre,127584.62832122137
2024,74,9,2,210101,21,2101,Lima Metropolitana,3,624.1152377835189,1872.3457133505567,39108.92915456382,1086.3591431823284,438.1225263879996,216.33451784665763,0,0,No pobre,48788.027239919116
2022,365,2,2,010201,01,0102,Selva urbana,3,946.7824594490938,2840.3473783472814,13368.642923232272,371.3511923120075,417.4775296413493,225.79150819636595,1,0,Pobre no extremo,81696.47460802749
2024,401,7,2,210101,21,2101,Selva rural,4,502.5912958560974,2010.3651834243897,18846.3316044249,392.63190842551876,464.274208812218,205.814721990769,1,0,Pobre no extremo,21908.479663413513
2025,274,17,3,150132,15,1501,Costa rural,5,196.0995018168012,980.497509084006,30110.035057611258,501.8339176268543,479.87575480444184,250.82839837384486,0,0,No pobre,22486.330060943794
2022,42,16,3,150132,15,1501,Sierra rural,3,1082.2438881110695,3246.7316643332088,18819.19778719117,522.7554940886436,469.92823072743596,259.0707099709728,0,0,No pobre,61171.01107884549
2023,496,17,1,130101,13,1301,Costa urbana,2,759.2831550788724,1518.5663101577447,6879.842787797031,286.66011615820963,457.6191971686306,228.40834525422622,1,0,Pobre no extremo,14209.773809615914
2023,212,2,3,200101,20,2001,Lima Metropolitana,7,1131.4766213660669,7920.336349562468,35000.77102170656,416.67584549650667,454.7507972192377,224.97787729277817,1,0,Pobre no extremo,32186.933555916487
2022,101,11,2,150132,15,1501,Sierra rural,4,1898.363912693858,7593.455650775432,43198.09705179708,899.9603552457725,445.02488430168546,246.10562990995692,0,0,No pobre,43780.51556775578
2021,45,2,4,150101,15,1501,Selva urbana,3,372.4035922211101,1117.2107766633303,52407.75298055302,1455.770916126473,465.3617496839577,205.2913322552536,0,0,No pobre,24577.351325904263
2022,82,1,1,010201,01,0102,Sierra rural,5,103.72783479081512,518.6391739540757,62621.86804750439,1043.6978007917398,429.3081247824666,220.56893272954196,0,0,No pobre,15602.206058683496
2025,17,2,1,150101,15,1501,Selva urbana,4,246.06860523603785,984.2744209441514,12765.156402794668,265.94075839155556,398.1729510197993,225.63489589746285,1,0,Pobre no extremo,18953.97955969082
2021,73,9,2,010201,01,0102,Sierra rural,3,979.1457625930951,2937.4372877792853,54517.69999415149,1514.380555393097,456.80497242692064,236.30131988215265,0,0,No pobre,9156.099345511619
2023,14,2,2,010101,01,0101,Sierra urbana,3,1443.1708566244147,4329.5125698732445,9627.658363857186,267.43495455158853,471.95063741758855,233.35984536283067,1,0,Pobre no extremo,47923.91722154721
2022,433,15,2,210101,21,2101,Callao,3,1203.450846302659,3610.3525389079773,37102.6211315889,1030.6283647663583,414.13522919304995,214.60762959422388,0,0,No pobre,83650.1383764171
2024,157,10,3,130101,13,1301,Sierra rural,6,1040.2997540101194,6241.798524060716,14216.671044588016,197.4537645081669,458.2983297957136,237.8551511704333,1,1,Pobre extremo,21916.901268344824
2024,223,15,1,250101,25,2501,Callao,2,772.5299490755835,1545.059898151167,39201.83171286982,1633.4096547029092,407.3722703082414,264.8108083620739,0,0,No pobre,561051.488395818
2025,132,10,2,250101,25,2501,Costa urbana,3,688.9509259098519,2066.852777729556,6925.264048823391,192.36844580064974,474.2600273358682,201.8961523207991,1,1,Pobre extremo,17008.8883454891
2024,338,17,4,050101,05,0501,Costa urbana,6,814.9437326994622,4889.662396196773,43846.78618907188,608.9831415148872,448.34609920137865,247.62146006832708,0,0,No pobre,17297.530753786206
2022,404,9,1,200101,20,2001,Lima Metropolitana,2,1262.1064126172355,2524.212825234471,13253.121652782189,552.2134021992579,436.9275987182397,243.72963190836163,0,0,No pobre,78410.60369906003
2022,376,18,1,130101,13,1301,Sierra rural,4,418.7325161445188,1674.9300645780752,41546.098965250414,865.543728442717,457.9870157903575,264.70988682981636,0,0,No pobre,67571.9913631192
2024,376,4,3,150132,15,1501,Selva rural,3,1565.5879578037889,4696.763873411366,37626.62999058173,1045.184166405048,461.32311705575415,245.17414582849574,0,0,No pobre,70962.22770233852
2022,47,9,1,040101,04,0401,Callao,4,1192.9811561769095,4771.924624707638,38058.19177627731,792.8789953391106,469.2369898225347,243.73898987367303,0,0,No pobre,106017.73703348037
2025,107,16,2,200101,20,2001,Selva rural,3,611.3971174617125,1834.1913523851374,28080.796134028387,780.0221148341219,470.11195328474304,253.8863962068768,0,0,No pobre,14302.859701079882
2021,108,4,2,200101,20,2001,Selva rural,2,1052.190629341439,2104.381258682878,9410.252725653138,392.09386356888075,385.26908255535466,218.74641641737622,0,0,No pobre,52731.49436831119
2025,265,16,4,040101,04,0401,Sierra rural,4,1929.2795066018161,7717.118026407265,102877.78845296128,2143.287259436693,392.29076080127953,241.7012583702566,0,0,No pobre,8961.687146047223
2025,205,19,1,210101,21,2101,Selva rural,4,138.93390537586865,555.7356215034746,23933.878448326694,498.6224676734728,462.6060878187208,236.35947765532921,0,0,No pobre,105406.33634886918
2022,79,1,1,200101,20,2001,Costa rural,4,479.09301771233544,1916.3720708493418,23880.0291620716,497.50060754315837,474.60516533801785,230.69307546584815,0,0,No pobre,98276.26624596244
2021,155,6,3,010101,01,0101,Sierra rural,4,951.9224558162282,3807.689823264913,93559.70598156283,1949.160541282559,410.7671848123941,205.56410171586225,0,0,No pobre,103098.70471507673
2022,271,10,2,200101,20,2001,Costa urbana,4,1313.0354713816735,5252.141885526694,12087.810537741854,251.8293862029553,380.86018184327156,220.4840200608989,1,0,Pobre no extremo,34450.86728217883
2023,476,16,4,050101,05,0501,Callao,4,503.23370594242186,2012.9348237696875,25777.70246891335,537.0354681023615,412.2705189035198,219.59871997931185,0,0,No pobre,101432.9457860435
2022,485,4,2,150101,15,1501,Lima Metropolitana,4,1869.6675019147729,7478.670007659091,31344.15728847886,653.0032768433095,418.28641359725714,250.69756700148008,0,0,No pobre,42953.1760181975
2022,247,13,1,250101,25,2501,Selva rural,4,1320.8868236068201,5283.547294427281,21838.407360508103,454.9668200105855,456.10333647234023,264.44592946473045,1,0,Pobre no extremo,144806.7131115401
2022,19,16,1,210101,21,2101,Sierra urbana,4,1767.120703017218,7068.482812068872,34404.013052090086,716.7502719185435,384.75846656378394,216.1551056013794,0,0,No pobre,26667.258107490525
2021,346,6,4,130101,13,1301,Selva rural,4,725.7040674756051,2902.8162699024206,15943.78071597505,332.1620982494802,401.264023609266,205.2236757223928,1,0,Pobre no extremo,26292.919821366617
2022,436,11,1,150132,15,1501,Costa urbana,2,1675.012475182596,3350.024950365192,25301.67878210031,1054.2366159208461,469.39685861946396,269.9969868058139,0,0,No pobre,55694.856728984
2021,26,3,4,010101,01,0101,Costa rural,3,818.6165121089479,2455.8495363268435,30276.926281939413,841.0257300538726,395.4820409451434,248.38437310938383,0,0,No pobre,10279.932056628975
2024,217,10,4,210101,21,2101,Sierra rural,3,580.2283676762894,1740.685103028868,92070.99047020936,2557.5275130613713,455.9247651968343,262.05295928931804,0,0,No pobre,28663.299241336626
2023,154,1,2,150101,15,1501,Selva rural,6,1832.1451444112067,10992.870866467241,119441.16608327375,1658.9050844899132,416.13104155790757,210.07155911046573,0,0,No pobre,34512.30274911271
2021,154,11,4,050101,05,0501,Sierra urbana,5,275.2151037898237,1376.0755189491183,31336.838250301218,522.2806375050203,446.26602149213863,256.0537628782158,0,0,No pobre,9541.714858244783
2024,174,12,1,150101,15,1501,Callao,4,1891.488712507168,7565.954850028672,79166.91898386969,1649.3108121639518,387.38465033029917,256.932662219167,0,0,No pobre,40087.7755147369
2021,92,14,3,130101,13,1301,Lima Metropolitana,3,971.1788911484505,2913.5366734453514,14008.590737365806,389.1275204823835,408.65579450860434,210.60422481934265,1,0,Pobre no extremo,59557.93269167009
2021,433,8,3,040101,04,0401,Costa urbana,2,1985.9883996231372,3971.9767992462744,204063.43418470587,8502.643091029411,422.478973749672,211.2982926065867,0,0,No pobre,83813.19399374131
2023,338,11,1,150132,15,1501,Lima Metropolitana,6,1125.2298420965546,6751.379052579328,21584.993081207507,299.79157057232646,465.7212626077789,220.68158512852608,1,0,Pobre no extremo,8119.547289753814
2025,480,4,3,040101,04,0401,Lima Metropolitana,6,1539.2275269563759,9235.365161738255,26119.85451427908,362.775757142765,436.3495857646118,215.1751213345018,1,0,Pobre no extremo,100030.88171166711
2025,181,7,3,010201,01,0102,Sierra urbana,2,113.4349310422076,226.8698620844152,43427.11644400053,1809.4631851666888,384.52252930776893,268.27869356396155,0,0,No pobre,4552.6243415429
2021,131,10,4,050101,05,0501,Callao,5,1043.6669579243137,5218.334789621568,57946.70042259493,965.7783403765822,460.1866573326126,225.4060683545504,0,0,No pobre,14664.849056238145
2022,450,19,3,150132,15,1501,Selva urbana,3,1501.1615960744189,4503.484788223257,23056.471298004206,640.4575360556723,385.45214889514824,253.29144882370448,0,0,No pobre,279746.2487061635
2024,481,4,3,130101,13,1301,Costa urbana,3,1587.3713379210533,4762.11401376316,4414.368952961099,122.62135980447498,473.43665639919004,256.35355624378707,1,1,Pobre extremo,42359.30732928071
2022,298,2,3,210101,21,2101,Selva urbana,5,400.2923069430363,2001.4615347151814,48546.45929666677,809.1076549444462,401.17174460403896,227.0158621008272,0,0,No pobre,12768.526678672395
2022,275,18,2,250101,25,2501,Sierra urbana,4,896.0448057272795,3584.179222909118,11859.86589096243,247.08053939505064,428.79261446570547,247.7809887997635,1,1,Pobre extremo,9298.66590776325
2021,273,14,1,150132,15,1501,Sierra rural,5,896.2367204267435,4481.183602133718,54002.49244528569,900.0415407547614,387.2280968766309,207.54600986270088,0,0,No pobre,10235.940630888877
2021,492,16,4,210101,21,2101,Sierra rural,2,296.9175361482062,593.8350722964124,52948.77584960503,2206.198993733543,436.17123862977667,227.7873436037355,0,0,No pobre,14084.49499588051
2021,417,11,3,210101,21,2101,Sierra rural,3,941.7864646137866,2825.3593938413596,31994.572304956833,888.7381195821342,429.7228700728482,267.711746206643,0,0,No pobre,96212.01846401306
2021,76,10,1,010201,01,0102,Lima Metropolitana,3,1633.4766215224101,4900.429864567231,60710.76070178619,1686.4100194940609,421.0248534881343,211.79714577395225,0,0,No pobre,62812.155569507246
2025,177,17,3,010101,01,0101,Selva urbana,3,670.3434014760753,2011.030204428226,17304.462210239366,480.67950583998237,383.55729170340396,226.9997913290442,0,0,No pobre,105600.26799224412
2021,184,14,2,050101,05,0501,Lima Metropolitana,4,921.8915915983779,3687.5663663935115,92715.11786800328,1931.5649555834016,467.8936378651503,255.33650569244227,0,0,No pobre,12601.112318196023
2025,319,4,2,050101,05,0501,Sierra rural,3,1925.8215016180711,5777.464504854213,31152.20468070076,865.3390189083544,460.26365988128623,246.57962784373223,0,0,No pobre,4949.0707222542605
2025,131,19,3,010201,01,0102,Lima Metropolitana,3,160.2453441939682,480.7360325819046,22770.223607645363,632.5062113234823,443.3030020328991,244.2063021102079,0,0,No pobre,68804.47573221238
2021,363,2,3,040101,04,0401,Costa rural,3,1223.891359001176,3671.6740770035276,75142.70342949746,2087.2973174860404,437.22299826339304,259.72802215396956,0,0,No pobre,34061.991500202275
2023,49,7,3,040101,04,0401,Costa urbana,5,1512.5285743774955,7562.642871887478,14784.477770690477,246.40796284484128,449.49464313698314,202.03656901165883,1,0,Pobre no extremo,16381.582439434858
2024,55,9,2,130101,13,1301,Costa urbana,4,1545.676624659239,6182.706498636956,4046.921014424117,84.31085446716911,394.39900159143673,253.98150577273947,1,1,Pobre extremo,98291.46211946699
2022,154,19,2,010101,01,0101,Callao,4,1460.2822472796843,5841.128989118737,8752.568303418895,182.34517298789365,473.2644246316484,261.7784327451073,1,1,Pobre extremo,133067.2634759331
2025,355,16,1,210101,21,2101,Lima Metropolitana,3,1480.257742590029,4440.773227770087,97887.17202847174,2719.0881119019928,408.4673291504641,201.13221342473378,0,0,No pobre,203563.57687459578
2024,200,16,4,200101,20,2001,Callao,3,212.12406477879472,636.3721943363842,33690.265294392855,935.8407026220237,445.6490272443002,239.12740657751138,0,0,No pobre,12950.290151173533
2023,308,18,4,200101,20,2001,Sierra urbana,1,1114.8595763590324,1114.8595763590324,31354.96131772522,2612.9134431437683,440.67556811419047,224.40119396474415,0,0,No pobre,124151.99584765063
2022,356,11,2,040101,04,0401,Selva rural,2,1587.6412361487864,3175.282472297573,61063.410417996754,2544.3087674165313,443.66139797156086,203.55338961694798,0,0,No pobre,53618.37961147824
2022,373,7,4,010201,01,0102,Selva urbana,3,278.7235931709262,836.1707795127786,35101.63020531874,975.0452834810761,467.8952123082112,229.24236835227003,0,0,No pobre,19484.09125859958
2025,118,9,3,010101,01,0101,Costa urbana,2,122.89485253504894,245.78970507009788,21001.117072220346,875.0465446758477,409.59112066506196,245.08210988203203,0,0,No pobre,121748.38973011379
2021,263,4,1,150101,15,1501,Lima Metropolitana,4,1647.6674800393505,6590.669920157402,18128.529473516985,377.67769736493716,454.8948188252657,264.33095421125745,1,0,Pobre no extremo,14987.904371712802
2023,46,13,2,250101,25,2501,Selva urbana,7,1453.3593363763296,10173.515354634306,9340.51666214141,111.19662693025488,439.8391063939169,243.437134054725,1,1,Pobre extremo,19384.85090536882
2025,302,4,2,010101,01,0101,Sierra urbana,2,883.1921921374409,1766.3843842748818,10298.418114374965,429.10075476562355,387.606033095464,259.9720157089191,0,0,No pobre,89619.54433321647
2023,356,19,4,130101,13,1301,Sierra rural,5,1886.7532218909266,9433.766109454633,31484.154278915546,524.7359046485924,421.41546808819754,208.51000546721954,0,0,No pobre,19628.138773538565
2021,400,2,3,210101,21,2101,Selva rural,2,1556.5363798377953,3113.0727596755905,23385.43804068044,974.3932516950184,463.79515732657444,214.7364817266194,0,0,No pobre,54521.05473029968
2021,408,9,1,210101,21,2101,Sierra urbana,4,1938.935789052497,7755.743156209988,41741.993104809066,869.6248563501889,411.5347388930586,267.9205004950197,0,0,No pobre,22055.687833906348
2025,189,12,4,050101,05,0501,Costa rural,4,1865.698993140188,7462.795972560752,24904.566051798884,518.8451260791434,428.2263883312876,262.1180483179511,0,0,No pobre,43206.87932159487
2021,310,2,2,150132,15,1501,Sierra rural,6,1014.4578456606836,6086.747073964101,10325.927148669356,143.41565484262995,428.863856815366,216.4658867114018,1,1,Pobre extremo,46460.20795787776
2024,318,6,2,150132,15,1501,Sierra rural,2,1533.9470594227755,3067.894118845551,33558.57520596272,1398.2739669151133,441.8009866805863,243.46817172583056,0,0,No pobre,13924.978424041788
2022,129,5,4,050101,05,0501,Sierra rural,3,1371.463638734514,4114.390916203542,31794.40298676724,883.1778607435344,468.4017859790183,225.38429309699728,0,0,No pobre,44688.64545351218
2025,49,5,3,130101,13,1301,Sierra urbana,2,1641.7458991757337,3283.4917983514674,27324.44309060001,1138.5184621083338,397.3539198785156,232.80189561101847,0,0,No pobre,21463.249610889
2023,25,5,1,210101,21,2101,Costa rural,3,1596.6079642768848,4789.823892830655,30992.778016610402,860.9105004614,430.46168826401254,260.2614704364603,0,0,No pobre,13956.415884606316
2024,266,4,1,150132,15,1501,Selva rural,6,391.1407430631308,2346.844458378785,157806.21420823602,2191.7529751143893,422.4267259287612,251.49988270931232,0,0,No pobre,11921.614994036363
2025,118,9,1,150132,15,1501,Selva urbana,5,544.097510436238,2720.48755218119,9203.48050084423,153.39134168073718,409.59200901005966,216.69097932040668,1,1,Pobre extremo,12055.914509918963
2021,464,10,1,250101,25,2501,Sierra urbana,5,604.889996637378,3024.4499831868898,11367.621683494854,189.4603613915809,471.9608176953772,222.11951522878178,1,1,Pobre extremo,19799.15965552343
2021,144,16,3,150132,15,1501,Costa urbana,4,1655.14726251232,6620.58905004928,5815.6439014211255,121.15924794627345,380.8171092407714,220.27973218732984,1,1,Pobre extremo,64485.900764580154
2021,442,10,2,210101,21,2101,Costa urbana,6,1640.4092374654588,9842.455424792752,29240.35189817696,406.1159985857911,392.2104792630377,254.6463944838521,0,0,No pobre,9285.177670437883
2021,200,10,2,130101,13,1301,Sierra urbana,3,1041.1371591849402,3123.4114775548205,4710.8217316265645,130.85615921184902,453.33444499161095,234.3061894795782,1,1,Pobre extremo,39478.47766557203
2023,157,19,1,150101,15,1501,Selva urbana,2,1203.5812925786502,2407.1625851573003,32917.30181488314,1371.5542422867975,406.34416046869137,266.550701491707,0,0,No pobre,52825.94340663967
2024,487,10,1,040101,04,0401,Costa urbana,5,1671.1520906399599,8355.760453199799,25576.670934323152,426.2778489053859,452.31792610922435,257.16810240603354,1,0,Pobre no extremo,98765.91335336858
2022,348,6,1,010101,01,0101,Selva urbana,3,693.9278412877121,2081.7835238631365,16050.985294249353,445.8607026180376,463.2253610715563,214.78361015982068,1,0,Pobre no extremo,21057.19286050274
2023,134,17,4,010201,01,0102,Sierra rural,2,195.33967614109028,390.67935228218056,41138.608898946295,1714.1087041227622,405.461601683453,255.01599567481847,0,0,No pobre,42730.89384631824
2023,400,5,4,200101,20,2001,Sierra urbana,2,1016.9332327304177,2033.8664654608353,35134.368477956035,1463.9320199148349,399.1944287863024,235.4255543049749,0,0,No pobre,11437.978422934908
2022,148,6,2,010101,01,0101,Sierra rural,4,1836.0625733124764,7344.250293249906,114072.27364614037,2376.505700961258,394.5300632681158,217.75970883264935,0,0,No pobre,9876.20564834778
2022,336,15,2,250101,25,2501,Costa urbana,4,1601.8896958241387,6407.558783296555,46711.45926060976,973.1554012627033,400.0088610882446,225.4332219972523,0,0,No pobre,52179.36841375808
2021,71,19,1,150132,15,1501,Selva urbana,3,796.5728759061229,2389.7186277183687,25417.13275305347,706.0314653625964,406.7185389117192,268.04882817203355,0,0,No pobre,287396.82474984403
2023,233,18,4,130101,13,1301,Sierra rural,5,223.06558491738977,1115.327924586949,3452.3908586574107,57.53984764429018,466.8749816540509,233.87730098088875,1,1,Pobre extremo,70286.80035558334
2025,334,4,3,150101,15,1501,Costa urbana,5,1310.1470602267689,6550.735301133845,62110.694341900926,1035.178239031682,457.00044132524323,250.3724094727464,0,0,No pobre,10770.266808556757
2022,299,8,4,200101,20,2001,Lima Metropolitana,6,1685.5325121539881,10113.195072923929,62561.69267732089,868.9123982961235,380.18443169182416,233.39597066139405,0,0,No pobre,11756.049471142422
2022,154,16,2,050101,05,0501,Costa rural,4,1363.402276263813,5453.609105055252,88545.65284383674,1844.7011009132655,467.41191420980977,226.00900916922834,0,0,No pobre,67233.29780735237
2024,90,19,4,150101,15,1501,Sierra rural,5,907.6418630497374,4538.209315248687,3432.44216302518,57.207369383753,387.88122997019775,255.7494012781551,1,1,Pobre extremo,74665.57825938614
2025,334,3,2,040101,04,0401,Costa rural,5,334.37186504023555,1671.8593252011779,32356.667284441515,539.2777880740252,445.5265617546873,259.3827046242544,0,0,No pobre,38359.454613902664
2025,199,10,1,150132,15,1501,Costa rural,3,1830.4710638609743,5491.413191582923,48663.61767697918,1351.767157693866,395.14747682168263,205.03224159661093,0,0,No pobre,29417.66809259649
2022,161,2,3,010201,01,0102,Selva rural,3,624.3208189314277,1872.9624567942828,79332.75373821522,2203.6876038393116,386.2275810510956,219.52843123921664,0,0,No pobre,61221.56547011278
2021,26,4,1,200101,20,2001,Callao,4,526.1453693366227,2104.581477346491,46244.97373619611,963.436952837419,455.97706975211776,235.55097333416165,0,0,No pobre,12946.924156540023
2024,121,6,1,150132,15,1501,Costa urbana,1,1650.3556646583427,1650.3556646583427,28410.36098975502,2367.530082479585,426.7203113855843,222.15484232111032,0,0,No pobre,101462.11521417274
2025,301,11,3,200101,20,2001,Sierra urbana,3,1964.3178835753283,5892.953650725985,10758.819773218593,298.8561048116276,439.9062513311159,254.85081034725275,1,0,Pobre no extremo,51725.782127057515
2022,212,14,3,010201,01,0102,Selva urbana,4,1354.3044916150448,5417.217966460179,24212.615322366157,504.4294858826283,422.5353018797459,208.0313352524208,0,0,No pobre,16212.756236501626
2025,63,16,3,040101,04,0401,Lima Metropolitana,2,1287.1399291466462,2574.2798582932924,38175.199246486074,1590.6333019369197,386.7171862507842,255.84588004006014,0,0,No pobre,33377.240367885395
2024,451,19,2,050101,05,0501,Costa urbana,2,706.9186515200189,1413.8373030400378,54423.75589832699,2267.6564957636247,453.9618166286975,243.25204920364115,0,0,No pobre,1167490.1485396628
2024,436,2,1,210101,21,2101,Selva rural,4,138.78555630174574,555.142225206983,6453.545214735983,134.448858640333,462.03511211688266,220.25574029762382,1,1,Pobre extremo,27078.423397460858
2023,68,17,2,130101,13,1301,Selva rural,5,464.4159450631483,2322.0797253157416,35098.19344600277,584.9698907667129,384.14205430887,224.11182819088253,0,0,No pobre,63768.94816053169
2022,253,9,3,150101,15,1501,Lima Metropolitana,5,1210.4178294574865,6052.089147287433,7147.318546380854,119.12197577301423,417.57171969839396,212.8029408565241,1,1,Pobre extremo,83646.021520814
2024,410,17,2,010101,01,0101,Sierra rural,4,387.5012774504865,1550.005109801946,34176.41327986033,712.0086099970903,435.731653707016,217.68013802086963,0,0,No pobre,44016.091904878755
2023,459,15,3,050101,05,0501,Selva urbana,4,1779.2880331695214,7117.152132678086,9579.126581301858,199.56513711045537,440.5183422766917,250.20882082877475,1,1,Pobre extremo,24295.18873148119
2023,2,7,4,050101,05,0501,Selva rural,3,457.4749069204818,1372.4247207614455,7341.459581858828,203.9294328294119,437.81529411412987,226.3118898378835,1,1,Pobre extremo,17536.058222941396
2025,398,19,3,250101,25,2501,Sierra urbana,2,1091.998460722613,2183.996921445226,137232.01042454326,5718.000434355969,449.29406539021295,248.12388970809343,0,0,No pobre,30496.040993512743
2025,108,3,1,200101,20,2001,Costa urbana,2,1072.8251669607102,2145.6503339214205,7754.768738800497,323.1153641166874,476.6816202419523,235.98752787712237,1,0,Pobre no extremo,31483.79518605343
2023,286,1,1,200101,20,2001,Sierra urbana,5,1247.496697246336,6237.48348623168,15168.645262783599,252.81075437972666,419.05865211287113,210.1708424750748,1,0,Pobre no extremo,129962.41133834828
2025,49,4,1,250101,25,2501,Sierra rural,4,722.1247324642741,2888.4989298570963,26414.42886867727,550.3006014307765,435.6623566955589,234.93494534597846,0,0,No pobre,179894.19896962645
2024,140,18,2,150101,15,1501,Callao,5,1759.714982024099,8798.574910120495,4129.2016603376205,68.82002767229368,449.9078629463999,252.9528892089843,1,1,Pobre extremo,222169.80089882415
2021,218,8,1,200101,20,2001,Costa urbana,5,944.1729183526322,4720.864591763161,54549.26587247041,909.1544312078402,439.2423822077805,220.8372853307027,0,0,No pobre,25567.521114458264
2024,44,19,3,210101,21,2101,Sierra rural,2,1430.2917995994906,2860.583599198981,14319.097925089338,596.6290802120558,418.67510300091817,245.36571652808496,0,0,No pobre,103732.02929312718
2023,417,6,4,130101,13,1301,Selva urbana,4,1308.230635836736,5232.922543346944,10741.25834270736,223.77621547307,442.40792879498264,213.9322858179196,1,0,Pobre no extremo,48011.879689865156
2023,269,1,1,010101,01,0101,Selva urbana,3,322.5965579274362,967.7896737823087,61818.07284766527,1717.1686902129243,445.0111530440161,209.49892705417258,0,0,No pobre,12349.62513149657
2024,78,8,2,010101,01,0101,Callao,3,1283.0147701349617,3849.0443104048854,8084.59372196165,224.57204783226805,438.4968475326337,225.21582914367696,1,1,Pobre extremo,8233.172367390644
2025,216,1,4,010201,01,0102,Sierra urbana,4,1146.3350881640822,4585.340352656329,40250.2857632289,838.5476200672688,400.51106607523707,227.2442515589769,0,0,No pobre,26299.0975510582
2025,382,19,1,010201,01,0102,Sierra urbana,7,1807.3477201862213,12651.43404130355,27479.575806162124,327.1378072162158,430.5981358152432,253.27067412569716,1,0,Pobre no extremo,31506.85323547498
2023,98,11,1,130101,13,1301,Selva urbana,5,1773.6656093213164,8868.328046606583,28326.717303185862,472.1119550530977,468.43568097607005,232.20551258874778,0,0,No pobre,14851.063056133304
2022,236,15,4,150132,15,1501,Costa rural,6,386.8140960821281,2320.8845764927687,25571.84317261156,355.1644885084939,466.86018780322433,205.6864426731574,1,0,Pobre no extremo,125056.7628380402
2025,282,11,1,150132,15,1501,Selva urbana,1,255.20177661455457,255.20177661455457,30204.558405308147,2517.046533775679,455.0787924996011,244.37996488487767,0,0,No pobre,160776.68600933917
2024,149,19,2,050101,05,0501,Lima Metropolitana,2,659.7252165006506,1319.4504330013012,3465.4829514999683,144.39512297916534,449.7195514437225,232.84772819062331,1,1,Pobre extremo,30125.391664857456
2025,412,10,3,050101,05,0501,Costa urbana,2,1974.5644277001866,3949.128855400373,12248.83520806918,510.3681336695492,395.3279137760451,223.21502403957214,0,0,No pobre,167801.75811852363
2024,304,12,3,250101,25,2501,Lima Metropolitana,3,140.9901751720018,422.9705255160054,11826.144585008113,328.50401625022533,425.9464664504449,256.155316602769,1,0,Pobre no extremo,55588.95489614811
2023,484,1,4,040101,04,0401,Sierra rural,3,1378.495255188466,4135.485765565398,72894.08402222731,2024.8356672840919,391.0951309747494,210.8069353159309,0,0,No pobre,5104.475622219817
2025,424,7,3,010201,01,0102,Selva urbana,4,1256.1760942978567,5024.704377191427,31031.553800940244,646.4907041862551,461.728444963602,263.9248640784574,0,0,No pobre,4763.456866654409
2024,66,17,1,040101,04,0401,Selva urbana,4,1328.4987328698521,5313.9949314794085,27179.3488177571,566.236433703273,409.1043206439751,223.38430432219778,0,0,No pobre,51074.58241674189
2023,234,10,1,200101,20,2001,Callao,6,514.7431905644088,3088.4591433864525,142924.54543757846,1985.0631310774786,456.68658642490936,232.26590113898393,0,0,No pobre,31123.66526017076
2022,457,6,2,010101,01,0101,Callao,6,530.7629570197148,3184.577742118289,4350.201537414976,60.41946579743022,461.45788915089025,265.0463096892134,1,1,Pobre extremo,14300.21434802535
2024,87,17,3,050101,05,0501,Selva rural,2,918.2199561302667,1836.4399122605334,96089.56431558201,4003.731846482584,469.2496097411541,253.28678822163954,0,0,No pobre,56200.309061187276
2022,79,18,4,150132,15,1501,Sierra rural,6,282.1298334272171,1692.7790005633024,27190.283868615854,377.6428315085535,455.38300784877634,205.20117036633738,1,0,Pobre no extremo,324033.2968166406
2022,205,5,1,130101,13,1301,Selva rural,4,241.76509713598637,967.0603885439455,13634.331188015007,284.0485664169793,436.47290005073813,240.48078011287595,1,0,Pobre no extremo,38997.012883564385
2021,279,18,4,010201,01,0102,Sierra rural,4,267.88296162358466,1071.5318464943387,16633.18006483899,346.5245846841456,439.8184914726696,221.72540101712366,1,0,Pobre no extremo,23766.988350049687
2025,337,17,1,010101,01,0101,Lima Metropolitana,5,1188.6604254818897,5943.302127409448,17182.646094930657,286.37743491551095,412.05822768226193,235.5941774888504,1,0,Pobre no extremo,18020.318440886156
2024,254,16,1,150101,15,1501,Costa urbana,2,855.7095281059982,1711.4190562119963,103784.28879413946,4324.345366422477,397.69961913904456,252.0078329143913,0,0,No pobre,11107.003121114212
2022,304,8,2,130101,13,1301,Sierra rural,6,657.8718832488198,3947.231299492919,33365.31422033116,463.4071419490439,393.06362048237804,234.73210397430552,0,0,No pobre,82010.15352763007
2021,380,13,3,040101,04,0401,Sierra urbana,4,700.0568213374806,2800.2272853499226,49901.90279250954,1039.622974843949,398.20235211167716,204.97153138615315,0,0,No pobre,23701.646256097643
2023,130,16,2,210101,21,2101,Callao,6,493.8382811132401,2963.0296866794406,13794.888961794859,191.59568002492858,473.39518874028477,237.09863630267787,1,1,Pobre extremo,31654.54180129625
2024,84,11,3,040101,04,0401,Selva urbana,7,881.8601371116763,6173.020959781734,29734.243179341956,353.97908546835663,396.4433254200684,201.68907665921006,1,0,Pobre no extremo,24128.486715685896
2022,276,6,4,010201,01,0102,Callao,4,485.81033147993804,1943.2413259197522,60983.85952307391,1270.497073397373,452.373744492855,224.3886550151959,0,0,No pobre,180653.1550204033
2025,187,3,3,130101,13,1301,Sierra rural,2,1426.2874803687318,2852.5749607374637,74127.98902257788,3088.6662092740785,398.46285433147244,233.46213660464022,0,0,No pobre,8777.589752250375
2021,46,1,4,210101,21,2101,Costa urbana,2,335.4717740424786,670.9435480849572,8056.397443897264,335.68322682905267,477.52897702157736,245.12714943636394,1,0,Pobre no extremo,72088.17507057877
2022,387,18,1,200101,20,2001,Sierra rural,3,1901.6599607036082,5704.979882110825,55698.85181531324,1547.1903282031456,416.65845354756976,235.43447513351762,0,0,No pobre,86704.2280332668
2025,183,5,4,150101,15,1501,Selva urbana,2,270.65598624183616,541.3119724836723,23593.433277496257,983.0597198956774,421.213642902907,210.63627673830183,0,0,No pobre,17360.208240898268
2022,268,13,4,040101,04,0401,Costa rural,5,1892.5753571317643,9462.876785658822,37377.955792573295,622.9659298762216,420.4511578782154,265.2552294772729,0,0,No pobre,66577.56473404121
2024,296,10,1,150101,15,1501,Sierra rural,3,1683.2604458887727,5049.781337666318,16727.26865572031,464.64635154778637,461.6459184060209,245.52097709257993,0,0,No pobre,30645.076507642
2024,322,5,4,130101,13,1301,Sierra urbana,7,1393.3530291654226,9753.471204157959,106216.15246077058,1264.478005485364,401.8290524742109,222.18774495874354,0,0,No pobre,81979.02602130896
2024,100,14,4,010101,01,0101,Callao,5,1833.373145574419,9166.865727872095,34001.54242671036,566.692373778506,463.1024735905629,267.6157786591729,0,0,No pobre,13777.307313412855
2021,78,17,1,130101,13,1301,Selva urbana,2,364.51570768301605,729.0314153660321,15847.96572544074,660.3319052266975,445.7058854442081,261.7804326376293,0,0,No pobre,47547.90326172977
2024,272,1,1,150132,15,1501,Costa urbana,4,434.9980709551391,1739.9922838205564,17326.077769108273,360.95995352308904,402.0280167796925,210.04430620747146,1,0,Pobre no extremo,39049.08056368569
2025,339,2,1,210101,21,2101,Lima Metropolitana,4,579.08992491175,2316.359699647,58306.498645999796,1214.7187217916623,386.5407545840911,245.88003665745944,0,0,No pobre,62449.299597507386
2022,162,7,3,010101,01,0101,Lima Metropolitana,4,565.1419008551927,2260.567603420771,51501.89015494446,1072.9560448946763,457.4992541438959,239.2048616460584,0,0,No pobre,3355.113890312397
2023,44,10,1,040101,04,0401,Selva urbana,4,690.6117147616043,2762.446859046417,28926.500340722498,602.635423765052,401.89630458161866,213.4966246020336,0,0,No pobre,17702.041948840484
2025,238,7,1,200101,20,2001,Selva rural,1,1193.6987067188772,1193.6987067188772,18993.739033793776,1582.8115861494814,468.90668297228297,216.34325983423201,0,0,No pobre,65229.40537563988
2025,134,16,4,150101,15,1501,Costa rural,4,153.52796147969877,614.1118459187951,63552.007887078325,1324.0001643141318,392.9785277364739,239.46416414856787,0,0,No pobre,209262.19528118786
2024,461,5,2,130101,13,1301,Costa urbana,4,826.317930575954,3305.271722303816,16754.957712048443,349.0616190010092,441.6364564807502,222.4901799033784,1,0,Pobre no extremo,103538.83226316521
2021,192,12,2,250101,25,2501,Costa rural,5,568.1317429959333,2840.658714979667,16013.407045426762,266.8901174237794,449.2168393721511,258.43820017666087,1,0,Pobre no extremo,54382.13588244684
2022,356,17,3,010201,01,0102,Lima Metropolitana,5,1252.5967113001718,6262.983556500859,261313.11918854422,4355.218653142404,445.77024145572193,206.8417464714392,0,0,No pobre,15559.948046801668
2021,278,16,3,040101,04,0401,Costa rural,3,1971.8217289979177,5915.465186993753,37829.01818388819,1050.8060606635609,411.6029814496254,263.9821541241479,0,0,No pobre,48945.33319732977
2022,18,16,2,010201,01,0102,Sierra urbana,1,1083.543763148408,1083.543763148408,24984.285483859167,2082.023790321597,467.55235232204683,258.83867843478026,0,0,No pobre,65220.96706428211
2022,12,19,2,010101,01,0101,Callao,5,908.8019543250242,4544.009771625121,18035.56453253579,300.59274220892985,456.9805316748747,251.70364381796227,1,0,Pobre no extremo,215531.6448464264
2021,180,15,1,150132,15,1501,Lima Metropolitana,7,799.6627357757206,5597.6391504300445,22264.71983958512,265.05618856648954,431.0206341621281,218.37970756546144,1,0,Pobre no extremo,14985.106757004105
2025,123,12,4,040101,04,0401,Sierra rural,3,1591.4035158717297,4774.210547615189,82708.49513298646,2297.4581981385127,440.3293027938449,250.04704992294833,0,0,No pobre,24866.265635676504
2022,246,10,1,150132,15,1501,Sierra urbana,3,236.7637701363812,710.2913104091435,56710.85703747895,1575.3015843744151,436.63712269473734,230.71388457330426,0,0,No pobre,271169.01126420806
2021,222,2,3,150132,15,1501,Sierra urbana,2,1923.5639774742308,3847.1279549484616,15002.359050976449,625.0982937906854,474.6698577345425,244.36305280604162,0,0,No pobre,29773.432769468152
2022,373,7,2,200101,20,2001,Selva rural,3,894.0439833772866,2682.13195013186,19989.457126852594,555.2626979681277,469.64132367792894,221.8788092042348,0,0,No pobre,59309.24630838359
2023,51,13,3,010101,01,0101,Sierra urbana,3,696.0313790677147,2088.0941372031443,8234.653853434023,228.74038481761175,403.549728515607,258.510049766562,1,1,Pobre extremo,12590.809123484256
2025,488,3,1,130101,13,1301,Costa urbana,3,1950.7294211594324,5852.188263478297,34093.73935918197,947.0483155328325,406.27597777150453,202.84032695232148,0,0,No pobre,25787.385239963714
2024,71,15,3,250101,25,2501,Sierra rural,4,1878.16984016208,7512.67936064832,756.7702448191967,15.766046767066598,478.14380721324324,248.40218226871417,1,1,Pobre extremo,50264.33625480238
2022,480,1,3,210101,21,2101,Sierra rural,3,1319.67486555487,3959.02459666461,6721.286555384635,186.70240431623986,403.6560701952869,258.00418682683204,1,1,Pobre extremo,24822.438152014296
2023,48,3,4,150132,15,1501,Lima Metropolitana,2,135.1640122157625,270.328024431525,29233.490469729797,1218.0621029054082,475.34793244825954,245.24996806147294,0,0,No pobre,43536.71885433866
2024,19,10,3,010101,01,0101,Costa urbana,3,1522.2164547924865,4566.649364377459,2534.830506114965,70.41195850319347,444.9753705096745,213.43942474905188,1,1,Pobre extremo,46885.66940601011
2024,262,15,1,200101,20,2001,Sierra urbana,6,737.5590600798025,4425.354360478816,210190.22986579486,2919.30874813604,385.01094390410674,219.94865458461842,0,0,No pobre,38986.52343517507
2022,84,6,4,040101,04,0401,Sierra urbana,4,837.7324386230961,3350.9297544923843,12112.60190818479,252.34587308718312,413.57271994608334,236.04337061519254,1,0,Pobre no extremo,17161.570676297437
2021,155,15,3,050101,05,0501,Costa rural,7,401.61004505703835,2811.2703153992684,41581.61471401184,495.0192227858553,427.61540719128914,223.061434849057,0,0,No pobre,83138.26435156401
2022,53,7,1,050101,05,0501,Lima Metropolitana,4,1094.5703593433088,4378.281437373235,84204.65932714194,1754.2637359821238,463.30928914504517,200.34414951950387,0,0,No pobre,43533.57047960173
2023,107,5,2,250101,25,2501,Lima Metropolitana,3,1514.6499327871559,4543.949798361467,34258.998904324384,951.6388584534551,412.85854132753514,202.84746787111834,0,0,No pobre,18664.48893680063
2024,357,4,4,200101,20,2001,Costa rural,2,618.7211243768301,1237.4422487536601,26779.579586514665,1115.8158161047777,411.05783121245463,253.7437901707006,0,0,No pobre,16229.95536084908
2022,304,18,3,010101,01,0101,Selva rural,4,1883.592525282413,7534.370101129652,16139.170908627078,336.23272726306413,472.0263259028664,205.8595027176955,1,0,Pobre no extremo,12959.674531616802
2021,135,3,3,200101,20,2001,Selva urbana,4,470.0000264056132,1880.0001056224528,8215.147270620297,171.14890147125618,387.90343454011736,264.96152989467623,1,1,Pobre extremo,121162.75608172617
2022,443,17,4,210101,21,2101,Costa rural,4,225.8984471294234,903.5937885176936,17534.879088907426,365.3099810189047,435.1521214714995,230.99155121274316,1,0,Pobre no extremo,17795.764495363943
2025,69,18,1,210101,21,2101,Sierra rural,5,1324.2913593648118,6621.456796824059,29517.19249590221,491.95320826503684,430.42392698481035,253.0730646855057,0,0,No pobre,14618.643043137326
2021,11,18,3,130101,13,1301,Callao,5,1713.705590572089,8568.527952860444,26282.27472598893,438.0379120998155,385.733476022251,208.7853217248025,0,0,No pobre,13507.230875773808
2023,143,2,1,050101,05,0501,Costa urbana,1,1910.9524326842732,1910.9524326842732,11390.865531633404,949.2387943027837,388.77592205193105,264.85551940539267,0,0,No pobre,4968.561648503905
2024,192,13,4,050101,05,0501,Sierra urbana,5,1557.6249199813858,7788.124599906929,70059.35289499324,1167.6558815832207,418.1967432978005,202.36661808895084,0,0,No pobre,328979.8555352414
2022,387,15,3,210101,21,2101,Selva urbana,4,479.33502186153737,1917.3400874461495,7424.168525483732,154.6701776142444,393.4161219344781,202.94960125106894,1,1,Pobre extremo,39693.081082393415
2021,378,5,2,200101,20,2001,Costa rural,3,1957.5562511270875,5872.668753381263,45955.04716918542,1276.5290880329283,427.8071904447856,203.82100461491163,0,0,No pobre,14978.638734494529
2025,69,3,2,250101,25,2501,Lima Metropolitana,4,1846.9281644548012,7387.712657819205,57851.48460145004,1205.2392625302093,440.8888885407179,207.23857126744377,0,0,No pobre,25743.970869385423
2021,23,5,2,250101,25,2501,Selva urbana,4,410.01810324865016,1640.0724129946007,33330.15028677447,694.3781309744681,449.1396684502977,234.0782150720138,0,0,No pobre,10335.81769660345
2025,181,5,4,150132,15,1501,Costa urbana,2,1161.6930711391165,2323.386142278233,120270.56979825758,5011.2737415940655,434.6470065920765,255.17935094804778,0,0,No pobre,43670.02073287489
2023,293,5,3,040101,04,0401,Callao,3,1155.4831092688598,3466.4493278065793,38755.05969034725,1076.5294358429792,417.96600158933126,219.94634820194318,0,0,No pobre,31212.72256300356
2024,9,3,4,050101,05,0501,Costa urbana,3,940.8160784459945,2822.4482353379835,93049.77108014064,2584.71586333724,392.9758626604636,252.2043775185517,0,0,No pobre,110591.64069041699
2023,271,3,3,210101,21,2101,Lima Metropolitana,3,1970.1345274934088,5910.403582480227,2440.22178787917,67.78393855219916,404.74854148070773,254.18426823379662,1,1,Pobre extremo,18050.496190422316
2022,387,18,2,200101,20,2001,Selva urbana,2,213.28225064242028,426.56450128484056,62576.521775803434,2607.3550739918096,421.94216770158533,263.579413089623,0,0,No pobre,52127.802833644244
2021,93,4,2,010101,01,0101,Selva urbana,2,1291.696926042811,2583.393852085622,45574.78090043727,1898.9492041848862,472.41144834023004,210.45463441034377,0,0,No pobre,36995.44729257312
2025,454,1,1,040101,04,0401,Selva rural,2,490.07688308973917,980.1537661794783,43537.13688577801,1814.0473702407505,400.2600581194395,209.487415632404,0,0,No pobre,15415.577090235967
2025,17,16,4,250101,25,2501,Selva urbana,3,1101.9292889888234,3305.78786696647,46885.570987266176,1302.3769718685048,421.3344230932655,208.54665388738826,0,0,No pobre,52034.33676193643
2021,154,8,4,010201,01,0102,Sierra urbana,6,1581.5074663962857,9489.044798377714,17448.25696612527,242.33690230729542,453.2308857374054,225.15174263378864,1,0,Pobre no extremo,33514.682708506036
2021,405,17,1,010201,01,0102,Callao,3,568.7809260202381,1706.3427780607144,53262.6060486389,1479.5168346844139,450.52033520018944,234.25888649343858,0,0,No pobre,98277.87230531179
2022,328,8,2,200101,20,2001,Callao,3,847.3831383179822,2542.1494149539467,133685.43631692906,3713.4843421369183,476.5592594473943,232.31265485109319,0,0,No pobre,54296.91895921275
2023,149,7,2,150101,15,1501,Callao,3,1906.4593411327583,5719.378023398274,4963.953864419674,137.88760734499093,399.09012966796746,217.9934111979856,1,1,Pobre extremo,22485.94504968336
2025,377,8,4,150101,15,1501,Sierra rural,5,1546.813401668588,7734.06700834294,78507.43685052123,1308.4572808420205,381.6519611599962,243.53857378244498,0,0,No pobre,88340.8707322855
2022,267,12,3,050101,05,0501,Costa rural,2,1188.1740505724877,2376.3481011449753,23958.19173036888,998.25798876537,412.23232609872025,223.67915414903808,0,0,No pobre,48504.33838416146
2023,422,16,2,010101,01,0101,Lima Metropolitana,2,521.7950368327618,1043.5900736655235,14859.39218991963,619.1413412466512,394.9692612482716,225.62580916556638,0,0,No pobre,21584.849262235857
2022,328,12,1,150132,15,1501,Costa rural,3,908.0803312074079,2724.240993622224,9049.793496117203,251.3831526699223,434.84690523835064,207.38710439618148,1,0,Pobre no extremo,93586.2900086064
2025,106,19,1,200101,20,2001,Callao,7,1570.716506194853,10995.015543363972,37867.48206131991,450.8033578728561,469.8779055250234,241.4561934563753,1,0,Pobre no extremo,86455.97714771195
2021,472,10,1,010201,01,0102,Costa rural,4,1659.0318484089548,6636.127393635819,111780.9794789539,2328.7704058115396,448.8226832972543,245.86962626598037,0,0,No pobre,14706.503602767483
2021,381,7,4,010201,01,0102,Selva urbana,2,564.751776470558,1129.503552941116,18957.685228558796,789.9035511899498,393.5798856350125,253.05651543231147,0,0,No pobre,17541.997776284556
2023,35,12,4,010101,01,0101,Lima Metropolitana,3,1357.9143997923366,4073.7431993770097,49021.564031400594,1361.7101119833499,391.60900243954876,263.2806449189024,0,0,No pobre,41110.71468996132
2024,119,5,4,050101,05,0501,Selva urbana,2,280.5056850344598,561.0113700689196,26650.331941779714,1110.4304975741547,471.1449813275427,253.62031189599114,0,0,No pobre,25497.026861334
2023,14,16,4,150101,15,1501,Selva rural,2,144.10338415588242,288.20676831176485,6129.524753039532,255.3968647099805,428.76095498924,216.5020566305048,1,0,Pobre no extremo,26292.498537425934
2024,14,9,1,130101,13,1301,Selva urbana,5,1142.4804545227403,5712.402272613701,22893.190620553665,381.55317700922774,472.36729919892974,216.4958611625059,1,0,Pobre no extremo,16408.22481904386
2022,266,7,1,050101,05,0501,Selva rural,4,526.3217231328146,2105.286892531258,14791.090485581677,308.14771844961825,453.62177155430163,264.05610368933276,1,0,Pobre no extremo,43140.6269951725
2022,140,14,4,050101,05,0501,Selva rural,4,249.93285936005245,999.7314374402098,10806.156726662095,225.12826513879364,479.3348460635401,255.30934985906208,1,1,Pobre extremo,45355.431915560395
2025,294,11,4,250101,25,2501,Sierra urbana,3,1486.673794500937,4460.021383502811,18264.265080507867,507.34069668077404,467.12277426609734,254.75725012176335,0,0,No pobre,8674.288073407663
2024,364,7,1,150132,15,1501,Sierra urbana,4,1046.1517178928257,4184.606871571303,20200.931093520066,420.8527311150014,421.42121922618054,250.3799562077375,1,0,Pobre no extremo,24679.578643616318
2025,119,10,4,150132,15,1501,Sierra urbana,3,1612.926320821056,4838.778962463168,66563.26808981714,1848.9796691615873,455.82278275515904,218.70413938776468,0,0,No pobre,20680.319519294622
2021,238,9,4,010201,01,0102,Callao,3,1361.4940553930583,4084.482166179175,27480.185065860456,763.3384740516793,427.1228167319945,259.3187239684932,0,0,No pobre,47904.565060948975
2024,34,4,4,150132,15,1501,Sierra urbana,4,1486.629385839431,5946.517543357724,7598.006516963433,158.29180243673818,403.30722930991146,210.00192746560882,1,1,Pobre extremo,64316.68469060834
2023,169,16,4,010201,01,0102,Costa urbana,2,683.9851044622096,1367.9702089244192,79691.70283060602,3320.4876179419175,404.10292587563595,224.50123265085324,0,0,No pobre,74864.79740075872
2021,10,10,2,050101,05,0501,Sierra urbana,4,600.2240687981491,2400.8962751925965,38047.79775133862,792.6624531528879,419.73221444618133,224.25321779555006,0,0,No pobre,25078.507160627236
2021,122,19,4,010101,01,0101,Sierra urbana,6,1241.6622949809964,7449.973769885979,34642.054053990796,481.1396396387611,391.14662260121753,239.20924991956244,0,0,No pobre,62021.436063858746
2023,401,17,1,130101,13,1301,Sierra urbana,2,480.1560667563603,960.3121335127206,59051.954899868884,2460.49812082787,397.7766284888644,232.44104891969042,0,0,No pobre,8100.143509254228
2021,145,9,1,010101,01,0101,Selva rural,6,1649.28301970084,9895.69811820504,26385.12259834978,366.4600360881914,430.0608683720099,232.18656931699093,1,0,Pobre no extremo,137599.30304821781
2024,451,13,1,050101,05,0501,Costa rural,2,1093.5483210510533,2187.0966421021067,16601.30952164445,691.7212300685187,475.3922477361806,238.7500701895714,0,0,No pobre,18128.811932767363
2025,446,1,1,210101,21,2101,Lima Metropolitana,3,531.2808714607459,1593.8426143822376,36750.81793077683,1020.8560536326897,437.76863420172253,229.079291843849,0,0,No pobre,9439.656680703247
2021,223,2,4,200101,20,2001,Costa rural,4,1287.8196414268261,5151.278565707305,47128.621176267254,981.8462745055677,420.84967491880224,217.4988261922415,0,0,No pobre,18234.716117386084
2024,371,13,2,150101,15,1501,Costa rural,4,1895.5678966588737,7582.271586635495,37921.906108176016,790.0397105870003,404.2700319869302,246.4884502437136,0,0,No pobre,154265.69139748122
2022,257,9,3,200101,20,2001,Sierra rural,2,255.97998052247078,511.95996104494156,55821.675303492186,2325.9031376455077,399.59013047064406,255.34433651868818,0,0,No pobre,68527.08897970473
2024,268,7,3,130101,13,1301,Costa urbana,5,307.7558938956556,1538.779469478278,29448.75986606083,490.8126644343472,445.84070293788955,233.52971151912126,0,0,No pobre,217602.57409269013
2025,359,16,3,150132,15,1501,Selva rural,7,1703.2943790403458,11923.06065328242,10981.543153128834,130.73265658486707,464.8325317421659,245.4638230700155,1,1,Pobre extremo,49070.68704705555
2024,4,19,3,200101,20,2001,Selva urbana,2,308.2281716770598,616.4563433541196,15271.485436389248,636.3118931828853,419.88559264391637,237.47542972761252,0,0,No pobre,141070.28517432025
2023,426,7,1,150132,15,1501,Selva rural,6,174.8132017706768,1048.8792106240608,92535.40185747897,1285.2139146872078,435.0659046373283,204.12975069759716,0,0,No pobre,25382.4349661488
2025,397,6,4,050101,05,0501,Sierra urbana,4,761.0681039882985,3044.272415953194,27707.5169775427,577.2399370321396,450.6726761249039,229.61592630948954,0,0,No pobre,9825.83954827401
2022,354,18,4,130101,13,1301,Costa rural,6,986.7411813510354,5920.4470881062125,9752.193546496552,135.4471325902299,385.8295575055576,200.6896749665216,1,1,Pobre extremo,52360.88721251998
2023,106,19,3,250101,25,2501,Selva rural,2,1181.9444297123107,2363.8888594246214,8958.254298729385,373.26059578039104,415.08970474361837,246.33154947153307,1,0,Pobre no extremo,39121.486293346585
2024,85,11,3,150101,15,1501,Costa urbana,5,1063.8704418720747,5319.352209360373,8062.193852185911,134.36989753643186,452.9752889762109,235.5713028919221,1,1,Pobre extremo,59894.43903294359
2025,214,12,2,150101,15,1501,Sierra urbana,2,1835.0506690504155,3670.101338100831,56470.199522305484,2352.924980096062,448.4619026519272,208.87820746257879,0,0,No pobre,83472.06936384474
2022,121,10,2,210101,21,2101,Sierra rural,6,1560.469390744111,9362.816344464667,35553.22388888914,493.7947762345714,385.3347724416091,237.95340724551866,0,0,No pobre,54300.44934728233
2023,132,13,2,250101,25,2501,Selva urbana,4,1969.2394861372504,7876.957944549002,141528.99817072137,2948.520795223362,403.7818498373405,262.88982021195926,0,0,No pobre,33026.11346878044
2022,338,12,1,010201,01,0102,Sierra urbana,3,1005.2653041281123,3015.795912384337,45185.42462255868,1255.1506839599633,447.99572144450013,223.83435353443326,0,0,No pobre,34577.19606530815
2024,197,10,4,150101,15,1501,Lima Metropolitana,2,260.22625869443993,520.4525173888799,47698.8623986951,1987.4525999456291,407.1416042355905,268.76581363630766,0,0,No pobre,58784.00452482896
2022,19,18,1,040101,04,0401,Selva urbana,5,1915.5082215914617,9577.54110795731,161274.072221378,2687.9012036896333,461.44102939373875,267.15659347195174,0,0,No pobre,8405.551745179391
2021,130,4,1,010201,01,0102,Selva rural,4,107.81500701928498,431.2600280771399,11249.59333765452,234.3665278678025,382.95048591991593,254.9716889719542,1,1,Pobre extremo,17997.604505922216
2023,12,5,4,150101,15,1501,Sierra urbana,3,1574.582426294192,4723.747278882576,6972.988958267266,193.6941377296463,399.0347029293445,256.96599844732685,1,1,Pobre extremo,296220.73467654776
2022,81,5,2,050101,05,0501,Sierra rural,3,159.43585846619098,478.3075753985729,44249.56893094113,1229.1546925261425,408.13129800505584,228.73817521398897,0,0,No pobre,22536.873990369222
2024,330,12,4,130101,13,1301,Selva rural,5,1546.306962238113,7731.534811190566,21597.741129529182,359.9623521588197,472.5289834810088,228.1778766707963,1,0,Pobre no extremo,71507.94063235848
2024,354,3,3,130101,13,1301,Costa urbana,3,1882.083985711303,5646.251957133909,35164.24380166589,976.7845500462748,459.6318956370666,266.8078150786895,0,0,No pobre,24492.679916478788
2022,262,8,2,040101,04,0401,Selva urbana,2,839.594564928989,1679.189129857978,81006.70606523078,3375.279419384616,468.4145086529318,225.63373746875493,0,0,No pobre,29600.451879760356
2024,392,2,4,050101,05,0501,Selva urbana,6,557.8332173174635,3346.9993039047813,53391.287644133576,741.5456617240775,424.04791471772876,206.78110223511302,0,0,No pobre,4139.003022801058
2025,125,18,1,040101,04,0401,Costa urbana,3,529.9303897724786,1589.791169317436,105331.6939623261,2925.8803878423914,462.25620912764197,210.68907617338854,0,0,No pobre,67760.08895124761
2025,307,9,4,150132,15,1501,Callao,3,1034.2635238853863,3102.790571656159,11881.384189803688,330.0384497167691,465.34935718467483,249.72792756350455,1,0,Pobre no extremo,21227.30155627636
2025,267,13,2,010101,01,0101,Callao,3,424.68536793790395,1274.0561038137118,60333.05640905008,1675.9182335847245,419.9956823875,226.8086654562751,0,0,No pobre,4762.28790668013
2021,447,7,3,150101,15,1501,Lima Metropolitana,6,1378.5548982534528,8271.329389520717,13423.319609286566,186.43499457342452,479.44618477442526,213.9539987798535,1,1,Pobre extremo,8916.762446688848
2022,441,10,1,050101,05,0501,Callao,3,799.8694792279124,2399.608437683737,120818.03268291609,3356.0564634143357,465.1238629215869,256.96502900781445,0,0,No pobre,40503.58164292154
2021,383,9,3,010101,01,0101,Selva urbana,4,713.9080355661922,2855.632142264769,40267.904917775915,838.9146857869982,477.40969687447887,234.20714434713045,0,0,No pobre,18263.969269153884
2024,140,15,3,010101,01,0101,Callao,6,976.4425948872685,5858.6555693236105,42454.5308697079,589.6462620792764,466.6497108645165,239.7348843338849,0,0,No pobre,16113.246725168534
2021,329,5,1,130101,13,1301,Selva rural,1,1130.9162546355285,1130.9162546355285,15933.760095725762,1327.8133413104802,457.6203640255608,210.77645482550744,0,0,No pobre,23571.0533590034
2024,2,12,4,130101,13,1301,Costa rural,5,369.667498291712,1848.33749145856,16676.614272297866,277.9435712049644,474.38438734645456,213.49279409911574,1,0,Pobre no extremo,1582.0385723727834
2024,8,1,4,250101,25,2501,Lima Metropolitana,3,1444.7503912140023,4334.251173642007,38744.98922927019,1076.2497008130608,421.981924458459,208.80992258816642,0,0,No pobre,7224.015251791512
2023,250,12,3,150132,15,1501,Costa urbana,4,1777.5994898201197,7110.397959280479,129759.4728719507,2703.3223514989727,458.33334334968623,236.01799594641017,0,0,No pobre,68886.44820008024
2025,139,6,4,050101,05,0501,Sierra rural,3,628.1751407822453,1884.525422346736,111764.09402501224,3104.558167361451,401.289120591611,254.2959908209078,0,0,No pobre,60779.1961902274
2024,124,19,2,210101,21,2101,Lima Metropolitana,4,442.74271347602115,1770.9708539040846,37146.769701799174,773.8910354541495,453.2793854721077,251.25996707170322,0,0,No pobre,63572.65310116776
2023,309,19,3,050101,05,0501,Sierra urbana,3,1544.9603050662208,4634.8809151986625,18413.291395142023,511.48031653172285,458.53532830523926,218.28615743655484,0,0,No pobre,66694.57956669184
2025,228,16,3,150132,15,1501,Callao,1,448.729275154734,448.729275154734,45054.05308247359,3754.5044235394657,451.652440988359,259.6085131533946,0,0,No pobre,56247.146647608155
2024,10,19,3,130101,13,1301,Sierra urbana,6,178.3848046896176,1070.3088281377056,83201.22208578578,1155.5725289692468,464.98130653571616,207.39625936982895,0,0,No pobre,153031.89130342094
2024,469,3,2,130101,13,1301,Costa urbana,1,1276.56211872728,1276.56211872728,32552.820018509683,2712.7350015424736,421.33354468496054,207.98349790581779,0,0,No pobre,66258.9296519127
2021,212,10,3,150101,15,1501,Callao,5,555.5276909801654,2777.638454900827,18985.809487568768,316.4301581261461,434.4768132075491,259.45129978229284,1,0,Pobre no extremo,37673.53037578968
2021,112,18,4,200101,20,2001,Costa rural,2,426.43977696426344,852.8795539285269,49573.64398936685,2065.5684995569522,381.0667410695271,217.1093692823128,0,0,No pobre,169412.27891004362
2025,8,13,4,130101,13,1301,Selva rural,3,1965.0452092575617,5895.135627772685,21683.05911958655,602.307197766293,394.6053163006024,249.56810912480665,0,0,No pobre,61995.107381116344
2024,292,18,4,040101,04,0401,Sierra rural,5,654.5434684594826,3272.717342297413,19543.564142707066,325.72606904511775,444.41939256278215,200.63557143451732,1,0,Pobre no extremo,64462.45320299733
2022,477,3,4,150101,15,1501,Sierra urbana,3,1816.5422514095178,5449.626754228553,25577.60363739929,710.4889899277581,436.2317199645045,206.5520762033407,0,0,No pobre,22000.17291679861
2021,362,3,3,010201,01,0102,Sierra urbana,6,438.61565518834817,2631.693931130089,49017.99654787912,680.8055076094322,399.7332513541404,242.6502096105598,0,0,No pobre,37488.43655298716
2025,460,12,2,200101,20,2001,Selva rural,4,1656.0565509186267,6624.226203674507,22020.308179156007,458.7564203990835,404.34647941602816,212.76911684145333,0,0,No pobre,11610.095173061227
2024,253,7,1,200101,20,2001,Costa rural,3,1053.835858792116,3161.507576376348,26017.05410944655,722.6959474846265,414.4082201923458,201.97495804189336,0,0,No pobre,7986.924085579628
2024,14,8,4,040101,04,0401,Selva urbana,4,249.33006132039102,997.3202452815641,30610.919631117406,637.727492314946,451.64147129435094,232.68627296783262,0,0,No pobre,6514.5645616400825
2022,240,9,1,200101,20,2001,Lima Metropolitana,3,1493.8500579227875,4481.550173768363,19079.454796132748,529.9848554481318,440.9716602663301,223.1364349494963,0,0,No pobre,29121.491225259007
2025,438,14,1,210101,21,2101,Costa urbana,3,1794.9394062960819,5384.818218888246,108510.14580643145,3014.170716845318,386.95712641752897,256.1579849658201,0,0,No pobre,142688.2414505269
2024,242,5,3,130101,13,1301,Costa rural,5,409.7322816374909,2048.6614081874545,141297.07484369658,2354.951247394943,455.99391490123605,257.3180293772313,0,0,No pobre,56089.255787140384
2021,469,19,4,130101,13,1301,Costa rural,3,1478.621460438733,4435.864381316199,20485.518194666085,569.0421720740579,406.26595630220294,243.0096184846439,0,0,No pobre,86454.93753252362
2022,342,16,4,150101,15,1501,Costa rural,3,945.5997862389353,2836.7993587168057,13123.419464610995,364.53942957252764,447.175967840442,220.51236224425168,1,0,Pobre no extremo,15276.319302880818
2025,149,12,4,150132,15,1501,Costa rural,5,1532.3538611877648,7661.769305938824,17719.25975665209,295.32099594420146,392.33628446615506,232.31386558837153,1,0,Pobre no extremo,49136.02719924551
2022,236,4,1,040101,04,0401,Selva urbana,5,1456.4631015520808,7282.315507760404,40184.612194198744,669.743536569979,479.79212767191683,249.15792189732267,0,0,No pobre,277323.11700826633
2021,306,8,4,130101,13,1301,Selva rural,4,150.54043787971028,602.1617515188411,24899.404412018426,518.7375919170505,388.0335170687714,204.85159872087112,0,0,No pobre,80726.00554102336
2025,478,7,4,010101,01,0101,Sierra rural,4,439.5699683375948,1758.2798733503791,8510.664666189712,177.30551387895233,454.1734028400995,223.27479618296874,1,1,Pobre extremo,24982.752466092323
2022,167,15,2,250101,25,2501,Lima Metropolitana,4,994.9517615713213,3979.807046285285,23383.05337767944,487.14694536832167,434.1330359253095,257.565879063642,0,0,No pobre,6677.915597186498
2023,20,6,3,130101,13,1301,Costa rural,4,1873.8289266329525,7495.31570653181,38806.90944141977,808.4772800295785,388.5939191284138,228.42199795729124,0,0,No pobre,9766.06382825238
2021,216,5,4,050101,05,0501,Lima Metropolitana,3,749.9395678341228,2249.8187035023684,65262.60444071731,1812.8501233532586,382.68104575507556,243.72676079208262,0,0,No pobre,70026.01803931376
2021,343,14,4,010101,01,0101,Costa rural,7,1294.8595935323456,9064.017154726418,130773.20271001293,1556.8238417858684,416.26657175166787,206.74340583946892,0,0,No pobre,45290.058357585105
2021,135,13,3,150132,15,1501,Costa urbana,2,122.95911647741474,245.91823295482948,17974.68710069214,748.9452958621724,460.2223932007144,254.39321826288366,0,0,No pobre,218995.99181700023
2023,393,10,3,010101,01,0101,Sierra urbana,4,1451.141150939194,5804.564603756776,15350.649467921558,319.8051972483658,384.11512402813923,207.03258429560694,1,0,Pobre no extremo,38742.544818342336
2023,129,18,1,200101,20,2001,Selva urbana,6,1245.8296992303287,7474.978195381973,21472.187376304308,298.22482467089316,450.4398663328054,260.306767815193,1,0,Pobre no extremo,8229.004015913799
2024,410,4,1,250101,25,2501,Costa rural,4,1459.250018569955,5837.00007427982,11487.326447045232,239.319300980109,445.53762762642384,207.46207314227817,1,0,Pobre no extremo,28922.06676341155
2022,422,8,1,010201,01,0102,Callao,6,1818.8551647473953,10913.130988484372,14325.233322313166,198.9615739210162,406.5537676772767,262.3624934218774,1,1,Pobre extremo,37894.24336943769
2024,294,11,3,250101,25,2501,Sierra rural,3,378.34797292383905,1135.0439187715172,14402.305038199022,400.0640288388617,387.749203573489,225.4638911959004,0,0,No pobre,24709.803088844837
2022,246,17,2,130101,13,1301,Sierra rural,3,597.0202324153274,1791.0606972459823,36105.89996395548,1002.94166566543,471.5321960554062,243.71715122420161,0,0,No pobre,36199.83117348891
2023,189,18,4,150101,15,1501,Sierra rural,6,1991.9836951194698,11951.902170716818,12713.657295780053,176.57857355250073,410.0349802736724,259.25853861469204,1,1,Pobre extremo,52728.15147659685
2023,44,11,3,210101,21,2101,Callao,3,396.9395211682912,1190.8185635048735,56513.11470293828,1569.8087417482855,391.1383231786761,200.71689946933967,0,0,No pobre,4787.012210732788
2024,86,16,2,150132,15,1501,Costa urbana,5,1469.19131239945,7345.95656199725,75675.95755550817,1261.2659592584694,448.1517078360916,218.5985212984413,0,0,No pobre,18560.197191079227
2025,44,12,3,150101,15,1501,Sierra rural,2,1477.6442299707135,2955.288459941427,9766.774977658843,406.94895740245175,401.6681228791628,263.5836824904768,0,0,No pobre,128289.93593976667
2024,330,13,2,130101,13,1301,Selva rural,5,1397.688117847582,6988.440589237909,8312.692949122835,138.54488248538058,427.563075556263,227.17232424093683,1,1,Pobre extremo,182139.36117332737
2022,375,16,3,150101,15,1501,Costa urbana,4,532.1371196976976,2128.5484787907903,16607.95850267478,345.9991354723913,385.0405544236033,249.4463148058337,1,0,Pobre no extremo,10133.02147820019
2024,446,1,3,050101,05,0501,Selva urbana,3,508.7547201063544,1526.2641603190632,18747.30914371347,520.7585873253743,479.29839489081047,209.80084393074517,0,0,No pobre,10150.807087884043
2021,378,16,2,010101,01,0101,Sierra rural,4,1366.0480292660973,5464.192117064389,84074.30647817689,1751.5480516286852,424.7621126775492,247.4860120987884,0,0,No pobre,77927.50547902276
2022,390,15,2,210101,21,2101,Sierra urbana,4,453.8753504725105,1815.501401890042,25711.610221052055,535.6585462719178,479.91099813095343,205.12126968682304,0,0,No pobre,275668.8367993609
2022,145,6,2,130101,13,1301,Costa rural,1,1356.970330307021,1356.970330307021,39251.244494028695,3270.937041169058,418.56748769340663,250.2127597835267,0,0,No pobre,45241.949275839565
2025,51,12,2,200101,20,2001,Selva urbana,4,1035.8037358481042,4143.214943392417,39186.25554818477,816.3803239205159,414.78525559422195,222.66634680707452,0,0,No pobre,40490.55751844583
2023,242,8,2,150132,15,1501,Selva rural,4,834.5948485338298,3338.379394135319,12179.0344458613,253.72988428877707,471.45723282670735,232.60933591672864,1,0,Pobre no extremo,17877.24669477483
2022,294,7,2,200101,20,2001,Sierra urbana,3,670.4414638180968,2011.3243914542904,21469.154956705883,596.3654154640523,412.94658538444884,211.6382126676939,0,0,No pobre,99983.5357903181
2023,408,2,2,010101,01,0101,Selva urbana,5,1900.3961733139217,9501.98086656961,26595.071539040047,443.25119231733413,423.20055473162705,243.94943124139473,0,0,No pobre,26828.677892137348
2024,51,12,2,210101,21,2101,Selva rural,3,1065.3779497112964,3196.1338491338893,37791.07449434529,1049.752069287369,387.81104367141575,223.62973401466814,0,0,No pobre,174534.44032969754
2021,266,14,3,010101,01,0101,Sierra rural,3,1166.3787287708278,3499.1361863124835,7399.515788214553,205.54210522818204,475.54623880354757,226.83625042345494,1,1,Pobre extremo,52085.641393986225
2025,120,16,2,040101,04,0401,Selva urbana,4,1903.5865609048924,7614.34624361957,15754.359079087562,328.21581414765757,388.51512408509024,245.65350474678954,1,0,Pobre no extremo,47053.21379619372
2023,200,11,2,200101,20,2001,Selva urbana,4,1342.366904384554,5369.467617538216,27183.317545891052,566.3191155393969,457.1184933535324,212.52031628557856,0,0,No pobre,15958.536973779292
2022,405,9,3,010101,01,0101,Selva urbana,6,1919.9205627379722,11519.523376427833,18112.232886414044,251.55879008908394,433.8615393811177,259.64062255005706,1,1,Pobre extremo,16535.78988770653
2023,248,10,3,010101,01,0101,Costa urbana,2,302.0968069931271,604.1936139862541,7616.290607521839,317.3454419800766,386.14051440475345,251.75004839033545,1,0,Pobre no extremo,19576.12391144087
2022,70,17,1,150101,15,1501,Callao,3,1708.6153003675674,5125.845901102703,14041.433984632515,390.03983290645874,380.1703828041056,240.44110021967137,0,0,No pobre,33095.90952434523
2023,341,12,1,130101,13,1301,Sierra urbana,2,737.2877932438727,1474.5755864877453,7683.098941247079,320.12912255196164,473.55536385271296,208.9833146957714,1,0,Pobre no extremo,109669.27722729249
2022,57,6,2,150101,15,1501,Lima Metropolitana,5,1639.9262976336481,8199.631488168241,93232.39194237816,1553.8731990396361,454.2173404235544,248.09767860801722,0,0,No pobre,82609.61356373041
2024,382,19,2,040101,04,0401,Selva rural,3,1725.7095859704593,5177.128757911378,20177.52024497533,560.486673471537,448.6436243539415,201.2669560462668,0,0,No pobre,22700.645909886945
2022,39,11,1,250101,25,2501,Callao,5,615.8269836708561,3079.13491835428,25362.89378474178,422.714896412363,423.8556530599222,256.3077061073761,1,0,Pobre no extremo,4482.570447103252
2022,472,9,1,250101,25,2501,Sierra rural,3,876.77817137941,2630.3345141382297,11147.622194079224,309.65617205775624,403.8613786710977,221.26583877642642,1,0,Pobre no extremo,17590.532980623455
2021,289,6,4,150101,15,1501,Costa rural,5,1479.4272731983176,7397.136365991588,33111.63156881286,551.8605261468809,447.9863074730574,208.20480853712425,0,0,No pobre,42345.0258853614
2022,443,16,4,010201,01,0102,Sierra rural,4,288.2056987042443,1152.8227948169772,50289.97569363196,1047.7078269506658,440.8301068617099,211.51422678393376,0,0,No pobre,45781.745545930906
2021,18,16,2,200101,20,2001,Sierra rural,6,1535.513715244746,9213.082291468476,11794.787818626914,163.81649748092934,452.63421948483364,267.41940789558805,1,1,Pobre extremo,227074.99293527068
2025,440,6,4,150101,15,1501,Costa urbana,2,309.89855950401363,619.7971190080273,12035.799960881803,501.4916650367418,416.5792518500262,254.16812924955815,0,0,No pobre,151849.48179675278
2021,220,5,1,050101,05,0501,Costa urbana,4,1837.4658913093103,7349.863565237241,17222.386049495664,358.799709364493,478.69237605131906,216.651038133548,1,0,Pobre no extremo,80357.45003864667
2024,313,4,2,050101,05,0501,Selva urbana,5,625.0446572630715,3125.2232863153577,7630.592796130411,127.17654660217353,386.7008655428533,267.4426370424061,1,1,Pobre extremo,18968.632396418627
2021,244,2,3,150132,15,1501,Callao,4,1193.638759047976,4774.555036191904,37880.9288151937,789.1860169832021,387.9701617036214,209.80823694637806,0,0,No pobre,48134.27273023347
2025,352,6,3,040101,04,0401,Sierra rural,1,322.5916501449183,322.5916501449183,53268.434982793966,4439.0362485661635,471.6875847580615,251.3469048331009,0,0,No pobre,60668.889336786866
2024,460,9,1,040101,04,0401,Sierra urbana,7,612.0369938587095,4284.258957010967,7410.735037124801,88.22303615624763,444.77064349190437,245.97177387966428,1,1,Pobre extremo,135649.17888430148
2023,304,17,4,150101,15,1501,Costa urbana,3,867.5145826255003,2602.543747876501,59449.63343825427,1651.3787066181742,412.63340681821046,257.5033740669904,0,0,No pobre,13506.452063743553
2023,298,14,3,210101,21,2101,Selva rural,3,1025.3928656977273,3076.178597093182,59489.39537485636,1652.483204857121,456.1952757700626,226.71891044712441,0,0,No pobre,88533.23183649177
2021,283,7,4,010101,01,0101,Callao,4,100.12824552849142,400.5129821139657,2086.4966966396714,43.468681179993155,425.277338785304,228.12848208175436,1,1,Pobre extremo,65883.52948317294
2021,74,19,3,130101,13,1301,Costa urbana,4,1788.44594852289,7153.78379409156,9963.133698909209,207.56528539394185,382.1121508807732,243.71969129099529,1,1,Pobre extremo,21832.520014065918
2025,110,1,4,010101,01,0101,Sierra urbana,5,114.58213816186652,572.9106908093327,15585.401384114222,259.75668973523705,445.1103669419957,227.8744029875655,1,0,Pobre no extremo,133748.92852536857
2025,180,15,3,010101,01,0101,Costa urbana,3,1570.0006696894075,4710.002009068223,44871.18081688839,1246.4216893580108,404.3111937091523,202.89456248915482,0,0,No pobre,5450.21796557866
2022,426,18,3,040101,04,0401,Lima Metropolitana,3,994.0999334771049,2982.2998004313145,39902.205622917296,1108.3946006365916,391.5335116610068,251.07956222682182,0,0,No pobre,319005.59687579167
2025,32,3,2,040101,04,0401,Sierra urbana,4,1095.3720473126152,4381.488189250461,11702.634678820557,243.80488914209494,402.52731824994044,244.8662244138589,1,1,Pobre extremo,135458.08770162633
2022,234,18,2,050101,05,0501,Callao,3,495.7044107356277,1487.113232206883,116090.63270507386,3224.739797363163,427.61578811292486,229.65989689291868,0,0,No pobre,29909.120491503763
2024,282,2,1,040101,04,0401,Lima Metropolitana,6,1253.9998656568378,7523.9991939410265,14327.510417872621,198.99320024823086,384.985643128324,221.19806926160837,1,1,Pobre extremo,23789.86099201553
2021,25,10,3,150101,15,1501,Lima Metropolitana,6,1120.740627421959,6724.443764531754,12686.29611800304,176.19855719448665,468.31523867795477,222.45080868291578,1,1,Pobre extremo,35087.21552587673
2024,331,11,4,050101,05,0501,Costa rural,4,412.0491725785612,1648.1966903142447,9463.782638501896,197.16213830212283,435.9918016569362,251.87200365982576,1,1,Pobre extremo,17122.075901089367
2025,279,3,3,200101,20,2001,Sierra urbana,1,552.4261025635163,552.4261025635163,22908.994764278512,1909.0828970232094,409.29961801154155,251.041261528568,0,0,No pobre,28961.60909187565
2024,226,7,4,010101,01,0101,Costa rural,6,227.11689512366863,1362.7013707420117,60703.16535113786,843.0995187658036,448.7004848088683,257.3242894238875,0,0,No pobre,82535.31880363483
2024,57,8,4,200101,20,2001,Selva rural,2,225.9387869699601,451.8775739399202,11954.159795416359,498.08999147568164,460.4236496979941,253.35262997652762,0,0,No pobre,17886.01529731633
2024,180,19,3,010101,01,0101,Selva urbana,3,126.17399330961048,378.52197992883146,32454.012761580725,901.5003544883534,441.39246279834805,253.05609414742457,0,0,No pobre,92988.74018073136
2025,232,18,4,010101,01,0101,Selva urbana,2,518.9012184178591,1037.8024368357183,32306.504038396608,1346.104334933192,400.24946819105236,217.62412638388022,0,0,No pobre,28367.269059784972
2024,382,13,1,150132,15,1501,Callao,2,1391.3563320544058,2782.7126641088116,26152.203551817456,1089.675147992394,391.0288420146444,207.11287882191345,0,0,No pobre,108360.54747809775
2022,343,13,2,010101,01,0101,Callao,5,700.8092374704769,3504.0461873523845,35950.483469856634,599.1747244976106,465.98996970333866,253.3226586225212,0,0,No pobre,141890.85483717103
2025,477,19,4,210101,21,2101,Callao,4,751.1951127480156,3004.7804509920625,60808.40882286366,1266.8418504763263,403.4687413551741,206.9032613759027,0,0,No pobre,13371.094123819566
2024,287,12,3,200101,20,2001,Lima Metropolitana,7,350.6202471853449,2454.3417302974144,34395.69982389289,409.47261695110586,382.0082430677498,268.7477983706486,0,0,No pobre,4403.281375817549
2025,64,17,2,010101,01,0101,Costa urbana,3,1193.394268547198,3580.182805641594,69016.22046467836,1917.1172351299547,444.2902108154252,261.25624872150047,0,0,No pobre,42849.82783696618
2023,455,12,1,010201,01,0102,Sierra urbana,4,750.0729189388009,3000.2916757552034,9996.03377282331,208.25070360048562,395.2885329864313,237.3423121344831,1,1,Pobre extremo,46933.51820285992
2022,232,13,4,010201,01,0102,Costa urbana,7,1385.001926517408,9695.013485621856,18069.977574982502,215.1187806545536,479.0969819764575,224.6528495571513,1,1,Pobre extremo,10687.440387055212
2024,289,12,4,010201,01,0102,Sierra urbana,5,1508.7729908008514,7543.864954004257,10007.040543643068,166.7840090607178,466.9730831739412,236.87901251632002,1,1,Pobre extremo,192511.10393698598
2023,213,19,2,150101,15,1501,Callao,5,1210.916462971926,6054.58231485963,44051.144313106946,734.1857385517825,440.84457260012175,251.40112831723596,0,0,No pobre,25282.7096838717
2023,258,14,4,050101,05,0501,Costa urbana,2,624.5321199428689,1249.0642398857378,80793.3456649096,3366.3894027045667,463.38656426085436,252.943098499243,0,0,No pobre,68844.16572233808
2025,18,7,3,200101,20,2001,Selva urbana,5,1066.3548187407832,5331.774093703916,20359.512058851116,339.32520098085195,427.0535700768696,205.15661990549424,1,0,Pobre no extremo,17451.710245109174
2023,175,13,2,010101,01,0101,Selva rural,3,578.6685288963763,1736.005586689129,34661.634069351894,962.8231685931082,458.84862444624355,256.3397866426372,0,0,No pobre,8160.049022370111
2022,417,6,2,250101,25,2501,Selva urbana,4,1815.5343871724444,7262.137548689778,7008.735630443378,146.01532563423703,444.6533552397151,244.9047957193609,1,1,Pobre extremo,116739.43046188843
2022,229,19,4,050101,05,0501,Costa urbana,4,1556.1329251568588,6224.531700627435,27430.096194825102,571.4603373921897,382.8644647969656,202.8405729733642,0,0,No pobre,14386.566443644253
2021,226,19,1,250101,25,2501,Sierra urbana,4,1036.711221410576,4146.844885642304,5967.934732171935,124.33197358691531,474.87576675528425,221.92128440696533,1,1,Pobre extremo,79677.52731711302
2022,84,4,1,130101,13,1301,Sierra rural,5,1934.3685720384785,9671.842860192393,28412.03887107257,473.5339811845428,466.0919578196687,235.7448958086021,0,0,No pobre,15874.417653184964
2023,291,19,1,210101,21,2101,Selva rural,4,1138.8353487873571,4555.3413951494285,4764.593114508508,99.26235655226058,475.3407390593222,213.19160445438325,1,1,Pobre extremo,29145.472315199615
2022,435,9,1,130101,13,1301,Sierra urbana,2,724.2174062182015,1448.434812436403,123627.82319144574,5151.159299643573,453.1365934560816,210.86683702121883,0,0,No pobre,30974.693957712683
2025,370,16,2,040101,04,0401,Costa urbana,4,281.38787150868944,1125.5514860347578,25704.44854782274,535.5093447463071,421.2060921661622,200.99968152181302,0,0,No pobre,35379.12200904225
2021,246,4,2,050101,05,0501,Sierra urbana,4,1133.1167251454858,4532.466900581943,24813.656135096564,516.9511694811785,400.6985223286282,263.8085443415881,0,0,No pobre,19101.08073258005
2023,402,6,4,250101,25,2501,Callao,3,1734.7915620045565,5204.374686013669,149866.94338793465,4162.970649664851,397.9996347565869,203.9275568521131,0,0,No pobre,74589.73398919907
2021,110,8,1,150132,15,1501,Costa rural,3,1746.7655834972525,5240.296750491758,28551.227528161133,793.0896535600315,394.49162483877717,225.62079950248201,0,0,No pobre,93217.69411250064
2023,254,16,1,010101,01,0101,Sierra urbana,2,1248.677426697222,2497.354853394444,6319.816077827125,263.32566990946356,402.0609642641518,214.4040146090043,1,0,Pobre no extremo,123178.76999067207
2025,88,5,4,150101,15,1501,Selva urbana,3,847.5328901450042,2542.5986704350125,18256.434404883155,507.123177913421,435.06360133473953,251.8723171545153,0,0,No pobre,23235.76687869778
2021,72,10,4,200101,20,2001,Lima Metropolitana,7,1335.5629853722917,9348.940897606042,154918.8920225225,1844.2725240776485,448.3745063287841,249.5029260237074,0,0,No pobre,11862.342493325852
2024,381,13,4,010101,01,0101,Selva urbana,3,1548.0666736621752,4644.2000209865255,12019.352360482038,333.87089890227884,411.40565610162685,256.4355688373387,1,0,Pobre no extremo,44972.66535511605
2023,30,14,3,200101,20,2001,Costa rural,4,882.0870903488398,3528.348361395359,18097.075378446003,377.0224037176251,434.87469695078636,243.17658108714895,1,0,Pobre no extremo,52603.60005631333
2024,172,7,4,150132,15,1501,Selva rural,5,1004.8829215083582,5024.414607541791,108232.52004917666,1803.8753341529443,414.125265945385,241.41572122333346,0,0,No pobre,52908.13077836898
2021,309,6,4,010101,01,0101,Sierra urbana,1,1393.1709840180918,1393.1709840180918,13441.355863674422,1120.1129886395352,449.6509973673996,228.49775008303192,0,0,No pobre,168308.31956372238
2024,394,7,3,210101,21,2101,Selva rural,6,1765.6399515952182,10593.83970957131,24689.232423032223,342.90600587544753,478.8486220320251,244.54510900762077,1,0,Pobre no extremo,40569.657708629216
2024,343,5,1,040101,04,0401,Sierra rural,3,1602.9197184703223,4808.759155410967,90708.70610878528,2519.6862807995913,448.90169683828833,208.0643909476727,0,0,No pobre,296117.37490083004
2021,436,18,2,010201,01,0102,Sierra urbana,6,142.5436017086625,855.261610251975,16052.419252796133,222.95026739994628,385.9030576837653,247.91589944415293,1,1,Pobre extremo,87514.5997792698
2025,177,12,1,150132,15,1501,Selva urbana,1,336.3074531907169,336.3074531907169,13112.247467861143,1092.6872889884287,427.7234957833989,207.27284305041616,0,0,No pobre,90257.65938562469
2024,139,6,2,040101,04,0401,Lima Metropolitana,2,1720.2785425424913,3440.5570850849826,5121.954014278842,213.41475059495176,457.0387492634531,260.3217931772866,1,1,Pobre extremo,39638.073325888145
2024,194,1,2,010101,01,0101,Selva urbana,3,1684.2633732855638,5052.7901198566915,9970.320545190183,276.9533484775051,434.22416062535825,235.39779640789388,1,0,Pobre no extremo,26594.808993193936
2025,186,4,4,250101,25,2501,Selva rural,3,838.7328879825475,2516.1986639476427,12148.126904156949,337.44796955991524,475.1063029722898,237.12498331749484,1,0,Pobre no extremo,19725.17166931726
2024,218,19,4,040101,04,0401,Costa urbana,5,1210.1280524795648,6050.640262397824,19403.038821028884,323.3839803504814,385.4771679204211,240.94003215436652,1,0,Pobre no extremo,43613.34073465312
2024,164,12,3,150101,15,1501,Selva urbana,1,1821.105466614428,1821.105466614428,37106.85572863555,3092.237977386296,409.11555432956783,254.32367492852,0,0,No pobre,87205.1456509987
2024,161,15,1,040101,04,0401,Costa urbana,4,1831.961493913483,7327.845975653932,25843.998849350424,538.4166426948005,402.0718107639789,233.4929434610517,0,0,No pobre,29825.97243248123
2022,431,3,1,130101,13,1301,Selva urbana,2,1587.8764069456925,3175.752813891385,8880.44480751395,370.0185336464146,456.7622201763589,229.93116515531253,1,0,Pobre no extremo,25068.56493967582
2025,13,8,2,210101,21,2101,Callao,5,498.21898288339,2491.09491441695,91529.07179254903,1525.484529875817,432.3793068484007,220.18334197410314,0,0,No pobre,12950.73717182663
2024,296,11,4,150132,15,1501,Selva urbana,5,1487.5373339724954,7437.686669862477,9978.379550333242,166.30632583888737,393.8344211353006,208.96275455023138,1,1,Pobre extremo,60599.13728246422
2025,89,16,4,010201,01,0102,Lima Metropolitana,4,292.0870214594076,1168.3480858376304,136392.13080313973,2841.502725065411,408.5593263461428,213.32397787532233,0,0,No pobre,12476.32182290551
2023,324,9,1,010101,01,0101,Sierra rural,3,1798.4830729636813,5395.4492188910435,30827.02078086881,856.3061328019114,432.2659322996375,200.03694905800828,0,0,No pobre,54066.45662077314
2023,42,3,3,150132,15,1501,Costa urbana,4,383.3827267995576,1533.5309071982304,68928.88221255457,1436.0183794282202,479.61289812536495,260.85951534499674,0,0,No pobre,48206.72355232737
2024,403,5,4,050101,05,0501,Costa urbana,2,1358.4624162117566,2716.924832423513,43342.53852678325,1805.9391052826356,416.4292357415372,253.54708764292172,0,0,No pobre,31605.605226923843
2025,210,14,3,150132,15,1501,Selva urbana,2,1259.4622210794626,2518.924442158925,104315.37007251936,4346.47375302164,395.6826097339695,215.30777001732696,0,0,No pobre,121209.31730669877
2025,229,15,1,150101,15,1501,Callao,4,1576.1093461712078,6304.437384684831,25873.3952780927,539.0290682935979,429.7066525791658,200.16730634168536,0,0,No pobre,178092.92949412644
2025,350,6,1,150132,15,1501,Costa urbana,7,1147.9972544810655,8035.980781367459,21164.65579239878,251.96018800474735,411.0186377233066,234.44814134034274,1,0,Pobre no extremo,4418.345801155364
2022,275,4,3,050101,05,0501,Selva urbana,6,213.17649321389115,1279.058959283347,35392.07756849237,491.5566328957274,436.5966823828548,228.88012395205493,0,0,No pobre,8208.73147040827
2023,442,8,4,040101,04,0401,Selva urbana,4,1441.1078826838834,5764.431530735534,20999.192643334627,437.4831800694714,426.6710302785226,254.32046349394412,0,0,No pobre,65164.4341286227
2025,279,19,1,130101,13,1301,Selva rural,4,827.993661787009,3311.974647148036,40465.911309226314,843.0398189422149,448.94899217125226,228.20268546882625,0,0,No pobre,197441.3366555347
2025,251,5,2,040101,04,0401,Sierra urbana,7,708.5415023163088,4959.7905162141615,108534.70950518323,1292.079875061705,471.4290708867516,260.48789652666306,0,0,No pobre,9305.071064970452
2022,310,13,1,040101,04,0401,Costa urbana,4,1984.1797441140961,7936.718976456385,5875.526464907406,122.40680135223762,400.0514350768751,206.7086760345677,1,1,Pobre extremo,55353.53211705952
2022,208,16,4,050101,05,0501,Lima Metropolitana,3,1221.7595553234828,3665.2786659704484,25124.029453505194,697.889707041811,462.1180070368398,225.61006603767837,0,0,No pobre,6339.243244765769
2025,321,1,2,200101,20,2001,Costa rural,6,1450.3662392118815,8702.19743527129,194957.13928693044,2707.7380456518117,474.9265715548535,265.37586290681116,0,0,No pobre,5693.233569934942
2021,140,13,1,010201,01,0102,Selva rural,3,1100.0196601777318,3300.0589805331956,18934.30756419617,525.9529878943381,417.3609681517962,200.8210735628815,0,0,No pobre,287380.9263707376
2025,280,11,4,050101,05,0501,Costa urbana,2,1562.9480273081401,3125.8960546162803,66993.78342403319,2791.4076426680494,391.3662700596699,227.35525968048472,0,0,No pobre,53573.55867598597
2025,34,8,4,040101,04,0401,Lima Metropolitana,4,1528.938197449953,6115.752789799812,58897.955329513956,1227.0407360315407,462.19111707828915,218.17922820465716,0,0,No pobre,7803.606032219018
2022,309,8,1,150132,15,1501,Callao,2,1348.5776197923049,2697.1552395846097,7375.697327775224,307.32072199063435,450.1095809438239,237.23025057101546,1,0,Pobre no extremo,29263.741904337632
2022,392,14,4,010201,01,0102,Costa urbana,3,1995.7118167431759,5987.135450229527,35141.13297160375,976.1425825445486,401.27122048340516,219.51367601950395,0,0,No pobre,16632.45600376367
2025,18,13,3,010101,01,0101,Sierra rural,3,973.6077147579616,2920.8231442738847,32784.44412917084,910.679003588079,424.522359318255,260.89356318230307,0,0,No pobre,23693.262133628537
2025,57,3,2,250101,25,2501,Costa rural,4,1441.7654617664946,5767.061847065978,471719.8987944531,9827.497891551107,437.79922064898875,265.59967769972917,0,0,No pobre,26546.746443759595
2025,112,4,3,010101,01,0101,Costa rural,7,1615.7781293293447,11310.446905305413,2531.595317757007,30.138039497107222,396.9854086651424,259.43940079517586,1,1,Pobre extremo,44853.11956484667
2022,5,15,1,150101,15,1501,Lima Metropolitana,3,814.4659482296343,2443.3978446889028,6257.281768481216,173.81338245781157,451.491282662956,227.89974916595645,1,1,Pobre extremo,56915.813216237424
2025,410,15,3,040101,04,0401,Sierra rural,3,968.6325523518753,2905.897657055626,21898.109620328014,608.2808227868893,448.98827413943565,269.2953635875339,0,0,No pobre,18284.564736825618
2025,414,13,1,150132,15,1501,Sierra rural,2,1941.417806142112,3882.835612284224,19499.355557780964,812.4731482408735,468.71266125116284,251.4525421636934,0,0,No pobre,17376.741865481476
2024,182,9,1,200101,20,2001,Costa urbana,4,161.35293254055537,645.4117301622215,12147.216425962377,253.06700887421619,436.7272964428195,224.89262556400334,1,0,Pobre no extremo,54412.70275792868
2021,13,10,4,130101,13,1301,Sierra urbana,5,737.0617425257373,3685.3087126286864,12864.80303707609,214.41338395126817,437.4313030695637,206.55849748391566,1,0,Pobre no extremo,18943.080194547412
2023,339,12,4,130101,13,1301,Lima Metropolitana,4,1023.8046284434729,4095.2185137738916,49803.80058189873,1037.5791787895569,441.93873559693014,246.693249146721,0,0,No pobre,18799.98780525682
2021,285,14,1,010201,01,0102,Sierra rural,3,102.78348683146145,308.3504604943843,12629.768969190782,350.82691581085504,407.37832613819063,250.99972109622846,1,0,Pobre no extremo,40361.58339410923
2024,259,1,2,200101,20,2001,Costa rural,4,1808.3414919125623,7233.365967650249,16531.386156018092,344.4038782503769,455.8605851278003,208.57213930219228,1,0,Pobre no extremo,37442.49859492687
2023,90,14,2,250101,25,2501,Lima Metropolitana,4,643.8643604031015,2575.457441612406,65993.24991517515,1374.8593732328156,446.2499261262631,238.48154462573805,0,0,No pobre,23290.281582256514
2025,104,14,2,010101,01,0101,Costa rural,2,589.6391810079441,1179.2783620158882,57458.37820289578,2394.099091787324,463.9145625460911,269.09615888376743,0,0,No pobre,104016.7694884993
2024,379,8,3,250101,25,2501,Costa urbana,3,1658.6197711721095,4975.859313516328,17503.950646403136,486.220851288976,456.8586004972604,222.83694717493958,0,0,No pobre,59508.199592456614
2025,186,16,1,210101,21,2101,Lima Metropolitana,3,628.1681341547032,1884.5044024641097,7193.555440839097,199.8209844677527,443.8572230504062,221.13265157030045,1,1,Pobre extremo,273236.1745185162
2022,250,14,4,010101,01,0101,Sierra urbana,7,1349.4829284138425,9446.380498896897,59358.57242794649,706.6496717612678,396.0892150909599,263.2311516265075,0,0,No pobre,28328.30153547934
2024,255,1,3,010101,01,0101,Selva urbana,5,1660.8559734137225,8304.279867068613,11546.518765297971,192.44197942163285,471.914732320883,208.21912312655388,1,1,Pobre extremo,73519.05500664041
2022,76,16,3,010101,01,0101,Lima Metropolitana,5,1605.7060106497077,8028.530053248538,86048.24400913023,1434.1374001521704,416.72121813831484,265.3469252362664,0,0,No pobre,156014.39824003645
2024,386,18,4,150132,15,1501,Sierra rural,6,1585.706401109265,9514.23840665559,39239.67489489539,544.9954846513249,476.4298568516762,254.56409421914427,0,0,No pobre,14867.71227069396
2024,459,7,1,050101,05,0501,Sierra rural,5,268.4113827439462,1342.056913719731,22607.95478484079,376.79924641401317,420.1870802000547,227.3588286253044,1,0,Pobre no extremo,25373.58819287999
2022,108,15,3,150132,15,1501,Costa urbana,6,251.70923838749198,1510.255430324952,39920.05257713355,554.4451746824104,394.5938292683171,205.8483334246506,0,0,No pobre,123779.33931191749
2023,156,17,1,130101,13,1301,Selva rural,2,682.8630679010362,1365.7261358020723,4643.276969172355,193.4698737155148,468.4839747499668,201.34221788776492,1,1,Pobre extremo,71205.48339802057
2021,82,19,1,150132,15,1501,Selva rural,4,168.30097427243376,673.203897089735,101946.892227124,2123.8935880650833,459.5058740128705,226.30818375064467,0,0,No pobre,35494.560336354974
2025,77,13,1,250101,25,2501,Sierra urbana,5,1050.8164993866023,5254.0824969330115,22286.401874419123,371.4400312403187,458.62960561131393,249.3747509133791,1,0,Pobre no extremo,9121.51613884566
2024,485,9,4,150132,15,1501,Costa rural,4,850.0859259134147,3400.343703653659,31265.282386943723,651.3600497279942,388.9410750731118,234.12704494282315,0,0,No pobre,9917.55664752038
2025,470,15,1,050101,05,0501,Costa rural,2,1158.3492338319834,2316.6984676639668,16013.610212426922,667.2337588511217,467.92798330519673,251.7056324967413,0,0,No pobre,23082.295578049227
2022,460,3,3,010201,01,0102,Selva urbana,3,667.6982234724119,2003.0946704172356,23070.565436737303,640.8490399093695,439.6400637162861,246.93995941082767,0,0,No pobre,16271.806802686355
2025,258,1,4,200101,20,2001,Costa rural,3,1022.9326056818114,3068.7978170454344,113345.47954714607,3148.4855429762797,427.0355736272954,240.10350325578565,0,0,No pobre,16656.6916737693
2022,127,16,4,010201,01,0102,Selva rural,3,736.0150551322022,2208.0451653966065,21098.9871666678,586.0829768518834,471.3171621413139,267.72493565073984,0,0,No pobre,5808.57579315385
2025,485,8,3,210101,21,2101,Selva rural,3,470.89537522428634,1412.686125672859,18474.08133149743,513.1689258749286,446.60413524819404,250.9869104047429,0,0,No pobre,9353.120446032148
2021,391,13,4,130101,13,1301,Callao,4,1333.7966941618483,5335.186776647393,49755.16189129984,1036.5658727354132,393.3030823852986,264.0229414427009,0,0,No pobre,15046.687926783543
2021,282,8,3,210101,21,2101,Sierra rural,6,1379.5282128484519,8277.16927709071,35574.14331942112,494.0853238808489,431.95371760567036,216.951239502402,0,0,No pobre,40837.19663874331
2021,474,17,2,210101,21,2101,Selva urbana,5,1675.540216224525,8377.701081122625,108922.46309525041,1815.3743849208402,443.66165888475626,249.95477387440408,0,0,No pobre,25744.463673114456
2021,88,14,3,200101,20,2001,Sierra urbana,5,1762.0283879920771,8810.141939960386,4382.743022414032,73.04571704023387,469.8550697731634,241.84620043906116,1,1,Pobre extremo,38501.73144530898
2021,204,7,4,200101,20,2001,Selva urbana,6,1438.4776182990392,8630.865709794236,17774.940691267424,246.8741762676031,407.98941016749,264.70072677871974,1,1,Pobre extremo,36863.80937128775
2021,16,15,3,050101,05,0501,Lima Metropolitana,3,1406.2463647252728,4218.7390941758185,7462.621331255042,207.2950369793067,459.4233885647415,235.73171123370614,1,1,Pobre extremo,6630.369690159559
2022,151,16,2,050101,05,0501,Sierra urbana,3,207.68376413929775,623.0512924178933,81490.19394171894,2263.616498381082,459.98129038347463,219.5748965320406,0,0,No pobre,105211.34886036294
2024,424,19,1,010201,01,0102,Selva rural,2,308.5805587705259,617.1611175410518,8408.5395795696,350.35581581540004,392.80494848236805,226.93872722649792,1,0,Pobre no extremo,75587.1809475763
2025,254,6,1,050101,05,0501,Costa rural,6,1643.8691497426594,9863.214898455957,36199.48142589644,502.77057535967276,381.7233182755873,215.3180863798383,0,0,No pobre,37901.007529175644
2021,188,1,1,050101,05,0501,Costa urbana,2,542.6073970849,1085.2147941698,8298.24930846546,345.7603878527275,438.14096958984567,215.39810995717306,1,0,Pobre no extremo,21387.57963650719
2022,329,12,4,150101,15,1501,Selva urbana,5,775.5736144124577,3877.8680720622883,17164.07168248904,286.06786137481737,458.9478886290986,232.92951102186626,1,0,Pobre no extremo,141512.18319501184
2022,32,18,2,040101,04,0401,Selva urbana,3,376.06497198416594,1128.194915952498,10984.341693475428,305.12060259653964,435.44308243272974,262.479818470508,1,0,Pobre no extremo,13150.41727259126
2022,271,16,3,010201,01,0102,Sierra rural,6,470.7887402923461,2824.7324417540767,26737.09709074515,371.3485707047937,461.33474851998756,213.43085400028792,1,0,Pobre no extremo,96675.31739235163
2024,485,12,3,200101,20,2001,Callao,3,1573.2927472033919,4719.878241610176,166915.51492603667,4636.542081278796,442.2303140467514,220.15090084868808,0,0,No pobre,15235.389449885208
2025,397,13,3,010201,01,0102,Callao,5,597.5332770795227,2987.6663853976133,7458.330121724789,124.30550202874649,445.32923616723,259.7091689636077,1,1,Pobre extremo,135449.46563599433
2024,5,8,3,200101,20,2001,Callao,3,953.1664359019613,2859.499307705884,9663.736771185899,268.43713253294163,382.81544257625256,223.74793942923608,1,0,Pobre no extremo,57791.30777208427
2023,459,1,4,150132,15,1501,Sierra rural,3,388.17560881255463,1164.5268264376639,46040.7815231201,1278.9105978644473,388.8598202919426,267.36893813928,0,0,No pobre,88887.12243556297
2022,330,7,4,040101,04,0401,Selva rural,4,1388.0668220005873,5552.267288002349,23445.890776710254,488.4560578481303,452.5029617715875,218.82441935244788,0,0,No pobre,44894.58979707893
2023,308,15,2,150101,15,1501,Sierra urbana,7,1483.7124948536048,10385.987463975234,8558.168424284187,101.88295743195461,456.2843282376289,230.95003951890044,1,1,Pobre extremo,56781.32894315252
2021,333,13,3,150101,15,1501,Callao,4,787.2154040075562,3148.861616030225,17607.157757736655,366.81578661951363,434.2177978064326,206.69269574349187,1,0,Pobre no extremo,37467.117495690196
2021,169,13,1,250101,25,2501,Costa urbana,6,1591.018627633226,9546.111765799356,6889.343158504807,95.6853216459001,439.01651274510346,269.4523056709021,1,1,Pobre extremo,13140.73544882845
2024,181,9,4,130101,13,1301,Lima Metropolitana,5,555.8226386520403,2779.113193260201,17306.733333918757,288.44555556531265,441.43658398450776,262.3099431412934,1,0,Pobre no extremo,108461.149564512
2025,366,15,2,200101,20,2001,Sierra rural,5,1414.6173379902966,7073.086689951483,11218.893145354217,186.98155242257027,390.49913188539495,257.22935770132875,1,1,Pobre extremo,27835.372154267345
2023,178,4,2,130101,13,1301,Sierra rural,3,1486.9327046988626,4460.798114096588,35590.52834407958,988.6257873355439,446.790860425093,211.01397293926584,0,0,No pobre,40036.67673287815
2025,143,13,4,150132,15,1501,Costa rural,3,1940.449017798675,5821.347053396024,47993.48407360601,1333.1523353779446,427.84699767620504,267.8550640493539,0,0,No pobre,7430.702408243714
2024,362,12,1,150101,15,1501,Costa rural,2,541.411163854761,1082.822327709522,2468.797803908837,102.86657516286822,440.2522976687279,265.0405899975947,1,1,Pobre extremo,30411.67307094631
2021,248,5,1,150132,15,1501,Selva rural,7,278.04991208123016,1946.3493845686112,29624.4268258311,352.67174792656067,436.31418288105226,230.49700093982634,1,0,Pobre no extremo,54020.66931884239
2025,127,7,3,210101,21,2101,Callao,7,599.7673023505945,4198.371116454162,3385.077892856835,40.29854634353375,456.30002484540387,247.71459207909848,1,1,Pobre extremo,203993.9494340493
2025,263,8,4,040101,04,0401,Selva rural,5,333.4381735060262,1667.190867530131,27056.35033490811,450.93917224846854,411.8568263715981,269.4720899384433,0,0,No pobre,34034.39233501205
2021,40,5,1,250101,25,2501,Sierra rural,3,422.41918613918835,1267.2575584175652,112687.20862656047,3130.20023962668,417.3526245067452,228.68216536497073,0,0,No pobre,25783.33753189298
2023,412,9,4,150132,15,1501,Sierra urbana,3,734.8175725263513,2204.452717579054,19662.631944497443,546.1842206804845,419.16063065245794,207.9131982337858,0,0,No pobre,18788.855617778627
2021,416,14,2,250101,25,2501,Lima Metropolitana,7,886.5824187718016,6206.076931402611,33871.13601965596,403.22780975780904,456.2456099174012,260.7445324373298,1,0,Pobre no extremo,19259.17396033744
2025,355,12,2,040101,04,0401,Callao,2,1817.076028927621,3634.152057855242,52242.35056187977,2176.7646067449905,423.1112621803035,233.35395829097476,0,0,No pobre,216578.63920728437
2023,255,4,2,010201,01,0102,Costa urbana,5,471.66996585004006,2358.3498292502004,53965.64073482871,899.4273455804785,397.70747717000546,269.0878618541488,0,0,No pobre,12522.47968257257
2023,143,8,4,150132,15,1501,Sierra rural,3,1946.3420542503106,5839.026162750932,57010.66934977943,1583.6297041605399,478.3040970417029,238.56250022833652,0,0,No pobre,23995.666763391844
2021,240,17,3,050101,05,0501,Sierra urbana,3,1639.291098802726,4917.873296408178,39801.046132066076,1105.5846147796133,429.3381863964548,202.06343225124417,0,0,No pobre,150765.2970537178
2025,228,8,3,010101,01,0101,Sierra urbana,5,1774.7956407975378,8873.978203987688,13652.253401765343,227.53755669608907,390.9248083156063,234.4208874523066,1,1,Pobre extremo,114998.2110122528
2024,341,1,1,150101,15,1501,Callao,2,1865.9435805064625,3731.887161012925,48049.292524621655,2002.053855192569,447.02749559927025,250.26434905302725,0,0,No pobre,368090.1083054514
2025,198,2,4,150101,15,1501,Sierra rural,3,1531.1582745681294,4593.474823704388,102840.41720837234,2856.6782557881206,453.91623575284837,201.82210197421557,0,0,No pobre,106178.47622746631
2022,65,4,3,150101,15,1501,Callao,7,1598.6816800724162,11190.771760506914,41624.72932784912,495.5324919982038,430.0222838908895,228.94141000537002,0,0,No pobre,46396.74814717466
2024,388,1,4,010201,01,0102,Sierra urbana,4,931.8547635506771,3727.4190542027086,31924.633248088147,665.0965260018364,444.64572182773213,210.88921403161035,0,0,No pobre,67491.82566303578
2023,11,7,3,010101,01,0101,Selva urbana,5,1069.8554458848635,5349.277229424317,5958.766951938168,99.3127825323028,397.267486448273,245.0167774714951,1,1,Pobre extremo,13204.978607826453
2024,108,1,2,040101,04,0401,Callao,5,1871.7223108566052,9358.611554283027,10334.156594141032,172.23594323568386,416.7922385280379,267.01420941446287,1,1,Pobre extremo,32849.086858099145
2023,26,9,2,010201,01,0102,Sierra urbana,2,818.686231950034,1637.372463900068,14088.44487720565,587.0185365502354,396.1828603371616,243.7209433188705,0,0,No pobre,13830.173405130005
2023,445,3,1,150101,15,1501,Sierra rural,3,179.69943882199368,539.098316465981,10008.433552794051,278.0120431331681,418.7235256364808,248.64143944701223,1,0,Pobre no extremo,151747.3836734142
2024,421,12,2,150101,15,1501,Sierra urbana,4,1549.2333324020685,6196.933329608274,23204.201483695124,483.4208642436484,436.28005221869194,227.75940302979265,0,0,No pobre,8361.299400648126
2023,151,19,3,130101,13,1301,Callao,3,1188.9992722632849,3566.9978167898544,11664.298778717888,324.0082994088302,424.25394071819136,239.41986082663414,1,0,Pobre no extremo,28401.114891514368
2023,221,15,1,250101,25,2501,Lima Metropolitana,3,1648.2643284522921,4944.792985356877,58667.35372404749,1629.6487145568747,439.3214840735741,238.07003967801018,0,0,No pobre,12709.974012162314
2022,341,16,1,250101,25,2501,Sierra rural,5,243.54740656082802,1217.7370328041402,18791.035027088168,313.18391711813615,430.1759173368552,253.17244416875607,1,0,Pobre no extremo,99573.04004208453
2025,496,10,2,130101,13,1301,Costa rural,1,1280.3407819040006,1280.3407819040006,9856.585116441225,821.3820930367688,411.7814373401756,259.9838152914207,0,0,No pobre,43043.2141793477
2025,237,6,4,210101,21,2101,Sierra rural,4,570.6411871824401,2282.5647487297606,11725.864890626144,244.28885188804466,394.3415998121012,246.402016099817,1,1,Pobre extremo,35250.77870524403
2022,237,17,2,130101,13,1301,Sierra urbana,1,1816.2103295395198,1816.2103295395198,28611.891946442996,2384.3243288702497,405.2672861421277,268.5866161346832,0,0,No pobre,11142.860204445893
2024,497,17,2,250101,25,2501,Sierra rural,2,308.82888550931676,617.6577710186335,20869.90010383421,869.5791709930921,400.07132518945997,257.98018747671495,0,0,No pobre,151160.93769856982
2021,219,19,1,150101,15,1501,Costa urbana,3,1701.8316181776197,5105.494854532859,27933.78292039723,775.9384144554786,450.742229369071,208.72527242418477,0,0,No pobre,14343.227373821646
2021,487,18,2,050101,05,0501,Sierra rural,5,268.2530787466297,1341.2653937331484,21549.089408061114,359.1514901343519,461.9966844412381,235.52327788703198,1,0,Pobre no extremo,24221.376014895814
2021,424,11,3,250101,25,2501,Sierra rural,2,147.68497544429638,295.36995088859277,126271.68191668676,5261.320079861948,452.03886052994255,263.2265255085639,0,0,No pobre,36160.777684911634
2022,461,7,1,010101,01,0101,Callao,4,546.6129170796524,2186.45166831861,58159.28170914875,1211.6517022739324,444.3734146995158,266.075440811185,0,0,No pobre,62140.735064383865
2022,151,10,2,050101,05,0501,Costa urbana,4,732.7846277606992,2931.138511042797,12405.900705438458,258.45626469663455,410.78513538137696,226.61441569026786,1,0,Pobre no extremo,27221.6490594543
2023,123,7,4,010201,01,0102,Costa urbana,3,1290.4046664425553,3871.213999327666,4669.757943631755,129.71549843421542,451.09855591065116,250.79928430615672,1,1,Pobre extremo,152802.3940866079
2021,144,5,3,250101,25,2501,Costa urbana,4,350.2767349860022,1401.106939944009,19458.245032018625,405.38010483372136,440.50834599891465,228.73818385496648,1,0,Pobre no extremo,38388.107010793734
2024,478,12,4,040101,04,0401,Selva rural,6,930.9268738230425,5585.5612429382545,9668.469904138776,134.28430422414965,384.68933666876256,208.65618055256024,1,1,Pobre extremo,192183.1276891023
2024,189,16,3,150132,15,1501,Selva urbana,4,488.10084399546014,1952.4033759818406,5678.040758655718,118.29251580532745,470.76121183934157,261.9227913445693,1,1,Pobre extremo,14473.39475887098
2021,255,18,4,150132,15,1501,Selva rural,2,1725.0763109394202,3450.1526218788404,47791.254002473965,1991.3022501030819,387.9953841101639,265.23671858986154,0,0,No pobre,61578.057236669876
2021,68,3,2,010101,01,0101,Sierra rural,4,185.43636510747945,741.7454604299178,26653.57869213223,555.2828894194214,430.2707904158839,235.33253718860647,0,0,No pobre,17344.820110421133
2021,104,15,3,200101,20,2001,Selva rural,4,776.28168070819,3105.12672283276,73886.72941822947,1539.3068628797807,431.30691527190646,201.28152015741006,0,0,No pobre,31066.12763990947
2022,336,5,1,150132,15,1501,Callao,1,1299.610751941307,1299.610751941307,25171.615646171565,2097.6346371809636,463.70071887583816,257.1225375487382,0,0,No pobre,9582.299048950825
2022,159,13,1,010101,01,0101,Selva rural,2,1834.8675382986842,3669.7350765973683,22099.00583166586,920.7919096527443,471.30675010423664,233.38722563615536,0,0,No pobre,143602.90511659833
2022,309,19,4,200101,20,2001,Costa urbana,2,1749.1875031184009,3498.3750062368017,8543.256908303409,355.9690378459754,473.9675791509793,205.2519850279098,1,0,Pobre no extremo,143524.5280137763
2025,362,12,4,010201,01,0102,Costa urbana,2,1800.8647990826107,3601.7295981652214,15315.259712275854,638.1358213448273,436.9672133478978,213.25740380100464,0,0,No pobre,123733.49431163442
2024,409,5,4,200101,20,2001,Costa rural,3,219.42125799766598,658.2637739929979,5351.242479557801,148.64562443216113,447.90422302116036,210.64835381613,1,1,Pobre extremo,95003.97022439523
2024,300,6,3,040101,04,0401,Selva rural,4,1697.754196780573,6791.016787122292,68530.87075355022,1427.7264740322962,388.8519862412563,248.03952064237998,0,0,No pobre,565709.4835169999
2023,396,7,1,250101,25,2501,Selva urbana,3,1581.8338992338263,4745.501697701478,8224.255241702174,228.45153449172707,428.7916010844022,220.95866450072347,1,0,Pobre no extremo,44870.27352170117
2022,90,10,2,150132,15,1501,Callao,6,1814.6201336236759,10887.720801742056,32815.3088978188,455.7681791363723,469.78567042422844,208.93833621180102,1,0,Pobre no extremo,196081.71712141507
2025,357,16,3,150101,15,1501,Callao,4,691.9949077902025,2767.97963116081,21546.697698415668,448.88953538365973,425.5697151038061,264.23541783650904,0,0,No pobre,35959.20753198896
2025,256,8,4,130101,13,1301,Callao,6,1832.3537019193968,10994.12221151638,38169.67805103433,530.1344173754768,386.9593935433431,266.9571741311062,0,0,No pobre,66854.2473343908
2024,496,9,1,250101,25,2501,Sierra rural,4,865.0180616642508,3460.0722466570032,27750.611608600142,578.1377418458363,400.06411424164537,209.70031109368807,0,0,No pobre,82740.72966056208
2022,353,4,4,010201,01,0102,Lima Metropolitana,2,1304.78940249902,2609.57880499804,8180.521668351959,340.855069514665,422.95069224354944,216.11650973169122,1,0,Pobre no extremo,5925.653973525696
2023,220,8,2,010201,01,0102,Callao,4,905.9400832932968,3623.760333173187,19941.946135367,415.4572111534792,403.75283049090524,241.44845037244912,0,0,No pobre,32444.767380956375
2022,9,7,2,010101,01,0101,Lima Metropolitana,5,912.5320179797372,4562.660089898686,84128.19672822871,1402.1366121371452,419.22925853417206,210.5355494648932,0,0,No pobre,29090.577670700346
2021,12,15,1,210101,21,2101,Sierra urbana,2,1138.610335710313,2277.220671420626,12825.12375440998,534.3801564337492,413.2961875336059,211.10141850325283,0,0,No pobre,35419.157844300746
2022,325,3,3,200101,20,2001,Selva urbana,2,776.2607482795628,1552.5214965591256,76246.69996442409,3176.9458318510037,411.89290528159523,223.5603229216173,0,0,No pobre,17714.116557394897
2021,438,17,2,200101,20,2001,Selva urbana,3,1606.2002891115478,4818.600867334643,48798.960742498246,1355.526687291618,389.11646097568354,266.4419233007604,0,0,No pobre,42843.03679829712
2021,244,11,2,010101,01,0101,Costa rural,3,1303.9135972889537,3911.7407918668614,30496.511887560566,847.1253302100157,468.27146910865866,267.3709537449388,0,0,No pobre,51890.85213399884
2023,182,9,2,130101,13,1301,Sierra rural,3,1410.5359469239968,4231.607840771991,13830.817166152105,384.18936572644736,449.2706253465413,258.9251774877759,1,0,Pobre no extremo,13298.056416955282
2024,284,5,2,150101,15,1501,Sierra rural,2,538.9661204213509,1077.9322408427017,34379.88268016891,1432.4951116737045,442.3381908469125,248.69990425503354,0,0,No pobre,37704.34105971441
2022,312,10,4,010201,01,0102,Costa urbana,3,1942.1930481146455,5826.579144343937,16995.94335810855,472.1095377252375,440.6469408095407,250.4471356099727,0,0,No pobre,28330.47619767694
2021,99,15,4,250101,25,2501,Costa urbana,4,1354.3345857686343,5417.338343074537,72704.23456205276,1514.6715533760992,419.6502224714659,232.87009901611808,0,0,No pobre,121234.91573243224
2022,197,14,3,130101,13,1301,Selva urbana,3,474.6721426077441,1424.0164278232323,8445.198745466536,234.58885404073712,462.33153088514996,237.11082397088842,1,1,Pobre extremo,64774.46728079175
2024,482,4,1,150101,15,1501,Costa rural,4,1525.9314625949642,6103.725850379857,35496.75169997212,739.5156604160858,473.00399939279384,244.41168620041915,0,0,No pobre,16826.253571500256
2024,366,2,1,210101,21,2101,Sierra rural,4,430.05679609448316,1720.2271843779326,27608.586321994102,575.1788817082105,380.5617248995441,251.19006462462124,0,0,No pobre,96552.85127363168
2025,226,12,1,250101,25,2501,Costa rural,4,220.43130296906594,881.7252118762638,36158.807014399375,753.3084794666537,387.91984768380075,206.77923207573858,0,0,No pobre,34496.517339375525
2024,333,1,2,010101,01,0101,Sierra urbana,3,1102.3514526770853,3307.054358031256,51328.29937023771,1425.7860936177142,447.4975617366279,215.74209067756885,0,0,No pobre,38683.13442000256
2023,103,5,4,250101,25,2501,Lima Metropolitana,4,1151.6955129084597,4606.782051633839,12095.254745688371,251.98447386850773,403.6066722723072,267.40602339118755,1,1,Pobre extremo,14418.498797858714
2021,106,6,4,040101,04,0401,Sierra rural,1,459.0345919900373,459.0345919900373,12085.774154034973,1007.147846169581,471.1704998769882,223.45995858224052,0,0,No pobre,44454.35308825825
2025,365,11,3,210101,21,2101,Costa urbana,3,761.9199941551021,2285.759982465306,32657.55624881455,907.1543402448486,446.7413065116255,218.7931947565742,0,0,No pobre,93405.90635458735
2023,368,8,1,010101,01,0101,Selva urbana,4,1896.9616617895242,7587.846647158097,64098.36413533009,1335.3825861527102,416.8291255158713,229.53379184870263,0,0,No pobre,28549.286398635482
2022,58,7,4,010101,01,0101,Costa rural,2,641.5061409662308,1283.0122819324615,21498.044259130937,895.7518441304557,421.52824027794304,220.36445253032835,0,0,No pobre,176387.74329078573
2021,78,4,3,010101,01,0101,Lima Metropolitana,3,395.57931545420047,1186.7379463626014,98135.42416045177,2725.9840044569937,449.0882505246558,206.38261347862985,0,0,No pobre,89596.01886667084
2024,75,6,1,150132,15,1501,Lima Metropolitana,3,1985.8677214643626,5957.603164393087,20538.225407988826,570.506261333023,394.0964102602143,214.55727923329422,0,0,No pobre,15765.723811121172
2021,42,16,2,130101,13,1301,Callao,2,674.3805191228869,1348.7610382457738,14179.713203208665,590.8213834670277,468.34118802466094,244.81118583076332,0,0,No pobre,47166.21032325917
2022,422,15,4,150101,15,1501,Lima Metropolitana,3,1392.4819789775495,4177.445936932649,40490.77681629216,1124.74380045256,380.4771698430178,215.6227789936913,0,0,No pobre,9166.892897846332
2025,324,14,4,200101,20,2001,Costa urbana,7,539.9643447346061,3779.750413142243,16456.23385029526,195.90754583684833,477.89469533038664,245.33670376863847,1,1,Pobre extremo,13817.998974710988
2025,181,12,1,010201,01,0102,Selva urbana,3,1145.23027427414,3435.6908228224197,16641.777194881186,462.2715887466996,396.7645480363094,207.0056626432429,0,0,No pobre,6372.353745056326
2025,33,12,2,010201,01,0102,Costa urbana,4,833.9357745582695,3335.743098233078,33996.08312609586,708.2517317936637,454.21113586138824,202.9313444714733,0,0,No pobre,7287.676828507918
2024,71,16,2,040101,04,0401,Sierra rural,4,1927.0005962024584,7708.0023848098335,62235.738308454645,1296.5778814261384,383.9924707043161,260.30973778614344,0,0,No pobre,27002.76599354464
2023,56,15,4,040101,04,0401,Costa rural,4,922.3311616459266,3689.3246465837065,35316.474022198076,735.75987546246,423.14288990430924,253.2018336879185,0,0,No pobre,30036.353312131247
2023,105,13,1,040101,04,0401,Sierra urbana,6,1209.9309499452759,7259.585699671656,29657.50738167013,411.90982474541846,443.03136823141375,246.62193779924613,1,0,Pobre no extremo,45578.86364888989
2021,200,11,3,050101,05,0501,Callao,6,1895.0559052102794,11370.335431261676,151937.42486132504,2110.2420119628478,387.0227457593084,202.16294630558056,0,0,No pobre,14816.97841986321
2024,101,17,4,040101,04,0401,Selva rural,5,1979.5451698821146,9897.725849410574,50352.771709492285,839.2128618248714,424.3293528899924,216.75477546076175,0,0,No pobre,83595.79188340424
2025,256,15,2,010201,01,0102,Callao,7,293.1508916094934,2052.0562412664535,19838.075848688753,236.16756962724708,410.31364031102225,256.86200290065824,1,1,Pobre extremo,29327.410930612725
2025,307,14,3,210101,21,2101,Lima Metropolitana,3,1685.209352880539,5055.628058641617,72579.23864352486,2016.089962320135,429.8243611967193,210.12673655409813,0,0,No pobre,49524.150596496984
2022,74,10,1,150101,15,1501,Costa urbana,4,826.0213389557728,3304.085355823091,21686.238129592126,451.79662769983594,430.4576535969148,256.8997407925635,0,0,No pobre,1448.2608494568456
2022,171,12,2,040101,04,0401,Selva rural,6,1230.1745417906643,7381.047250743986,46313.981989952736,643.2497498604547,458.5231605842309,240.89634847964263,0,0,No pobre,36425.18949725497
2025,377,16,3,210101,21,2101,Costa rural,4,812.5913500149665,3250.365400059866,43744.591052040465,911.3456469175097,392.3504528444898,251.82578574578855,0,0,No pobre,79790.08592771487
2025,143,15,4,050101,05,0501,Sierra rural,7,862.1207907441054,6034.845535208738,26967.9143449671,321.0465993448464,388.27196010474665,245.11549549158212,1,0,Pobre no extremo,3728.089910940213
2024,166,10,2,050101,05,0501,Callao,2,401.8293183717119,803.6586367434238,14020.227510983404,584.1761462909752,420.1890233238791,229.18927060586282,0,0,No pobre,37532.82402407038
2023,399,4,1,200101,20,2001,Costa urbana,3,1188.2562710129453,3564.768813038836,26244.221770749376,729.0061602985938,468.75199193765326,220.43841442278472,0,0,No pobre,16496.357828453754
2022,261,9,2,150132,15,1501,Sierra rural,7,1138.760297294977,7971.322081064838,17558.961605908033,209.03525721319087,465.5269519672093,247.0910425013593,1,1,Pobre extremo,169503.35595168098
2023,221,9,4,150132,15,1501,Sierra urbana,3,459.77599822295974,1379.3279946688792,34097.549494872634,947.1541526353509,435.9992909281409,256.4839017263426,0,0,No pobre,10024.97972534224
2024,83,11,1,250101,25,2501,Lima Metropolitana,5,1129.2878157344887,5646.439078672443,39349.41367616286,655.823561269381,468.8773818971107,203.13128453133032,0,0,No pobre,315250.871656752
2025,182,11,4,150132,15,1501,Sierra urbana,1,1948.8935769990635,1948.8935769990635,4566.295129744973,380.52459414541437,460.53435975487116,226.59362536066814,1,0,Pobre no extremo,132226.35656257448
2023,307,7,3,250101,25,2501,Lima Metropolitana,4,1457.3763321222004,5829.505328488802,36457.07077594777,759.5223078322451,407.79394600930493,224.5510848925904,0,0,No pobre,40683.88177928862
2025,10,10,2,130101,13,1301,Selva urbana,6,1013.8668632083686,6083.201179250212,374277.3344785787,5198.296312202482,397.01062804458303,239.16295883209168,0,0,No pobre,8642.303465169734
2025,396,4,4,150132,15,1501,Selva urbana,3,1840.559572604613,5521.678717813839,20230.04253061436,561.9456258503989,410.1156500976706,207.97475394714598,0,0,No pobre,22952.700331463227
2021,4,5,3,050101,05,0501,Selva urbana,1,1193.097277360081,1193.097277360081,65514.6993033772,5459.558275281433,402.71178784388144,265.33935870974955,0,0,No pobre,72128.09583408538
2023,351,5,1,200101,20,2001,Sierra rural,1,356.5911975828264,356.5911975828264,52458.23878390873,4371.519898659061,442.2718792658697,238.39571879036757,0,0,No pobre,40550.045347105726
2023,402,11,1,210101,21,2101,Selva urbana,6,1140.2683308436672,6841.609985062003,6136.064310987876,85.22311543038717,438.489911277465,264.66269629986454,1,1,Pobre extremo,12106.617053122292
2025,336,9,3,040101,04,0401,Costa rural,5,443.8489191951488,2219.2445959757442,42105.49620749531,701.7582701249218,439.84373834527815,257.18586464231555,0,0,No pobre,109921.55163772753
2024,488,16,3,150132,15,1501,Selva rural,2,1558.259193620581,3116.518387241162,12625.034558791709,526.0431066163212,398.9303536491449,213.4147203620627,0,0,No pobre,32990.0541678349
2021,292,9,1,250101,25,2501,Selva rural,2,1937.6310071599457,3875.2620143198915,22521.747082236536,938.4061284265223,459.1862725276439,209.263730860507,0,0,No pobre,48180.44673885744
2025,281,4,4,210101,21,2101,Sierra rural,5,785.5553106323275,3927.776553161638,7234.6351091731685,120.57725181955281,423.36260835426316,260.28751680006496,1,1,Pobre extremo,98202.8344900293
2022,215,2,3,010101,01,0101,Sierra rural,5,926.3439722378696,4631.719861189348,40056.70693042279,667.6117821737132,427.2451920366533,237.52701558089532,0,0,No pobre,87750.02788933393
2022,460,14,4,010201,01,0102,Selva urbana,2,900.8432869933971,1801.6865739867942,19792.73521521717,824.6973006340487,479.69618462112396,201.38199235285288,0,0,No pobre,106938.69720545616
2021,98,3,1,150132,15,1501,Lima Metropolitana,3,642.0699540102755,1926.2098620308266,90288.21948290493,2508.006096747359,408.2271785962748,265.3958723907552,0,0,No pobre,73029.85499262183
2024,420,18,4,010201,01,0102,Selva rural,5,1608.941933269399,8044.709666346995,7913.8502032473125,131.8975033874552,419.4138004107711,233.11198795751451,1,1,Pobre extremo,18589.559261770595
2025,101,6,4,150132,15,1501,Callao,4,1273.6838322192923,5094.735328877169,60951.07278445342,1269.8140163427795,447.6463207904087,221.0655411226677,0,0,No pobre,34811.31976661036
2023,451,11,3,010101,01,0101,Selva rural,7,221.69795802746327,1551.8857061922429,39309.268669993544,467.9674841665898,468.04130201902416,236.16185098194532,1,0,Pobre no extremo,140023.8530903642
2021,9,18,4,040101,04,0401,Selva urbana,4,1693.7320365439575,6774.92814617583,12425.43624463478,258.8632550965579,392.6781006684031,257.6042873303909,1,0,Pobre no extremo,9424.564322390836
2024,61,12,4,130101,13,1301,Sierra rural,4,455.46763919109384,1821.8705567643754,6693.979299021763,139.4579020629534,453.5045806427164,207.7204914525053,1,1,Pobre extremo,11754.36792868572
2023,309,5,4,150101,15,1501,Sierra urbana,4,1960.38720724733,7841.54882898932,20724.608162756842,431.7626700574342,471.82805259955506,225.12530322662727,1,0,Pobre no extremo,62394.211388687385
2022,146,9,1,210101,21,2101,Lima Metropolitana,6,815.6599641048749,4893.959784629249,33289.22696286199,462.35037448419433,422.2924613426869,222.3206671271891,0,0,No pobre,33182.25697489309
2022,427,18,1,210101,21,2101,Callao,3,1271.2543295856153,3813.762988756846,10311.170703261643,286.4214084239345,408.67269229335176,258.77546640197033,1,0,Pobre no extremo,6799.339349019977
2023,419,19,2,040101,04,0401,Sierra urbana,3,247.86487590245775,743.5946277073733,11451.63429280955,318.100952578043,447.77371467749373,254.49270931840485,1,0,Pobre no extremo,73054.4778298509
2021,63,3,1,200101,20,2001,Selva urbana,3,754.8602219078776,2264.580665723633,65605.07737210859,1822.3632603363496,404.60736512382914,228.00728242038525,0,0,No pobre,57120.66825308289
2022,121,9,1,050101,05,0501,Sierra urbana,6,1624.4725189854846,9746.835113912908,13315.223849469037,184.93366457595886,418.4289746547286,246.5141816765192,1,1,Pobre extremo,506033.13126452756
2025,226,4,2,150132,15,1501,Costa rural,4,1006.696134711191,4026.784538844764,45338.799914897914,944.5583315603732,469.6913374089803,227.61118376063473,0,0,No pobre,44079.956921802295
2023,105,17,2,150101,15,1501,Costa rural,3,1818.7466187336433,5456.23985620093,80577.23540127638,2238.256538924344,439.0332552591377,239.99196868213636,0,0,No pobre,302559.95393105585
2023,462,17,3,200101,20,2001,Costa rural,4,1192.7630379965335,4771.052151986134,13045.115733544746,271.77324444884886,389.49772665998444,269.38507062375834,1,0,Pobre no extremo,97111.1534832998
2022,260,2,3,150101,15,1501,Sierra rural,2,1864.2871712519207,3728.5743425038413,8737.933760514663,364.08057335477764,412.9697531446371,237.49021270649024,1,0,Pobre no extremo,5530.61976564069
2021,349,9,1,050101,05,0501,Sierra rural,1,1966.9588233238567,1966.9588233238567,58970.85833836451,4914.238194863709,442.7265165117376,269.20023129813546,0,0,No pobre,37443.465337811824
2025,425,9,4,010201,01,0102,Sierra rural,3,962.3996630847244,2887.1989892541733,20559.156112684308,571.0876697967864,428.14976371546777,252.30393743853205,0,0,No pobre,34056.16849740866
2021,255,5,3,150132,15,1501,Sierra rural,4,1173.7974878978353,4695.189951591341,18125.6183070196,377.6170480629083,446.03393167515907,208.45056031841978,1,0,Pobre no extremo,33221.35573058118
2024,429,15,3,050101,05,0501,Sierra rural,5,1686.3492221774127,8431.746110887063,97321.57213637889,1622.0262022729814,456.14414176803405,255.71763180202427,0,0,No pobre,15302.169451469921
2024,434,15,1,210101,21,2101,Selva urbana,5,520.9127105180447,2604.5635525902235,21140.33753183033,352.33895886383885,428.0615120204708,211.28999490288706,1,0,Pobre no extremo,80975.13939983684
2022,207,3,4,210101,21,2101,Callao,6,1737.0961901841083,10422.57714110465,34540.48914369524,479.72901588465606,478.69516863019385,237.26300258706289,0,0,No pobre,25740.009822299668
2022,28,19,2,150132,15,1501,Sierra urbana,3,1224.6482667168123,3673.944800150437,6308.577569440797,175.2382658177999,471.46738756739006,242.92716641259332,1,1,Pobre extremo,117697.81080172095
2022,170,3,2,130101,13,1301,Selva urbana,5,1478.4502572305983,7392.251286152991,25116.581075285096,418.6096845880849,385.99074060686564,262.4561318653552,0,0,No pobre,101614.79487264679
2024,336,6,1,040101,04,0401,Callao,2,251.7226430605459,503.4452861210918,12171.447352400386,507.1436396833494,406.64311377502185,214.72969471799803,0,0,No pobre,28600.924488366192
2021,76,4,1,040101,04,0401,Sierra urbana,2,1555.756598561467,3111.513197122934,17047.0499055564,710.29374606485,410.0543512309784,261.3159450654704,0,0,No pobre,19799.567088729087
2021,116,13,4,210101,21,2101,Selva urbana,2,690.495118689951,1380.990237379902,16166.96386090201,673.6234942042504,398.4290356670011,265.4145643170811,0,0,No pobre,20777.53705657547
2022,69,13,1,210101,21,2101,Costa rural,3,1629.9413260146998,4889.8239780441,86790.3677824379,2410.843549512164,411.201650305048,206.26411458816978,0,0,No pobre,37307.59876770885
2025,354,11,1,050101,05,0501,Costa urbana,3,1067.389822775143,3202.169468325429,14811.820426904093,411.4394563028915,422.48206329354605,261.96995826084157,1,0,Pobre no extremo,50121.32007691655
2021,234,5,1,010101,01,0101,Sierra rural,3,621.767236149703,1865.301708449109,16625.76502227335,461.82680617425973,385.1550978992458,218.14260340254228,0,0,No pobre,23199.516211801318
2024,1,1,4,250101,25,2501,Costa urbana,4,1910.2434243411428,7640.973697364571,107052.29275303778,2230.2560990216202,392.7300236132414,205.67006645674962,0,0,No pobre,23981.249994597132
2023,167,9,1,130101,13,1301,Costa urbana,3,1553.6185556518485,4660.8556669555455,19513.318565449674,542.0366268180464,389.6245878793484,267.1002049142827,0,0,No pobre,48301.2638401683
2023,352,17,3,200101,20,2001,Costa rural,4,1972.8035403599292,7891.214161439717,15391.880943796656,320.664186329097,384.63169391466505,227.45424410747137,1,0,Pobre no extremo,102038.64100003656
2023,218,1,4,250101,25,2501,Costa urbana,3,792.4928069831872,2377.4784209495615,72406.03617480726,2011.278782633535,428.14970203016185,243.6088453595879,0,0,No pobre,46316.719330645654
2025,273,3,3,050101,05,0501,Costa urbana,2,1333.5173037291136,2667.034607458227,27292.133544002467,1137.1722310001028,413.3803083226145,238.70111838567206,0,0,No pobre,35316.8447597097
2022,368,15,4,250101,25,2501,Costa rural,2,1262.0184879410808,2524.0369758821616,29113.93188256357,1213.0804951068155,473.54472296497113,214.92273472618828,0,0,No pobre,46034.09409837837
2024,251,10,3,250101,25,2501,Callao,3,1406.3578080307257,4219.073424092177,35206.830792744266,977.9675220206741,390.2760535441738,246.86960097169455,0,0,No pobre,6027.582809600072
2025,347,8,4,050101,05,0501,Sierra urbana,2,172.80147547852857,345.60295095705715,89828.00542335684,3742.833559306535,472.60353357356723,203.22804923050856,0,0,No pobre,28802.557725608665
2024,344,12,2,210101,21,2101,Selva urbana,4,654.2667153670108,2617.066861468043,10608.804027546186,221.01675057387888,388.6545617399459,214.21664484183952,1,0,Pobre no extremo,10335.51788686417
2024,419,15,1,210101,21,2101,Selva rural,5,1827.7413902025337,9138.706951012668,75356.12297976142,1255.9353829960237,441.9217346604435,266.12646256537613,0,0,No pobre,21052.5662026093
2022,174,9,1,150132,15,1501,Costa urbana,3,905.258104257231,2715.774312771693,7013.932453515884,194.8314570421079,404.77303373763203,266.74552672135366,1,1,Pobre extremo,14546.820960607725
2023,170,10,4,250101,25,2501,Callao,3,1925.2229902549398,5775.668970764819,12915.287888897941,358.7579969138317,462.68056464938746,233.78586342694175,1,0,Pobre no extremo,14350.663502264773
2022,246,9,3,200101,20,2001,Sierra rural,5,505.65602802545396,2528.28014012727,12004.447622435559,200.07412704059263,386.147482703997,211.8350217239645,1,1,Pobre extremo,13560.67394691985
2025,423,15,2,050101,05,0501,Costa rural,3,1995.1055496140698,5985.316648842209,23695.96518440378,658.2212551223272,475.2508155769625,229.51340427244673,0,0,No pobre,371512.89496631344
2025,90,1,3,200101,20,2001,Lima Metropolitana,2,1425.4037270231113,2850.8074540462226,13695.166408562092,570.6319336900872,384.72572003329003,261.3949583304329,0,0,No pobre,34321.72514875721
2025,49,2,1,150101,15,1501,Lima Metropolitana,4,1575.147505726327,6300.590022905308,84448.63161554321,1759.3464919904836,404.1113268301334,204.9191838105229,0,0,No pobre,121103.6893089659
2022,446,19,1,040101,04,0401,Costa urbana,4,854.036227184818,3416.144908739272,42962.455548552134,895.0511572615028,426.418472606739,208.95080040144595,0,0,No pobre,77703.43470737779
2024,294,14,3,150132,15,1501,Selva rural,4,1823.3154303951794,7293.261721580718,26551.504494787514,553.1563436414066,455.60578865662154,262.69569920992427,0,0,No pobre,72291.04906054998
2024,407,8,4,040101,04,0401,Sierra urbana,5,1136.3795118213818,5681.897559106909,12205.451972306408,203.42419953844012,475.1112717543369,229.07683804849216,1,1,Pobre extremo,62553.71521796644
2021,150,6,4,150132,15,1501,Callao,2,1393.7829224268066,2787.5658448536133,94961.11655870525,3956.7131899460524,422.8042431294376,205.84210235996633,0,0,No pobre,292426.22517837654
2025,132,12,3,130101,13,1301,Sierra urbana,3,280.1357155389434,840.4071466168301,29393.317621999682,816.4810450555467,455.73100938178726,209.74463540217872,0,0,No pobre,55688.14483619941
2024,433,15,1,050101,05,0501,Selva rural,3,1300.1933316964976,3900.5799950894925,21467.485560199246,596.3190433388679,452.7162554445239,261.77137245725555,0,0,No pobre,6121.595694521529
2021,59,14,3,040101,04,0401,Sierra rural,5,1770.2500776980976,8851.250388490487,23802.390649177458,396.70651081962427,437.11688952909066,234.30723601371582,1,0,Pobre no extremo,30509.729592139993
2024,457,1,1,200101,20,2001,Costa urbana,6,438.73813361037736,2632.428801662264,22033.01548200943,306.01410391679764,449.09191761008196,211.4096015502871,1,0,Pobre no extremo,12755.458997949449
2025,324,11,3,050101,05,0501,Sierra rural,3,1501.6792758062074,4505.037827418622,57612.82055676909,1600.3561265769192,383.8066683066178,262.5841828449681,0,0,No pobre,8955.267260608056
2023,199,3,4,200101,20,2001,Sierra urbana,2,148.26144208984365,296.5228841796873,74407.94454492992,3100.3310227054135,424.15774008975137,259.169522242513,0,0,No pobre,55918.441321915925
2025,215,19,2,250101,25,2501,Lima Metropolitana,3,1859.785731468786,5579.357194406358,11691.887678328601,324.77465773135003,458.58606940600305,201.61163455518127,1,0,Pobre no extremo,4562.806332123269
2022,386,18,1,040101,04,0401,Sierra urbana,2,1967.5425204592539,3935.0850409185077,14957.125540194053,623.2135641747522,427.4221145002731,240.66930754246303,0,0,No pobre,40483.31033751309
2024,49,2,2,250101,25,2501,Selva urbana,3,772.9421269163794,2318.826380749138,15643.800607465753,434.5500168740487,467.3504584226948,217.10356552664953,1,0,Pobre no extremo,6991.557385896627
2024,472,7,4,210101,21,2101,Sierra urbana,4,303.44031445913623,1213.761257836545,35877.927171815805,747.456816079496,463.363787656471,237.3195068386395,0,0,No pobre,30471.983292199136
2022,232,8,3,150101,15,1501,Costa rural,7,1351.2950995099754,9459.065696569829,66055.81622133075,786.3787645396518,466.3446030172366,219.54878325437315,0,0,No pobre,78948.71743476494
2022,247,19,4,130101,13,1301,Selva urbana,3,156.68557688021022,470.0567306406307,7818.633319014375,217.18425886151041,392.9996685628199,222.11133966243798,1,1,Pobre extremo,18901.50656669681
2023,382,15,2,130101,13,1301,Sierra rural,3,1016.7239344646548,3050.171803393964,10490.90579621642,291.4140498949006,404.41411245660703,242.12967727028064,1,0,Pobre no extremo,11129.660322251259
2024,479,10,4,040101,04,0401,Sierra urbana,2,616.3804327619844,1232.7608655239687,19747.108480583738,822.7961866909891,382.95972732121305,237.7201424437409,0,0,No pobre,25833.563758144574
2024,239,1,4,010201,01,0102,Selva rural,2,999.3442025104661,1998.6884050209321,43494.17108806641,1812.2571286694338,478.2800726863055,227.6634678446565,0,0,No pobre,67460.15664176353
2023,415,6,3,150101,15,1501,Costa rural,2,134.72347800287827,269.44695600575653,11534.812432325449,480.617184680227,403.6138139416762,207.5297580280311,0,0,No pobre,49188.757267847446
2021,367,13,2,010101,01,0101,Selva urbana,5,198.0631478343423,990.3157391717115,19006.608052684936,316.77680087808227,416.70933344822424,267.8596729005731,1,0,Pobre no extremo,33804.45936498109
2023,168,14,2,150132,15,1501,Costa rural,2,130.35407480242642,260.70814960485285,14054.180616199752,585.590859008323,407.49264472284364,212.22238853290358,0,0,No pobre,15730.432743785223
2025,48,3,2,130101,13,1301,Selva urbana,7,1276.3505530895166,8934.453871626616,53197.40485221622,633.3024387168598,383.9793622845417,244.3182071469473,0,0,No pobre,24174.371822684563
2024,51,11,1,050101,05,0501,Selva urbana,4,1164.176543582896,4656.706174331584,24377.44439543676,507.8634249049325,406.12580096101084,205.79213338928452,0,0,No pobre,72379.43107078399
2022,299,3,4,210101,21,2101,Selva urbana,4,543.0001972195485,2172.000788878194,13963.02610850917,290.8963772606077,389.81956662077073,248.1818982781933,1,0,Pobre no extremo,31770.064101141932
2025,98,19,2,250101,25,2501,Callao,3,1328.6219449176406,3985.8658347529217,9332.852376609946,259.24589935027626,419.4283086384585,206.63878483687319,1,0,Pobre no extremo,46259.96224528654
2024,439,10,4,010101,01,0101,Callao,4,1779.9937881004525,7119.97515240181,18836.611669235397,392.42940977573744,476.6824118336776,216.06558390541872,1,0,Pobre no extremo,25332.199127511914
2023,216,15,3,050101,05,0501,Selva rural,4,626.911991949616,2507.647967798464,21214.4980114642,441.9687085721708,449.8262372063818,245.28896395646265,1,0,Pobre no extremo,11729.356454155652
2025,177,11,3,040101,04,0401,Sierra rural,3,1680.7882349700762,5042.364704910229,57675.17303094,1602.0881397483333,450.69007898078814,219.80546343610473,0,0,No pobre,269031.3798586102
2024,380,15,1,150101,15,1501,Selva urbana,3,1358.767358404145,4076.302075212435,67262.42229550148,1868.4006193194857,425.31759332912554,237.29955706035463,0,0,No pobre,79551.25027418727
2021,474,13,1,130101,13,1301,Selva urbana,6,164.258842028668,985.5530521720079,9276.420080094202,128.83916777908613,461.13040106894476,208.71537753361866,1,1,Pobre extremo,47920.654622906186
2021,80,5,3,150132,15,1501,Callao,3,812.7848020759255,2438.3544062277765,65258.63296919573,1812.7398046998815,470.8284166917559,214.16803774863422,0,0,No pobre,30810.407826461298
2022,185,4,2,010101,01,0101,Costa rural,3,1064.7387101321326,3194.2161303963976,51089.1950946654,1419.14430818515,476.15500060838207,251.36431357782314,0,0,No pobre,150495.51368272046
2024,367,13,3,130101,13,1301,Selva urbana,3,1490.2284609139706,4470.685382741912,16681.754835598535,463.38207876662597,389.8990222746419,202.4597202197563,0,0,No pobre,16374.88666120634
2021,461,9,4,010201,01,0102,Sierra rural,2,645.5480606814922,1291.0961213629844,53217.53988283983,2217.3974951183263,467.96440086464776,207.82601468999363,0,0,No pobre,70955.72260310779
2023,399,17,1,010201,01,0102,Lima Metropolitana,2,1967.1871992300714,3934.374398460143,13188.13843911287,549.5057682963696,402.5082883575861,215.04692130274478,0,0,No pobre,37714.4346437452
2024,27,2,1,010201,01,0102,Selva rural,2,1400.625506959663,2801.251013919326,38757.658792368544,1614.9024496820227,419.7266901990834,201.41333913729966,0,0,No pobre,27930.91978211711
2023,452,5,3,210101,21,2101,Selva rural,4,808.3459866122851,3233.3839464491402,238638.95044798753,4971.64480099974,414.54771947120264,206.67650889543296,0,0,No pobre,27516.577910766406
2023,464,16,2,250101,25,2501,Costa rural,3,284.34757424651286,853.0427227395386,33106.79920774447,919.6333113262353,447.5130040086795,219.69740343453608,0,0,No pobre,134031.90759099025
2021,448,7,2,040101,04,0401,Lima Metropolitana,5,444.59874451453885,2222.9937225726944,19779.37833191759,329.65630553195984,439.79245402337915,206.50422161081997,1,0,Pobre no extremo,5590.085498955251
2024,478,1,4,050101,05,0501,Selva urbana,5,1026.4547441047976,5132.273720523988,8246.789202775568,137.44648671292614,390.9104874768036,260.62836010209065,1,1,Pobre extremo,191985.08603349363
2025,492,12,1,130101,13,1301,Costa rural,2,1039.9211744208967,2079.8423488417934,28966.735060962637,1206.9472942067766,458.2822629514517,204.62516533578085,0,0,No pobre,101094.66720249383
2021,414,11,3,050101,05,0501,Callao,4,1558.6656531605715,6234.662612642286,66046.41508547406,1375.9669809473762,423.96454018014964,260.26885894247675,0,0,No pobre,37699.18789003306
2021,420,12,3,050101,05,0501,Selva rural,5,1479.7355885872798,7398.6779429364,14208.193133302138,236.80321888836897,380.2221843329647,257.6002060242186,1,1,Pobre extremo,28650.158157304373
2024,195,19,1,130101,13,1301,Sierra rural,4,482.41877318385286,1929.6750927354115,43776.605127804585,912.0126068292622,421.45032668608314,207.0533116194371,0,0,No pobre,35935.37036388879
2024,214,12,3,250101,25,2501,Costa rural,4,1230.4175790607035,4921.670316242814,21226.676910888276,442.2224356435058,431.6331575747191,201.76339199903381,0,0,No pobre,58960.19641477896
2023,369,12,1,210101,21,2101,Sierra rural,5,139.18142141148783,695.9071070574391,18795.69227923327,313.2615379872212,386.88746852082295,203.49944104267198,1,0,Pobre no extremo,124793.37098156576
2024,342,14,2,210101,21,2101,Callao,2,857.2400588302334,1714.4801176604667,41787.78018166702,1741.157507569459,395.11352594162014,241.326464520163,0,0,No pobre,58917.68349793199
2023,114,2,2,150101,15,1501,Callao,5,1551.7999570860509,7758.999785430255,4895.796398278648,81.59660663797746,479.35721714908607,246.92475371420022,1,1,Pobre extremo,47952.24277267686
2021,242,2,3,040101,04,0401,Lima Metropolitana,3,859.0663272456163,2577.198981736849,22647.057855721385,629.0849404367051,467.1195402022486,243.4457373872362,0,0,No pobre,37289.53957384051
2022,124,4,2,150101,15,1501,Lima Metropolitana,4,1687.6328556227058,6750.531422490823,65404.83496353018,1362.6007284068787,393.3327419346648,237.90337963943287,0,0,No pobre,5749.052549401487
2025,305,16,2,250101,25,2501,Sierra urbana,3,1954.695051238035,5864.085153714104,22780.862695989814,632.8017415552727,438.03093996962565,212.22788634406425,0,0,No pobre,6904.904132594263
2021,76,10,4,050101,05,0501,Selva urbana,5,1253.7039451287949,6268.519725643974,27073.52010859464,451.22533514324397,417.9243297217343,258.866772624469,0,0,No pobre,109136.11259190453
2024,311,13,1,040101,04,0401,Sierra rural,4,375.50774504933753,1502.0309801973501,23874.144317968574,497.3780066243453,434.374040869992,222.9288455452174,0,0,No pobre,58241.33184788545
2025,469,2,1,150101,15,1501,Selva urbana,4,821.3866950202804,3285.5467800811216,150445.57993001485,3134.282915208643,427.0535193567387,269.03247372790196,0,0,No pobre,83066.24385663438
2022,312,3,3,150101,15,1501,Lima Metropolitana,5,118.01837462991281,590.0918731495641,38038.726706271766,633.9787784378627,384.81489250256845,226.94004585259333,0,0,No pobre,81553.80167820005
2022,196,19,1,010201,01,0102,Sierra rural,6,1245.17925529743,7471.07553178458,8531.738324787522,118.49636562204893,411.5420310990783,218.41033907820557,1,1,Pobre extremo,67041.90557774893
2023,351,6,4,210101,21,2101,Costa urbana,5,1660.9801518502165,8304.900759251082,12340.493694812076,205.6748949135346,392.55205820281265,262.5975569647216,1,1,Pobre extremo,86579.78540422635
2025,44,19,3,200101,20,2001,Lima Metropolitana,2,1296.8861499537816,2593.772299907563,29276.91198761501,1219.8713328172921,428.8968092290748,239.71899142337233,0,0,No pobre,15434.44399862348
2023,415,19,3,150101,15,1501,Costa urbana,6,1593.5638354485548,9561.383012691329,83455.90389897066,1159.1097763745925,470.7316719979543,250.52953081223177,0,0,No pobre,63979.685868622815
2021,186,8,1,010101,01,0101,Costa urbana,4,1619.8174618241846,6479.269847296739,48776.391818650736,1016.1748295552237,479.5532772569544,228.58791483290713,0,0,No pobre,57118.27801451247
2025,343,14,2,010201,01,0102,Lima Metropolitana,4,1716.923894813181,6867.695579252724,65718.56436508059,1369.1367576058456,474.42530684824715,262.0840854160513,0,0,No pobre,136353.14287674584
2021,246,10,2,050101,05,0501,Sierra rural,6,606.661187695353,3639.967126172118,9732.379961014653,135.1719439029813,478.569712497481,264.2407649089029,1,1,Pobre extremo,973.0718293265942
2023,437,3,2,150132,15,1501,Selva rural,3,1755.4101933588015,5266.230580076404,47462.79135831903,1318.4108710644175,381.5246315780355,230.57382517818402,0,0,No pobre,396290.40721696353
2025,84,6,2,210101,21,2101,Selva rural,3,1342.7785970806328,4028.3357912418987,13849.347151362568,384.7040875378491,452.9446978444028,216.85066847581322,1,0,Pobre no extremo,84753.37656817591
2023,207,15,4,250101,25,2501,Selva urbana,4,650.4785575295252,2601.914230118101,24148.75239380711,503.09900820431477,407.2948810176536,245.33699691034417,0,0,No pobre,46922.068131065666
2025,151,18,3,130101,13,1301,Costa urbana,5,1975.859958492896,9879.29979246448,57819.6713997839,963.6611899963984,466.5617978269137,266.8209033674361,0,0,No pobre,14007.237912362263
2023,156,14,2,250101,25,2501,Selva urbana,3,1905.3465480901712,5716.039644270513,16126.800037398581,447.96666770551616,461.37334906240426,243.57125217010588,1,0,Pobre no extremo,27128.40164493278
2022,16,19,4,010201,01,0102,Sierra rural,4,1191.4378680921589,4765.751472368635,7359.478007018742,153.32245847955713,422.3674575882954,266.79557068854155,1,1,Pobre extremo,51372.84956514713
2023,165,10,3,010101,01,0101,Selva urbana,4,1702.0959189591706,6808.383675836682,19316.594892399502,402.429060258323,427.32606751031574,224.066557548083,1,0,Pobre no extremo,192994.02728230137
2022,405,15,1,250101,25,2501,Selva urbana,4,596.8395285677562,2387.358114271025,30000.022967468893,625.0004784889353,406.5091668992539,264.0555349559913,0,0,No pobre,166988.46288626763
2023,463,4,1,010101,01,0101,Costa urbana,5,890.470293560691,4452.351467803454,49742.88563834049,829.0480939723416,408.8804036220302,207.8796782691616,0,0,No pobre,67420.31790947772
2025,145,2,4,130101,13,1301,Lima Metropolitana,2,449.54634541328403,899.0926908265681,12086.164372052399,503.59018216884994,478.11744233604844,225.11840932563774,0,0,No pobre,75411.08120601141
2025,498,3,3,150132,15,1501,Selva rural,4,1088.1950209955712,4352.780083982285,16338.954130451619,340.3948777177421,468.88528886701744,234.61298641433808,1,0,Pobre no extremo,44304.75707598417
2025,37,7,2,210101,21,2101,Costa rural,5,1042.402717136164,5212.01358568082,32653.234363548167,544.2205727258028,399.18689721149747,245.71772367766044,0,0,No pobre,13148.823110503494
2024,333,16,3,210101,21,2101,Sierra urbana,3,504.3451293269761,1513.0353879809284,43969.032335821576,1221.362009328377,407.5524677864933,220.58974714641084,0,0,No pobre,16602.491789380136
2021,403,10,2,200101,20,2001,Sierra rural,3,1378.3232180605853,4134.969654181756,32292.997721887958,897.0277144968877,390.864799306226,264.696751030361,0,0,No pobre,95282.54953764896
2025,414,19,4,010101,01,0101,Sierra rural,1,323.80156149828383,323.80156149828383,23579.133173623053,1964.9277644685878,478.88707829796914,263.2447346435912,0,0,No pobre,73620.94314393109
2022,45,17,2,130101,13,1301,Sierra rural,5,217.21375703245127,1086.0687851622563,13827.658387129739,230.46097311882897,470.7209850530548,255.95356290758937,1,1,Pobre extremo,19607.089249632943
2025,402,19,4,150101,15,1501,Sierra urbana,3,831.3194404585336,2493.9583213756005,59779.66615362451,1660.5462820451253,435.20979869873975,208.00537674942126,0,0,No pobre,17046.424276697708
2024,206,5,3,150101,15,1501,Costa rural,3,878.6670777909394,2636.001233372818,80192.5993487021,2227.572204130614,449.2893103947126,205.48036657967992,0,0,No pobre,69352.14144235027
2022,62,13,3,050101,05,0501,Selva rural,3,707.5071524003238,2122.5214572009713,15898.75412538198,441.6320590383883,454.79469395906546,234.86920185835393,1,0,Pobre no extremo,26874.66188949843
2024,420,13,2,010101,01,0101,Selva urbana,4,590.0986113986758,2360.394445594703,17554.063749478173,365.70966144746194,400.38112274602247,253.57406289871417,1,0,Pobre no extremo,16479.687674420573
2022,356,11,3,040101,04,0401,Selva rural,5,743.6750555181077,3718.3752775905386,49776.63992279065,829.6106653798441,473.46663373311577,208.6265125037883,0,0,No pobre,51120.20316034707
2023,468,11,2,250101,25,2501,Callao,5,410.4135905089957,2052.0679525449787,31274.454940107065,521.2409156684511,432.6742713721617,244.9006226855213,0,0,No pobre,71415.01853882094
2021,308,16,3,050101,05,0501,Sierra rural,3,866.559691352467,2599.679074057401,45420.07632862009,1261.6687869061136,389.2451537500427,236.9498773771615,0,0,No pobre,12058.589545771558
2021,19,15,1,050101,05,0501,Selva urbana,4,1818.746409683143,7274.985638732572,34334.798494028975,715.308301958937,419.70826078336694,250.81925938140606,0,0,No pobre,25883.414795192435
2024,365,17,2,050101,05,0501,Costa urbana,5,526.4110742967927,2632.0553714839634,37863.60669283348,631.0601115472247,440.1646556176567,230.47626583163876,0,0,No pobre,75451.68600938498
2021,300,18,4,130101,13,1301,Selva rural,3,1400.4570982656658,4201.371294796997,18648.353282600365,518.0098134055656,415.2823191466703,248.53076180540063,0,0,No pobre,175337.69684625245
2024,7,19,1,210101,21,2101,Costa urbana,2,369.3905697558948,738.7811395117895,4455.153250211807,185.63138542549197,449.9204427751831,211.17260700388448,1,1,Pobre extremo,48642.42517673626
2024,249,4,4,050101,05,0501,Costa urbana,6,772.4225856194385,4634.535513716631,32016.092849641103,444.6679562450153,468.2049980407955,215.02159912621403,1,0,Pobre no extremo,21817.79904408935
2024,428,5,3,210101,21,2101,Lima Metropolitana,4,710.2320830359869,2840.9283321439475,50057.72184030057,1042.8692050062618,457.1892124382132,263.2333844669803,0,0,No pobre,15838.82434690271
2021,117,7,1,210101,21,2101,Selva rural,4,1880.3558493758228,7521.423397503291,34795.554252311355,724.9073802564866,444.2658020097304,223.05625527082194,0,0,No pobre,36243.86860874696
2024,68,2,3,010101,01,0101,Sierra rural,2,913.165906023437,1826.331812046874,13747.242646345445,572.8017769310602,431.2157481411665,268.98540703855855,0,0,No pobre,34951.9182558126
2021,34,1,2,130101,13,1301,Sierra urbana,5,1411.8852931846295,7059.426465923148,15979.77869002159,266.3296448336932,405.44634857879134,203.23432183550653,1,0,Pobre no extremo,4194.95557054582
2024,194,12,4,210101,21,2101,Sierra rural,4,1244.6793370455257,4978.717348182103,245581.47321880938,5116.280692058529,425.4946164997433,234.7113070467035,0,0,No pobre,6658.690726605426
2025,325,10,3,050101,05,0501,Costa urbana,5,367.95714304104666,1839.7857152052334,36923.14637608964,615.3857729348273,409.29529071381774,222.74910151124467,0,0,No pobre,3700.149352548857
2024,55,8,4,130101,13,1301,Costa urbana,7,1885.1268569581748,13195.887998707223,3252.0449462897927,38.7148207891642,473.40233810897246,269.71755259356456,1,1,Pobre extremo,36852.91482982439
2022,266,1,4,050101,05,0501,Sierra rural,7,757.1516545259501,5300.061581681651,16045.545479891556,191.01839857013758,470.7311156986661,269.3024329455234,1,1,Pobre extremo,104021.11498915222
2024,480,12,3,010201,01,0102,Sierra urbana,6,185.0408759889345,1110.245255933607,22129.368934412763,307.3523463112884,395.58263833035795,216.46703042970526,1,0,Pobre no extremo,90344.75640928715
2023,42,2,2,250101,25,2501,Sierra urbana,1,670.8430430039565,670.8430430039565,8826.091809893749,735.5076508244791,462.262022119422,218.7079815777495,0,0,No pobre,10101.4630757531
2024,297,10,4,010201,01,0102,Lima Metropolitana,6,737.7040791764196,4426.224475058518,23936.037952119543,332.44497155721587,450.29146967557404,252.4770553101933,1,0,Pobre no extremo,14518.3814192767
2022,461,17,3,010201,01,0102,Selva urbana,2,276.2161220195817,552.4322440391634,17263.885147332625,719.328547805526,477.5211720560605,262.27721019760037,0,0,No pobre,9877.807959940978
2022,231,3,2,010101,01,0101,Costa rural,6,1277.9570721218913,7667.742432731347,32088.90398934965,445.6792220743007,426.3306568600179,246.4587891498443,0,0,No pobre,39694.11732500774
2021,453,7,3,040101,04,0401,Costa urbana,3,758.8519905289363,2276.555971586809,20820.303025642977,578.3417507123049,452.2174371414383,260.52962685429543,0,0,No pobre,91600.82618685238
2025,378,12,2,250101,25,2501,Callao,4,1295.3557520288446,5181.423008115378,14327.8879319952,298.49766524989997,431.7883920128376,204.43047187770097,1,0,Pobre no extremo,113269.52239010956
2024,394,8,4,010101,01,0101,Sierra urbana,1,112.8070708192276,112.8070708192276,19832.00163557796,1652.66680296483,386.9400496692356,244.83699369776156,0,0,No pobre,18403.797365732455
2021,10,12,1,050101,05,0501,Selva rural,5,1965.8919580824297,9829.45979041215,57661.97851920458,961.0329753200764,384.67647497367676,249.01196224194874,0,0,No pobre,40552.32745990151
2025,358,3,3,010101,01,0101,Lima Metropolitana,2,423.98108123489504,847.9621624697901,28500.357842315294,1187.5149100964707,392.2111442879786,213.32233441452988,0,0,No pobre,17254.34670366892
2024,475,17,4,050101,05,0501,Costa urbana,3,1352.728874739379,4058.1866242181372,22166.44431764598,615.734564379055,409.6191063852417,254.4579146527224,0,0,No pobre,37162.22729190441
2023,444,9,3,040101,04,0401,Costa rural,5,1459.9901762310794,7299.950881155397,36905.64268030694,615.0940446717824,405.91131058118754,266.0985618790949,0,0,No pobre,19258.24536854475
2024,128,10,3,210101,21,2101,Selva rural,4,426.0558645202045,1704.223458080818,26864.813643273243,559.6836175681925,452.83266687059,262.8576544594646,0,0,No pobre,20750.875608532097
2022,179,6,2,010101,01,0101,Costa urbana,1,312.25333599459526,312.25333599459526,9937.71688535955,828.1430737799625,451.5922734922124,217.14771925393373,0,0,No pobre,9679.915615230155
2022,405,1,3,200101,20,2001,Lima Metropolitana,3,389.89666450513647,1169.6899935154095,49905.61965117778,1386.2672125327163,477.13945798493717,222.67948465805304,0,0,No pobre,1796.8458964821775
2023,392,12,2,210101,21,2101,Lima Metropolitana,1,568.9546861053947,568.9546861053947,15337.913759902505,1278.1594799918755,411.0390825442396,234.97279582623725,0,0,No pobre,24788.21482598829
2021,193,5,4,150132,15,1501,Sierra urbana,4,419.64102418652675,1678.564096746107,19765.648783758483,411.7843496616351,473.8452083780593,211.08528289963988,1,0,Pobre no extremo,50958.46617930529
2025,92,13,3,010101,01,0101,Selva urbana,7,1380.598911216555,9664.192378515885,6889.658317542036,82.01974187550043,441.2850603487735,266.7767214181393,1,1,Pobre extremo,44535.72649773353
2024,369,15,4,050101,05,0501,Sierra rural,4,899.5830870795278,3598.332348318111,56373.47031546878,1174.447298238933,429.530871099012,211.31176407975792,0,0,No pobre,8129.547497708995
2022,231,11,1,250101,25,2501,Callao,3,1121.8040295791898,3365.4120887375693,30097.496075031344,836.0415576397595,446.7841377813216,253.2996070593235,0,0,No pobre,3803.383595874219
2021,78,8,4,010101,01,0101,Lima Metropolitana,3,189.93989873740068,569.8196962122021,34765.09990500945,965.6972195835957,450.27554515855866,223.899970581965,0,0,No pobre,33531.406567395636
2023,85,5,3,050101,05,0501,Selva rural,7,1736.3730298913742,12154.61120923962,55961.85562027249,666.2125669080058,397.1929028859241,240.16045583876178,0,0,No pobre,11389.014818807178
2022,30,2,1,040101,04,0401,Sierra rural,3,424.0859510917652,1272.2578532752955,56395.51992796554,1566.542220221265,455.17155035352573,203.30216770760532,0,0,No pobre,23147.262224983668
2023,213,12,2,010201,01,0102,Sierra urbana,4,784.2894297646675,3137.15771905867,14273.052138559495,297.35525288665616,452.5172764466977,214.35083002761266,1,0,Pobre no extremo,11282.19007372671
2024,49,2,1,010101,01,0101,Callao,3,236.61311567275726,709.8393470182718,27198.28233340498,755.5078425945827,479.7532283948779,231.10738668248487,0,0,No pobre,7661.854536269774
2025,265,16,3,150101,15,1501,Sierra urbana,5,359.90695583182634,1799.5347791591316,24902.77827326644,415.0463045544406,471.19477806724757,247.4033852068352,1,0,Pobre no extremo,117061.59567858087
2022,145,3,3,150132,15,1501,Callao,6,1365.0188789537567,8190.11327372254,22867.116903898557,317.59884588747997,448.46602316842916,254.4293348347616,1,0,Pobre no extremo,57521.347123925596
2022,69,10,4,150101,15,1501,Callao,3,1415.915304285809,4247.745912857427,13042.071800118296,362.2797722255082,451.2363713096653,202.10983624343115,1,0,Pobre no extremo,35424.41951750991
2024,58,19,2,210101,21,2101,Selva rural,4,1386.234420788169,5544.937683152676,97005.70988069456,2020.9522891811366,474.5985633834585,210.67431512551528,0,0,No pobre,88308.71689408083
2021,185,8,3,210101,21,2101,Costa rural,4,1149.059896907442,4596.239587629768,67020.11243927351,1396.2523424848648,476.7178272984175,251.08542170824776,0,0,No pobre,36955.858052308686
2025,62,7,3,010201,01,0102,Callao,3,1909.7911616226227,5729.373484867868,40097.851993707845,1113.8292220474402,462.69651972151274,256.9138798068411,0,0,No pobre,24872.973032332626
2022,479,1,2,010201,01,0102,Lima Metropolitana,3,1063.6366054602952,3190.909816380886,91228.43768482194,2534.1232690228317,456.7393545507161,216.56000691000503,0,0,No pobre,190612.32225476688
2025,308,12,2,210101,21,2101,Selva rural,4,953.8828556632484,3815.5314226529936,41232.89602554651,859.0186671988857,391.1365823364891,216.07571329042565,0,0,No pobre,203431.1771350509
2022,445,5,4,010101,01,0101,Costa urbana,2,570.3365748625727,1140.6731497251453,20480.112217531423,853.3380090638093,463.0322191480636,206.16206076312162,0,0,No pobre,13237.773347796796
2025,296,16,1,130101,13,1301,Costa rural,5,287.81410560656394,1439.0705280328198,18410.328545619584,306.83880909365973,405.31956784557906,210.52057829179049,1,0,Pobre no extremo,47701.676146749945
2023,166,4,2,010101,01,0101,Callao,2,1141.4943669357397,2282.9887338714793,38068.83600564647,1586.2015002352698,436.3784296019213,200.56111243175724,0,0,No pobre,41927.395918000395
2022,171,17,3,150132,15,1501,Sierra rural,2,698.2913547163733,1396.5827094327467,7782.890385628589,324.2870994011912,420.5372470437835,241.28818678445262,1,0,Pobre no extremo,86064.57108126223
2025,63,2,2,210101,21,2101,Costa urbana,3,1095.648228061979,3286.9446841859367,58689.43346872459,1630.2620407979052,414.5607300637241,263.27239408626025,0,0,No pobre,12593.987360796222
2021,147,12,3,150101,15,1501,Costa rural,2,491.62624869491145,983.2524973898229,6212.840813557335,258.8683672315556,411.025000146706,210.47032696767252,1,0,Pobre no extremo,130087.7028954594
2023,484,1,4,010201,01,0102,Sierra rural,4,1692.5280771950315,6770.112308780126,72557.6520322708,1511.6177506723081,465.54270806574897,252.60105644087304,0,0,No pobre,14403.637802592384
2023,306,12,1,150101,15,1501,Costa urbana,3,1999.4246983522312,5998.274095056693,42067.51597010617,1168.542110280727,456.91361206718443,240.15610804257477,0,0,No pobre,31735.14874219755
2021,161,12,4,210101,21,2101,Selva urbana,5,712.5666692292341,3562.8333461461707,155696.0793493833,2594.934655823055,432.3448752408701,265.7945324829221,0,0,No pobre,11655.944117063362
2025,141,12,2,040101,04,0401,Lima Metropolitana,7,1700.4224537946266,11902.957176562386,31636.68004217342,376.62714335920737,446.4480493864457,255.86857657291804,1,0,Pobre no extremo,21269.407076148997
2024,334,19,3,210101,21,2101,Selva rural,5,1758.673659145574,8793.36829572787,48550.562188216034,809.1760364702673,478.4527950344009,259.691031593139,0,0,No pobre,12902.431352206546
2021,97,17,2,200101,20,2001,Selva rural,2,1992.5401986384513,3985.0803972769027,50377.105429499905,2099.046059562496,419.7535135777943,244.73995066607966,0,0,No pobre,13974.889887505153
2025,446,11,2,150132,15,1501,Selva rural,6,751.1682465781608,4507.009479468965,12124.460141221032,168.395279739181,435.1100606009575,256.7935283675109,1,1,Pobre extremo,78610.18582128212
2021,221,13,2,200101,20,2001,Callao,3,1536.478648056801,4609.435944170403,10294.522367692543,285.95895465812623,433.35237125744857,224.56086524359026,1,0,Pobre no extremo,34759.600305441876
2021,43,8,2,250101,25,2501,Selva urbana,4,534.7371069197723,2138.948427679089,11609.734984518043,241.8694788441259,473.5972375151735,214.63123163860539,1,0,Pobre no extremo,266772.3798184525
2022,433,10,1,150101,15,1501,Lima Metropolitana,3,1287.1124024550722,3861.3372073652167,26122.237601612003,725.617711155889,415.15624176108594,263.8763979863075,0,0,No pobre,29195.119993018783
2025,292,8,3,040101,04,0401,Costa rural,3,1439.2008819983914,4317.6026459951745,26728.006349961634,742.4446208322676,478.62547502177455,251.40351146506944,0,0,No pobre,16550.98329292398
2024,378,8,2,150132,15,1501,Lima Metropolitana,6,1508.1293158166832,9048.7758949001,27740.51570731743,385.28494037940874,410.4697613573185,206.3492027856663,1,0,Pobre no extremo,21498.42583798168
2022,108,9,3,050101,05,0501,Sierra urbana,3,493.6271203104771,1480.8813609314313,41971.09756313138,1165.8638211980938,390.8907035324032,260.68366694260175,0,0,No pobre,31120.32151627987
2021,266,7,1,250101,25,2501,Costa urbana,4,1712.5785839427701,6850.314335771081,13786.604521743895,287.22092753633115,399.1373545242056,224.42327579849308,1,0,Pobre no extremo,49609.24045380783
2021,95,14,3,130101,13,1301,Costa rural,3,899.8465347458296,2699.5396042374887,57244.73614184069,1590.1315594955747,422.6221341864218,220.87944533792438,0,0,No pobre,24334.8121438867
2021,262,2,3,200101,20,2001,Sierra urbana,5,511.1020836956546,2555.510418478273,39635.28684918515,660.5881141530858,444.97559498332475,243.63194971004714,0,0,No pobre,10011.6265600007
2025,313,11,1,150132,15,1501,Selva rural,5,1130.8090679066129,5654.045339533064,111594.18063153817,1859.903010525636,431.682522002402,239.80190452745245,0,0,No pobre,92381.86362249765
2025,385,8,2,150132,15,1501,Selva rural,3,1740.37854625319,5221.13563875957,39649.646615110476,1101.3790726419577,417.62781765744444,237.67797048158417,0,0,No pobre,122870.9381662274
2022,71,13,3,200101,20,2001,Selva rural,4,1937.4670285784161,7749.868114313665,25273.049071122736,526.5218556483903,436.2033265706776,217.84140283814187,0,0,No pobre,23722.43546603442
2024,442,15,4,250101,25,2501,Sierra urbana,5,1521.5948612829613,7607.974306414807,185857.14394646225,3097.619065774371,463.88062763146684,267.18416258793536,0,0,No pobre,160482.12842927378
2022,219,3,3,040101,04,0401,Costa urbana,4,110.68348391558861,442.73393566235444,24945.14134882246,519.6904447671346,463.893102763848,266.50846466806735,0,0,No pobre,21921.08614593377
2023,21,14,2,040101,04,0401,Costa urbana,4,355.93144488531664,1423.7257795412665,34910.91705372835,727.3107719526739,452.62278881822306,200.29135329457498,0,0,No pobre,103007.7278908177
2021,92,15,4,010201,01,0102,Sierra urbana,4,244.9205742338449,979.6822969353796,39778.698589303465,828.7228872771556,475.2448458243342,223.6479340417396,0,0,No pobre,14048.50664878948
2021,127,2,2,010101,01,0101,Sierra rural,2,292.306111688381,584.612223376762,62189.987621634355,2591.2494842347646,439.0204667437838,203.18840648434326,0,0,No pobre,389814.7510585856
2021,80,19,3,250101,25,2501,Selva rural,4,827.7664164375727,3311.065665750291,29055.536153319947,605.3236698608322,380.7657637654089,259.5174136416935,0,0,No pobre,6257.590753904792
2022,312,12,1,150101,15,1501,Costa rural,4,743.1372981743928,2972.549192697571,324593.5730535841,6762.366105283002,409.09296328121576,262.0562766807632,0,0,No pobre,12085.066727176127
2022,238,4,2,150101,15,1501,Costa urbana,3,316.0014644097891,948.0043932293672,16059.131287403174,446.0869802056437,412.8222704490101,236.28087985803708,0,0,No pobre,327071.0458317186
2021,471,3,2,250101,25,2501,Lima Metropolitana,6,1776.2471680670733,10657.48300840244,102808.37281287825,1427.8940668455314,434.7326077303368,258.7774624122501,0,0,No pobre,6557.658329518436
2022,372,5,1,200101,20,2001,Sierra urbana,1,1269.3123950314844,1269.3123950314844,7214.645414322853,601.2204511935711,470.4889471387482,249.23522210976543,0,0,No pobre,28356.297659206844
2025,404,3,3,150101,15,1501,Callao,3,1613.280287017253,4839.840861051759,11091.234760381956,308.08985445505436,463.8114963543094,234.9701760049897,1,0,Pobre no extremo,21409.503472926
2025,486,15,2,150101,15,1501,Sierra rural,2,805.9438388253186,1611.8876776506372,6630.195033857021,276.2581264107092,403.21729853083076,225.46679792923192,1,0,Pobre no extremo,37462.365174596634
2022,182,19,3,010101,01,0101,Selva urbana,1,879.448430946379,879.448430946379,11699.482909788958,974.9569091490798,431.93902359440693,218.63575177285918,0,0,No pobre,46857.43220559084
2021,25,2,3,150132,15,1501,Callao,3,703.4803000197832,2110.4409000593496,6170.798378549869,171.4110660708297,445.91486354289617,218.16003961961363,1,1,Pobre extremo,28602.190134697637
2022,156,12,3,150132,15,1501,Callao,7,933.0105629871331,6531.0739409099315,29654.497838944924,353.02973617791577,478.75115406311477,239.3445068966314,1,0,Pobre no extremo,76165.5345571125
2022,5,5,1,250101,25,2501,Sierra urbana,3,1259.716798474602,3779.150395423806,12044.94689049268,334.5818580692411,383.1302819360308,211.6766178543242,1,0,Pobre no extremo,149033.1941256269
2022,120,17,3,210101,21,2101,Lima Metropolitana,4,1036.6696148964588,4146.678459585835,105167.37302274424,2190.9869379738384,426.387731677032,212.2354313321069,0,0,No pobre,20312.610121384452
2023,277,14,3,150132,15,1501,Sierra rural,2,1692.0423117580553,3384.0846235161107,42294.18009226869,1762.2575038445286,478.810865400772,200.7275338228922,0,0,No pobre,6078.678765262917
2025,18,10,4,200101,20,2001,Selva urbana,4,1810.264420358666,7241.057681434664,28566.095508572027,595.1269897619172,477.7205797028095,242.93296416913867,0,0,No pobre,18500.739466192164
2024,431,3,4,050101,05,0501,Sierra rural,7,992.3993213984385,6946.795249789069,34172.59318913072,406.81658558488954,413.0726517597629,269.60409299620363,1,0,Pobre no extremo,49014.077003379934
2024,198,4,4,210101,21,2101,Costa urbana,3,555.5211626624339,1666.5634879873016,48119.14638424947,1336.6429551180408,380.0016736257935,262.24535627995465,0,0,No pobre,42704.20458026071
2023,57,6,2,010101,01,0101,Callao,5,1895.865596972687,9479.327984863434,78703.74938724999,1311.7291564541665,438.67345849523343,249.3982863098971,0,0,No pobre,87730.0032821013
2022,93,16,2,200101,20,2001,Sierra urbana,7,1496.573421796753,10476.013952577272,17196.876120814723,204.7247157239848,466.69388507928903,254.9867708436601,1,1,Pobre extremo,234048.02422923272
2023,19,7,4,040101,04,0401,Lima Metropolitana,4,1316.2414635023717,5264.965854009487,14567.65929945307,303.49290207193894,412.4297224177889,229.1796901384622,1,0,Pobre no extremo,44875.85730314977
2023,384,15,1,010101,01,0101,Selva urbana,3,1516.2860938855542,4548.858281656663,39077.50497006245,1085.4862491684014,473.426996483377,220.86556884412482,0,0,No pobre,24183.08701480779
2021,353,11,1,010201,01,0102,Sierra rural,4,244.36538655415347,977.4615462166139,110420.43106140709,2300.4256471126478,413.2702437111263,225.80397973192785,0,0,No pobre,17554.303913814045
2025,193,1,4,150101,15,1501,Callao,5,228.49002251157776,1142.4501125578888,7897.268391306459,131.62113985510766,441.0201319972569,205.6995457211034,1,1,Pobre extremo,30134.090670112666
2024,237,5,2,130101,13,1301,Selva urbana,2,390.92923990387607,781.8584798077521,38533.221724644834,1605.5509051935348,452.2046073181635,244.36566386207429,0,0,No pobre,85073.47416924109
2022,387,13,2,040101,04,0401,Callao,4,380.1568381370116,1520.6273525480465,85980.31677471907,1791.256599473314,414.5415764495362,212.24055155488716,0,0,No pobre,19855.748460954965
2024,426,14,1,210101,21,2101,Costa rural,3,899.2739022138685,2697.8217066416055,46820.525606178824,1300.5701557271896,415.220641201928,253.4014747812027,0,0,No pobre,65939.0016692388
2024,277,9,3,200101,20,2001,Lima Metropolitana,3,399.06775634219196,1197.203269026576,36272.753345511854,1007.5764818197737,426.9994829683774,213.2983523584669,0,0,No pobre,12276.690282040583
2025,227,17,1,040101,04,0401,Sierra urbana,6,1723.5987241065334,10341.5923446392,43753.4806147395,607.6872307602708,463.5223428104575,215.96868176871357,0,0,No pobre,35645.69175194688
2024,233,15,3,010201,01,0102,Costa urbana,3,1198.3841687632491,3595.152506289747,136357.82611152215,3787.7173919867264,390.08507675622286,267.01139475633175,0,0,No pobre,7714.264546552427
2024,40,7,2,200101,20,2001,Callao,3,799.6976030654777,2399.092809196433,55020.58541996418,1528.3495949990051,443.14793853987914,207.37771384166092,0,0,No pobre,20586.10564448934
2023,323,12,2,130101,13,1301,Selva urbana,4,232.28282262800747,929.1312905120299,6660.78976760593,138.7664534917902,447.734792930926,234.9189777472221,1,1,Pobre extremo,159207.93949493894
2025,153,6,4,210101,21,2101,Selva rural,3,1222.9528123223376,3668.858436967013,24931.682837843888,692.5467454956636,435.7872759989137,204.3880555181118,0,0,No pobre,47124.31053847923
2021,127,16,2,010101,01,0101,Sierra rural,3,321.41235912504004,964.2370773751202,29109.06381574227,808.5851059928408,473.58383873756225,206.32736944575444,0,0,No pobre,31782.378009805485
2022,237,5,3,250101,25,2501,Selva rural,4,1512.1184757649519,6048.4739030598075,67729.58849427292,1411.0330936306857,440.1990716934547,244.34502534968988,0,0,No pobre,47591.0961010766
2024,486,9,1,040101,04,0401,Selva urbana,3,1625.240383813261,4875.721151439782,28996.97046329668,805.4714017582411,443.4576751077037,244.150908414101,0,0,No pobre,60743.0944124268
2022,493,14,4,130101,13,1301,Lima Metropolitana,3,1133.5548901236982,3400.664670371095,27294.022431691872,758.1672897692187,439.976002791484,213.51841969269114,0,0,No pobre,50229.393156700105
2021,55,8,3,010201,01,0102,Selva rural,2,384.2454323676292,768.4908647352584,27956.793973719792,1164.866415571658,452.2018774928167,261.0740560680875,0,0,No pobre,45635.99218278112
2022,468,14,1,040101,04,0401,Sierra rural,4,1595.0391751068844,6380.1567004275375,33385.33734061396,695.5278612627908,393.54094156538946,249.1530896978084,0,0,No pobre,13395.360032262584
2021,436,12,1,050101,05,0501,Selva urbana,5,684.8727995927345,3424.363997963673,24734.165580400884,412.2360930066814,469.4276323524307,221.04274080098153,1,0,Pobre no extremo,8275.900023459666
2023,172,10,1,050101,05,0501,Costa urbana,6,523.0409712315736,3138.2458273894417,18449.275716244287,256.23994050339286,384.24923229190534,217.38705906062498,1,0,Pobre no extremo,75109.79662448812
2024,109,13,2,210101,21,2101,Costa urbana,3,994.0576179350081,2982.1728538050243,23554.169746834355,654.282492967621,444.0743960053982,252.79996771915802,0,0,No pobre,9811.602456398297
2021,354,19,1,010101,01,0101,Sierra urbana,4,1853.027858627544,7412.111434510176,35405.30223012749,737.6104631276561,441.5480932203108,251.35367468928226,0,0,No pobre,52328.8474645318
2022,469,15,2,210101,21,2101,Costa urbana,6,665.009254941595,3990.0555296495704,47032.85005323725,653.234028517184,400.81211274266536,210.41823380720064,0,0,No pobre,99485.85613755393
2024,184,8,1,210101,21,2101,Selva urbana,3,1820.5991518479784,5461.797455543935,315779.76062151295,8771.660017264248,384.07109736841363,224.4431494069188,0,0,No pobre,12955.713349338239
2023,439,10,1,150101,15,1501,Lima Metropolitana,6,201.94128660567296,1211.6477196340377,8133.156516889735,112.96050717902409,393.8835397048109,215.16740726609083,1,1,Pobre extremo,18838.703368423976
2024,368,3,2,010101,01,0101,Selva urbana,6,258.69503953409895,1552.1702372045938,45636.4314630139,633.839325875193,407.1672054951222,220.59009372601113,0,0,No pobre,31145.57999195096
2021,471,3,2,150101,15,1501,Costa urbana,3,1427.2659477569694,4281.797843270908,101538.9308354895,2820.525856541375,468.2105690559044,220.12947737464106,0,0,No pobre,14956.473757390473
2023,198,5,3,200101,20,2001,Costa rural,3,462.12605675153355,1386.3781702546007,13411.380035350972,372.5383343153048,465.57344041799905,268.3216589974308,1,0,Pobre no extremo,14720.682675929158
2022,371,16,1,130101,13,1301,Selva urbana,2,701.5792980735882,1403.1585961471765,49821.607744866255,2075.9003227027606,386.38555742660515,252.5147961177398,0,0,No pobre,21306.101960310894
2023,373,17,2,130101,13,1301,Sierra urbana,2,359.10866386310016,718.2173277262003,19372.441035309454,807.1850431378939,408.9268008030685,254.60364342551125,0,0,No pobre,16800.25527952444
2023,461,6,3,010101,01,0101,Costa rural,6,731.2717113518419,4387.630268111051,16902.76270356864,234.76059310511997,468.9316243249054,219.41962156859347,1,0,Pobre no extremo,59058.25952146161
2025,497,16,3,010101,01,0101,Costa urbana,6,632.8739883956804,3797.243930374082,13907.468371574534,193.1592829385352,403.66590284446204,200.0368959532458,1,1,Pobre extremo,39270.98251272028
2023,87,2,2,200101,20,2001,Lima Metropolitana,2,1499.041514079069,2998.083028158138,24794.41864877095,1033.1007770321228,479.5965303820887,204.07099034453927,0,0,No pobre,8547.418504417776
2023,201,15,1,130101,13,1301,Sierra rural,4,1433.8444375591832,5735.377750236733,23971.51841995143,499.4066337489881,405.68401957873067,238.7099836659757,0,0,No pobre,204457.21841291068
2024,337,18,3,200101,20,2001,Selva urbana,4,1914.3616352138943,7657.446540855577,52995.79186766172,1104.0789972429525,453.91132566709996,219.98367972288705,0,0,No pobre,26946.30218226971
2022,322,1,1,250101,25,2501,Sierra rural,3,1476.4012018287776,4429.203605486333,7333.95163219856,203.72087867218224,421.70591735713936,213.50682204537318,1,1,Pobre extremo,33886.76514844821
2024,275,19,1,010201,01,0102,Selva rural,4,1420.1537307406313,5680.614922962525,57815.73859839831,1204.4945541332982,393.62445520445243,203.4748645131423,0,0,No pobre,21518.02155953083
2024,211,12,3,050101,05,0501,Sierra urbana,6,1418.9873892190383,8513.92433531423,56670.631908729236,787.0921098434616,405.51546133288036,261.31172176008164,0,0,No pobre,35917.085519863176
2021,391,8,2,250101,25,2501,Costa rural,2,1777.6381657315346,3555.2763314630693,35527.11189471007,1480.296328946253,447.5118075621451,242.00891429405831,0,0,No pobre,14668.18496537046
2024,118,6,1,210101,21,2101,Callao,2,662.8497924635451,1325.6995849270902,210877.5641535487,8786.56517306453,413.70564020364503,207.51612501137802,0,0,No pobre,9381.60777456418
2025,191,12,4,040101,04,0401,Sierra rural,1,670.175007468228,670.175007468228,81640.6342523506,6803.386187695884,440.41282206004786,253.64828112676156,0,0,No pobre,26049.69272268831
2025,42,7,2,150101,15,1501,Callao,3,1508.30623843938,4524.91871531814,17140.47610094297,476.12433613730474,400.55310427689597,252.90779137537592,0,0,No pobre,152429.64487710994
2021,42,18,3,150132,15,1501,Sierra urbana,3,534.5397605852421,1603.6192817557262,9222.947737239387,256.19299270109406,424.8580972182801,220.25825487106792,1,0,Pobre no extremo,63777.21445308499
2022,315,14,4,040101,04,0401,Sierra rural,3,1832.8380078811429,5498.514023643429,14486.307958862782,402.397443301744,431.22457802842257,213.1898824089721,1,0,Pobre no extremo,122790.74550973682
2022,276,8,1,010101,01,0101,Sierra rural,4,1116.0852776650834,4464.3411106603335,15948.079125036771,332.25164843826605,421.27845633143244,256.97873132975633,1,0,Pobre no extremo,20433.114113412546
2024,329,14,2,010201,01,0102,Sierra urbana,5,670.2373633763804,3351.186816881902,5190.652088492804,86.51086814154674,399.7918031350594,223.0695312855795,1,1,Pobre extremo,16050.763407407292
2024,17,5,4,250101,25,2501,Callao,3,1574.5898664109666,4723.7695992329,41975.67675288387,1165.9910209134407,426.1553524606738,259.319965675667,0,0,No pobre,21694.340206627494
2024,283,9,2,150132,15,1501,Selva urbana,3,693.4091967630626,2080.227590289188,8246.341742467348,229.06504840187077,449.290056053903,203.0556129133449,1,0,Pobre no extremo,60703.38015224272
2022,431,8,1,150132,15,1501,Sierra rural,5,1930.2288024365562,9651.14401218278,33180.50270366569,553.0083783944282,476.4905662825861,234.9502264238085,0,0,No pobre,100728.09082179736
2023,258,2,2,010101,01,0101,Sierra urbana,5,1967.679498477471,9838.397492387356,62572.09566640146,1042.868261106691,458.95216204779496,212.5716696979734,0,0,No pobre,27543.78915078457
2025,63,16,4,250101,25,2501,Sierra rural,3,1366.9128597357726,4100.738579207318,94800.4656202513,2633.3462672292026,396.14704815190464,247.04313692596952,0,0,No pobre,8915.200606609722
2023,62,13,2,150132,15,1501,Lima Metropolitana,3,315.9043905254356,947.7131715763068,21455.33952640737,595.9816535113158,407.27018498035403,269.8049633028333,0,0,No pobre,96193.72214965738
2023,100,7,3,250101,25,2501,Callao,5,600.0968148732558,3000.484074366279,14120.009273368243,235.33348788947072,387.882389545335,228.87577224188541,1,0,Pobre no extremo,110180.62592407901
2022,19,16,3,150101,15,1501,Selva urbana,2,1079.2922282105053,2158.5844564210106,89569.5208973216,3732.0633707217335,393.5649524260078,207.021738282437,0,0,No pobre,60560.84922431507
2023,17,7,4,150101,15,1501,Lima Metropolitana,3,1717.750155186165,5153.250465558495,104379.01585107819,2899.4171069743943,405.06829648684476,222.2371183631008,0,0,No pobre,151565.50157921648
2021,325,14,2,150132,15,1501,Lima Metropolitana,3,451.2843441898544,1353.853032569563,49730.54167078132,1381.4039352994812,399.95273662982197,262.40545496955576,0,0,No pobre,5346.06227168168
2024,423,14,4,150132,15,1501,Sierra urbana,2,298.36657212647145,596.7331442529429,14433.211832583005,601.3838263576253,401.36492507666367,253.60327168727449,0,0,No pobre,14422.703968129565
2021,466,12,2,010101,01,0101,Lima Metropolitana,2,241.5072180591676,483.0144361183352,8223.21961551674,342.6341506465308,403.0770226439288,216.254816332458,1,0,Pobre no extremo,37073.74136966808
2025,373,1,1,250101,25,2501,Sierra rural,3,1063.238368484089,3189.7151054522674,73468.40871703389,2040.789131028719,410.0678695783611,266.75191035557276,0,0,No pobre,12610.413049163637
2024,246,1,3,130101,13,1301,Callao,5,1780.931842229941,8904.659211149705,25451.54199454464,424.192366575744,392.55860686267584,243.55315542851736,0,0,No pobre,90888.94555981067
2023,251,12,1,200101,20,2001,Costa urbana,5,180.48256102339545,902.4128051169772,82109.11695877937,1368.4852826463227,407.7834983818295,211.76345802222667,0,0,No pobre,11202.250077527324
2025,455,15,2,200101,20,2001,Selva urbana,7,503.41091458771575,3523.8764021140105,14784.04604598388,176.00054816647474,448.84118272820564,240.06254997123673,1,1,Pobre extremo,139325.35836307597
2024,81,4,1,040101,04,0401,Sierra rural,2,1417.1883300950533,2834.3766601901066,72972.01200763277,3040.500500318032,403.6400999825458,231.58938073647957,0,0,No pobre,15537.905178869112
2023,39,7,4,040101,04,0401,Costa rural,3,1669.1405267730593,5007.421580319178,95487.15053902262,2652.420848306184,397.18384276526876,257.3788372341495,0,0,No pobre,147232.46904018786
2021,36,16,4,150132,15,1501,Sierra urbana,5,1634.0591056684223,8170.2955283421115,21637.28191334763,360.6213652224605,386.7695662184461,224.09120207283382,1,0,Pobre no extremo,15926.626515619208
2024,424,3,2,050101,05,0501,Sierra rural,4,1591.629308908629,6366.517235634516,35516.08423715335,739.9184216073614,429.9971486197038,261.24848238858624,0,0,No pobre,3419.894847655053
2023,429,7,3,150101,15,1501,Selva urbana,3,346.6196215453459,1039.8588646360377,9460.938236473921,262.80383990205337,464.1982727872276,256.8379270506818,1,0,Pobre no extremo,41821.825615451446
2021,388,6,4,210101,21,2101,Lima Metropolitana,3,854.7514061475451,2564.2542184426356,9677.855230610905,268.829311961414,385.90166442637417,247.2222415812,1,0,Pobre no extremo,71760.10264924908
2025,486,16,3,250101,25,2501,Selva urbana,3,1971.0148593803185,5913.044578140955,35795.035202644955,994.3065334068043,434.2326027238149,218.10250556423213,0,0,No pobre,12863.476741290458
2025,409,8,2,010201,01,0102,Costa rural,3,1978.8863860173674,5936.659158052102,16545.312358291674,459.5920099525465,445.06189154224984,267.92307033958446,0,0,No pobre,177206.9953307437
2025,197,6,3,010201,01,0102,Lima Metropolitana,2,1244.612044712957,2489.224089425914,33410.901664105564,1392.120902671065,439.2461656778844,238.40667462115076,0,0,No pobre,142713.64062963758
2025,158,10,2,150101,15,1501,Costa rural,7,1447.607688970155,10133.253822791086,31177.788935154542,371.164153989935,467.7623203565851,263.52597848541205,1,0,Pobre no extremo,30431.75955729853
2022,204,16,1,040101,04,0401,Selva rural,2,1907.4392129420874,3814.8784258841747,48399.51899840382,2016.6466249334926,466.6395580208563,215.10109294751373,0,0,No pobre,49934.6940283347
2024,196,11,2,010101,01,0101,Selva rural,7,954.8629363582999,6684.040554508099,43335.61041205722,515.9001239530621,385.7307592528459,268.8364811459891,0,0,No pobre,36885.13245780561
2024,216,13,1,010201,01,0102,Sierra rural,5,360.0470299792072,1800.235149896036,61604.84674092565,1026.7474456820942,416.0943969223687,257.12414602613353,0,0,No pobre,69958.16830728645
2022,285,6,2,150132,15,1501,Costa urbana,3,1371.0028634805485,4113.0085904416455,33001.70156843302,916.7139324564728,447.0829830497753,266.44588183989805,0,0,No pobre,85077.85675355243
2023,457,1,4,050101,05,0501,Lima Metropolitana,5,1924.1943793109947,9620.971896554973,35474.442838158924,591.2407139693154,475.2444655492531,214.8656012592491,0,0,No pobre,6929.34931021721
2023,196,19,4,010201,01,0102,Callao,4,1424.6915783459594,5698.766313383838,26853.00400894077,559.4375835195993,460.4684796453052,230.14606550077835,0,0,No pobre,194262.2399760294
2025,307,12,3,200101,20,2001,Selva urbana,3,1626.3101413451016,4878.930424035305,69200.33070513759,1922.2314084760442,397.65893105338193,206.83437452835253,0,0,No pobre,119025.52625532745
2021,152,6,2,050101,05,0501,Callao,3,903.2227275441687,2709.668182632506,140978.60052564,3916.0722368233337,407.92088377472993,209.58787245913848,0,0,No pobre,12757.43426107871
2023,14,18,2,050101,05,0501,Costa urbana,4,283.27999287521703,1133.1199715008681,52822.80754269378,1100.4751571394538,456.35938636237387,219.8771064510901,0,0,No pobre,155141.49056991228
2021,325,13,2,010201,01,0102,Lima Metropolitana,4,420.8759644482933,1683.5038577931732,42096.3399404531,877.007082092773,427.14748472726757,266.61379623312797,0,0,No pobre,245475.42047970853
2024,146,7,3,010101,01,0101,Lima Metropolitana,4,1967.0441759274065,7868.176703709626,22123.271159078333,460.9014824807986,434.73024420221543,246.7034176783984,0,0,No pobre,6536.02670005907
2021,426,13,4,010101,01,0101,Lima Metropolitana,4,1037.0502022891465,4148.200809156586,33478.98107760322,697.478772450067,440.8979820175707,222.0242614946822,0,0,No pobre,72211.38857740014
2024,57,8,2,040101,04,0401,Lima Metropolitana,3,122.83912133677477,368.5173640103243,18854.48964133259,523.7358233703497,390.32915177257394,266.82013231865824,0,0,No pobre,91025.5317790191
2022,211,17,3,150101,15,1501,Costa urbana,4,1915.1978333892303,7660.791333556921,15455.335817694948,321.9861628686447,465.59620334332544,251.7811984631969,1,0,Pobre no extremo,52307.6150166676
2022,268,9,2,150132,15,1501,Sierra rural,3,1045.7818327450007,3137.345498235002,22548.436368296007,626.3454546748891,466.31344393767273,263.4885309271018,0,0,No pobre,117049.9377699066
2025,210,13,1,210101,21,2101,Sierra urbana,4,1688.9099567544915,6755.639827017966,134680.31076112014,2805.8398075233363,426.82394441283674,264.9054555687369,0,0,No pobre,44333.7278137627
2023,17,2,2,130101,13,1301,Sierra urbana,6,1142.0704698700977,6852.4228192205865,24927.40686813432,346.21398427964334,442.6845218500663,252.55388249384572,1,0,Pobre no extremo,59558.8981752015
2025,286,4,1,210101,21,2101,Sierra urbana,4,293.23433898204604,1172.9373559281842,115968.04375109177,2416.0009114810787,445.990412002549,217.01934008541102,0,0,No pobre,5431.127464188101
2024,344,2,3,200101,20,2001,Costa rural,5,1269.5822060506987,6347.911030253494,11215.871293000539,186.93118821667565,398.9722584729884,269.7612268583282,1,1,Pobre extremo,18829.583613934756
2025,203,4,3,010101,01,0101,Lima Metropolitana,4,1995.0605250072576,7980.242100029031,30487.370006230056,635.1535417964595,391.25848284662794,222.75635880431454,0,0,No pobre,128717.84640622154
2021,99,18,4,040101,04,0401,Lima Metropolitana,4,166.00178702729184,664.0071481091674,51463.579022067475,1072.1578962930723,382.06729464037505,247.0194024697403,0,0,No pobre,18104.112500483287
2024,279,5,2,200101,20,2001,Selva urbana,4,1699.4089752785837,6797.635901114335,53903.225827723174,1122.9838714108994,471.2881826777601,259.1368186470461,0,0,No pobre,34319.588255741815
2022,209,19,3,210101,21,2101,Costa rural,1,547.4135117364534,547.4135117364534,10150.752736739116,845.8960613949263,414.57132889446916,212.26056960972593,0,0,No pobre,11740.06156093007
2023,129,10,4,050101,05,0501,Selva urbana,7,848.3458231531527,5938.420762072068,9007.42401932393,107.23123832528488,388.5830935011003,242.6329175961366,1,1,Pobre extremo,18693.35300698986
2024,335,18,2,150101,15,1501,Callao,1,808.1480723685012,808.1480723685012,46980.236264367275,3915.019688697273,426.57999784979717,226.26209438497804,0,0,No pobre,50938.36134823699
2024,288,10,3,050101,05,0501,Selva rural,3,1807.7146691113273,5423.144007333982,16351.292700179909,454.20257500499747,387.5625113346175,217.10023487474146,0,0,No pobre,31610.957178154236
2021,252,5,1,210101,21,2101,Selva urbana,2,1058.5237587804925,2117.047517560985,47619.943875122066,1984.164328130086,388.5250752806955,200.82402689294184,0,0,No pobre,5894.642530262267
2023,265,17,3,010201,01,0102,Selva urbana,2,949.6311449854122,1899.2622899708244,97950.48032838097,4081.2700136825406,428.8885345704525,261.038184465858,0,0,No pobre,17053.22433154129
2022,271,13,1,150101,15,1501,Callao,5,1654.247706789875,8271.238533949376,14905.894243049492,248.43157071749152,430.8836659716635,209.5117083058799,1,0,Pobre no extremo,146295.00219134972
2024,412,17,4,040101,04,0401,Sierra rural,3,192.92355517940072,578.7706655382021,16814.88640631797,467.080177953277,438.01430853279106,261.4682012479398,0,0,No pobre,105841.40021278722
2024,408,9,4,250101,25,2501,Sierra urbana,5,264.26699868092516,1321.3349934046257,4343.504462766758,72.39174104611263,445.63114800086015,242.04834191659137,1,1,Pobre extremo,37496.18639660412
2021,188,12,2,050101,05,0501,Lima Metropolitana,3,141.20882806494967,423.626484194849,55325.65714033764,1536.8238094538233,446.8267370179119,243.4738888160529,0,0,No pobre,50820.49900999082
2025,419,14,2,010201,01,0102,Costa rural,3,1407.1675176143463,4221.502552843039,183022.89259802463,5083.969238834017,423.29966875515174,258.00562559802813,0,0,No pobre,19025.342018285548
2022,214,14,2,200101,20,2001,Selva rural,3,1098.6706604504443,3296.011981351333,8758.96245512196,243.30451264227668,444.35330585373765,235.66088026723463,1,0,Pobre no extremo,145165.35370023517
2023,283,8,4,250101,25,2501,Callao,4,1764.442039149737,7057.768156598948,82418.42796268697,1717.0505825559785,410.4739756214516,225.00991976940395,0,0,No pobre,27926.556070308023
2024,211,5,1,200101,20,2001,Costa rural,5,1047.2125156479508,5236.062578239754,89492.19498744082,1491.5365831240135,424.1308191155138,209.71646787947643,0,0,No pobre,10598.677710634065
2024,365,19,2,010101,01,0101,Lima Metropolitana,4,521.4571882477888,2085.8287529911554,54479.806883266305,1134.9959767347148,419.33270485322805,239.92907668456783,0,0,No pobre,6621.691737464325
2022,76,14,2,250101,25,2501,Sierra rural,3,1629.7800088983906,4889.340026695172,15600.126765498118,433.33685459717,412.91100012186365,238.7216937975755,0,0,No pobre,6365.896979850409
2025,148,9,4,150101,15,1501,Selva urbana,7,659.2153230419834,4614.507261293884,21610.435209448056,257.2670858267626,403.8570825610966,220.57275399671,1,0,Pobre no extremo,16436.74803384528
2024,321,7,1,010101,01,0101,Callao,2,1877.8105860891972,3755.6211721783943,44229.799491142745,1842.9083121309477,387.84590005408734,242.0039847957437,0,0,No pobre,188531.5455055599
2022,213,8,3,150101,15,1501,Selva rural,4,575.8053869192569,2303.2215476770275,43079.67720995074,897.4932752073072,430.5910477785696,230.7556820177854,0,0,No pobre,526238.4766643033
2021,433,14,2,150132,15,1501,Sierra urbana,3,418.66924045354494,1256.0077213606348,21472.715705792663,596.4643251609073,433.7288186205895,256.387110773943,0,0,No pobre,105732.12140312255
2025,109,14,3,010201,01,0102,Lima Metropolitana,2,1037.315583870307,2074.631167740614,40715.522979892805,1696.4801241622001,413.6155044102057,239.1640380338558,0,0,No pobre,6354.118016894344
2023,129,11,3,210101,21,2101,Costa urbana,3,195.97872414346233,587.9361724303869,19438.491629551027,539.9581008208619,477.5843863035446,265.357501044278,0,0,No pobre,11907.817854671135
2024,10,14,2,200101,20,2001,Costa urbana,1,169.18228411697353,169.18228411697353,24311.234690654284,2025.9362242211903,435.6961210306458,236.25880778694847,0,0,No pobre,11971.964143645908
2022,47,8,4,210101,21,2101,Sierra rural,6,1042.4276359853702,6254.565815912221,22413.89714787325,311.3041270537951,468.90105189152376,262.1246712210065,1,0,Pobre no extremo,27277.894372888153
2021,379,3,2,250101,25,2501,Sierra urbana,4,508.7030735100964,2034.8122940403855,72066.21709225207,1501.3795227552516,437.008530952162,236.43675966098715,0,0,No pobre,15660.456447847331
2023,315,18,1,050101,05,0501,Costa urbana,5,117.77001295084447,588.8500647542223,7437.874452347727,123.96457420579546,398.9915852971661,239.06243625482333,1,1,Pobre extremo,67703.04979014382
2022,96,3,1,050101,05,0501,Costa urbana,4,662.5081317198913,2650.032526879565,48286.49164915427,1005.9685760240473,477.46225396019196,225.67655968189106,0,0,No pobre,27296.900036489435
2022,446,13,2,200101,20,2001,Callao,4,1006.9979723085246,4027.9918892340984,37172.812880372505,774.4336016744272,468.53350104490477,228.01183864223935,0,0,No pobre,87098.07768557087
2023,103,12,3,010101,01,0101,Callao,5,849.148532774804,4245.74266387402,3490.274936080112,58.17124893466853,427.1273678437673,265.31710411041286,1,1,Pobre extremo,65860.277019335
2021,380,15,1,200101,20,2001,Lima Metropolitana,6,357.3919857048039,2144.3519142288233,58919.184665158624,818.3220092383142,404.30578918073144,215.62976813863762,0,0,No pobre,134688.6327904231
2021,342,18,1,150132,15,1501,Selva rural,2,1201.3821728807573,2402.7643457615145,65920.68185843005,2746.6950774345855,402.2669616264851,208.50204051709775,0,0,No pobre,17502.582595704836
2025,146,5,2,150132,15,1501,Selva rural,3,1449.6326831805104,4348.898049541531,18681.76902390539,518.9380284418164,460.60204271662565,258.11476382627586,0,0,No pobre,94224.17098109808
2024,368,7,2,210101,21,2101,Lima Metropolitana,5,1383.5244081102612,6917.622040551306,41618.19979916801,693.6366633194668,386.91186114512595,240.38375598214157,0,0,No pobre,17091.296442659877
2023,430,11,4,250101,25,2501,Costa rural,7,848.1476504382177,5937.033553067524,34229.85695685981,407.4982971054739,443.80603814135486,219.9253120123031,1,0,Pobre no extremo,34375.19331892145
2023,416,11,2,150132,15,1501,Lima Metropolitana,7,361.43268722511664,2530.0288105758164,200527.73487848177,2387.234939029545,444.01349235418354,230.26801542027852,0,0,No pobre,15758.573397708282
2023,27,15,2,010201,01,0102,Sierra urbana,4,1049.024869632373,4196.099478529492,42284.6434109417,880.9300710612855,398.2454547725809,236.74336587440868,0,0,No pobre,51752.676867466835
2021,220,10,1,010101,01,0101,Costa urbana,2,1791.820334380457,3583.640668760914,29589.888619430065,1232.912025809586,450.4912368434663,241.4498179785504,0,0,No pobre,136626.80203580656
2024,18,15,1,010101,01,0101,Selva rural,2,990.5734129883424,1981.1468259766848,72074.2209874869,3003.0925411452877,450.5406289195481,257.47357160569317,0,0,No pobre,117050.87989748947
2025,167,13,1,150132,15,1501,Lima Metropolitana,6,471.7939945090165,2830.763967054099,114338.98000388611,1588.0413889428628,415.0030867441384,227.6046629219211,0,0,No pobre,52026.23508255979
2022,433,14,3,130101,13,1301,Selva rural,3,276.8012758780877,830.4038276342632,173652.27426743723,4823.67428520659,428.3375912716992,247.3552179258502,0,0,No pobre,31554.742490239125
2022,477,17,1,050101,05,0501,Selva rural,2,1893.4606123878712,3786.9212247757423,15712.180998514978,654.6742082714574,463.2763551148994,258.4336881634898,0,0,No pobre,35671.723889877205
2023,82,13,1,130101,13,1301,Callao,6,1511.7178768661383,9070.307261196831,39608.55818687087,550.1188637065399,432.31532734672453,259.06414191706205,0,0,No pobre,167307.58036387214
2024,428,10,2,250101,25,2501,Costa rural,2,694.6372481309164,1389.2744962618328,15381.986534433716,640.9161056014049,441.8157100984976,217.7971643525497,0,0,No pobre,15652.752119613915
2021,72,1,4,250101,25,2501,Sierra urbana,5,661.1695717898315,3305.8478589491574,217301.16919563996,3621.686153260666,421.2769650486278,224.5121130975086,0,0,No pobre,57881.36231750379
2024,310,1,1,150101,15,1501,Selva urbana,4,1800.9151247729353,7203.660499091741,28073.344842670966,584.8613508889784,394.9599089164902,241.643422398355,0,0,No pobre,111826.6714121114
2024,479,15,4,250101,25,2501,Selva rural,2,437.37964613833714,874.7592922766743,63663.494268314644,2652.64559451311,479.8066631634091,262.0040673872862,0,0,No pobre,35989.02681236257
2021,254,16,1,150101,15,1501,Sierra urbana,3,1116.5708503474345,3349.712551042304,23183.121419999487,643.9755949999858,433.15365202826075,255.3312260684327,0,0,No pobre,91739.46126184802
2023,162,12,1,010101,01,0101,Sierra rural,2,1455.6581228406726,2911.316245681345,42158.546757034266,1756.6061148764277,413.6446461420511,240.8774030991355,0,0,No pobre,333453.56696461735
2024,327,6,4,010201,01,0102,Costa rural,4,853.1416687348103,3412.5666749392412,5296.162604439621,110.33672092582543,451.37873259931337,268.8613541436691,1,1,Pobre extremo,33109.444370739446
2022,420,6,2,040101,04,0401,Selva urbana,4,175.81445083186824,703.257803327473,68607.2418716183,1429.317538992048,442.0821766661502,230.7291060596409,0,0,No pobre,28149.90688882644
2021,402,12,1,050101,05,0501,Selva rural,1,532.741746067091,532.741746067091,86887.6270802249,7240.635590018742,403.2908280299356,258.9715399830373,0,0,No pobre,45298.50570494984
2025,38,15,4,150101,15,1501,Lima Metropolitana,7,1813.4354611405101,12694.04822798357,15782.879920534999,187.89142762541664,467.69254993975534,257.2894265981062,1,1,Pobre extremo,59296.1544046945
2023,443,4,1,210101,21,2101,Selva rural,3,1093.9260369951533,3281.7781109854595,5276.973311593724,146.58259198871457,387.0902936921237,263.56268181691973,1,1,Pobre extremo,137734.434972856
2021,393,4,3,010201,01,0102,Costa rural,3,1649.3383683271427,4948.0151049814285,102189.61436653524,2838.6003990704235,440.56982518359035,269.13748485176484,0,0,No pobre,127775.07067552886
2025,201,2,3,200101,20,2001,Callao,3,1155.8025313021728,3467.4075939065187,91164.11688935889,2532.336580259969,427.7888491478334,234.69876883058802,0,0,No pobre,50484.52770984495
2025,494,12,3,210101,21,2101,Costa rural,2,1892.8439818533764,3785.6879637067527,54826.06166393754,2284.419235997397,411.8198413785322,213.69407540923748,0,0,No pobre,5077.520498907717
2024,200,7,3,010201,01,0102,Costa urbana,7,1827.3547435580058,12791.48320490604,22774.165268058892,271.1210150959392,462.6380128260242,232.2626749779706,1,0,Pobre no extremo,8522.682324750918
2024,255,9,2,210101,21,2101,Selva rural,3,1017.4872798197637,3052.461839459291,20909.32118322496,580.8144773118045,445.6277074289263,259.7719413889802,0,0,No pobre,95769.48260675551
2024,179,9,3,150132,15,1501,Callao,3,704.7206483290639,2114.161944987192,89377.96143624636,2482.7211510068432,455.94994968775757,258.5274643978802,0,0,No pobre,19350.38878855371
2021,35,8,4,210101,21,2101,Sierra urbana,6,1243.1706959566595,7459.024175739957,20157.279077610474,279.9622094112566,421.4658742644521,223.51789353107668,1,0,Pobre no extremo,103067.37842483206
2021,82,14,1,150101,15,1501,Costa rural,4,1382.2865951719998,5529.146380687999,30998.90140334058,645.8104459029288,474.23983313065105,203.31147648710717,0,0,No pobre,82848.44966513614
2023,389,1,4,010201,01,0102,Costa rural,3,1046.8746753712,3140.6240261136,26775.765988549203,743.7712774597001,414.4723422719,235.68894684783706,0,0,No pobre,30178.2832590984
2024,398,12,3,200101,20,2001,Sierra rural,6,1662.3381200806793,9974.028720484075,36139.883901187124,501.94283196093227,433.1044924455646,233.18706503551684,0,0,No pobre,15915.235037711618
2025,220,2,2,250101,25,2501,Sierra rural,5,448.3241913912773,2241.620956956386,24425.67177739832,407.0945296233053,473.36501118115586,206.0034784443992,1,0,Pobre no extremo,30656.00228770909
2022,158,13,3,210101,21,2101,Sierra rural,3,735.3824781856615,2206.1474345569845,27138.875619992064,753.8576561108907,388.3188957885609,255.64229690065164,0,0,No pobre,44471.734041593416
2023,4,4,3,200101,20,2001,Costa rural,4,1404.1150789962605,5616.460315985042,134909.7228671072,2810.6192263980665,390.8810437166958,219.85131917569856,0,0,No pobre,9108.407908850064
2021,167,18,2,010201,01,0102,Selva urbana,6,568.6993442363588,3412.196065418153,43142.90319854931,599.2069888687405,479.41877663234675,245.20264645218796,0,0,No pobre,91912.403031938
2023,468,19,2,200101,20,2001,Callao,4,935.7050148989043,3742.8200595956173,37964.287317976115,790.9226524578357,477.139115695566,207.10415038584998,0,0,No pobre,73244.89178467267
2023,448,16,2,040101,04,0401,Sierra urbana,5,1931.0937385937561,9655.468692968781,56364.76371587266,939.4127285978776,457.1701605837136,260.2492221036722,0,0,No pobre,43787.00170956098
2023,409,14,2,040101,04,0401,Costa rural,7,1289.164348104491,9024.150436731437,9828.708045279058,117.00842911046497,428.4188276071165,251.74921522086143,1,1,Pobre extremo,43946.85887227617
2023,412,8,2,210101,21,2101,Lima Metropolitana,4,1903.2087458181388,7612.834983272555,67228.04906054046,1400.5843554279263,430.6060848636443,227.1895896285066,0,0,No pobre,150559.74936073407
2022,204,12,2,210101,21,2101,Lima Metropolitana,2,1472.638666172294,2945.277332344588,35333.1547478257,1472.214781159404,405.72128735374355,244.06422645262643,0,0,No pobre,17460.23185880918
2024,194,9,1,210101,21,2101,Costa urbana,3,1476.8668623676285,4430.600587102886,15438.863102902727,428.85730841396463,423.2731036135325,213.12177248799023,0,0,No pobre,25428.297445995075
2025,235,6,3,050101,05,0501,Lima Metropolitana,4,1224.5286300113908,4898.114520045563,24670.891580863972,513.9769079346661,423.13493778663326,268.97957436712613,0,0,No pobre,38656.19333365439
2023,206,18,3,150132,15,1501,Callao,3,370.1963301479809,1110.5889904439427,43470.80453549724,1207.5223482082567,383.60900189267386,255.7275629465603,0,0,No pobre,20335.917026594143
2023,150,2,2,200101,20,2001,Callao,7,1087.4571526839468,7612.200068787628,29073.307087195793,346.1107986570928,425.31582080336693,255.22580021483188,1,0,Pobre no extremo,31964.65153582088
2023,159,8,4,130101,13,1301,Selva rural,3,580.0657809565948,1740.1973428697845,71506.82626910952,1986.3007296974865,427.9794408517467,210.73661523045132,0,0,No pobre,7513.760217792842
2024,279,14,2,010101,01,0101,Selva urbana,4,1997.4778532674325,7989.91141306973,13679.323180332063,284.98589959025134,446.5783174229863,201.24134674257036,1,0,Pobre no extremo,24816.99269087938
2021,304,6,1,210101,21,2101,Selva urbana,5,607.2276861923191,3036.1384309615955,9773.589807877846,162.89316346463076,431.6452913387678,240.97599574387434,1,1,Pobre extremo,32193.498603012766
2021,404,10,4,150101,15,1501,Sierra urbana,4,538.3031025767522,2153.2124103070087,13550.446017105833,282.3009586897048,466.1682932375203,210.08844282878675,1,0,Pobre no extremo,17177.0827568992
2022,381,8,1,040101,04,0401,Selva urbana,3,1285.3779947356848,3856.1339842070543,18607.087589338746,516.8635441482985,416.75618252418235,254.63034195421915,0,0,No pobre,132481.2768592103
2021,166,17,4,040101,04,0401,Sierra urbana,2,1070.8027451172973,2141.6054902345945,30356.15657273647,1264.8398571973528,420.97175912056025,229.12532981247725,0,0,No pobre,56226.42147725052
2023,311,12,4,250101,25,2501,Lima Metropolitana,4,140.5705351835769,562.2821407343076,19964.136993780507,415.91952070376055,437.14825136560745,223.70159742912023,1,0,Pobre no extremo,32549.403522840377
2023,68,17,2,010101,01,0101,Selva urbana,6,346.1130400856927,2076.678240514156,9242.514506059772,128.36825702860793,400.27227245112795,205.15544837231974,1,1,Pobre extremo,19974.181442684338
2023,463,13,1,200101,20,2001,Selva rural,4,1640.981589472274,6563.926357889096,7960.520467426166,165.8441764047118,419.3498085582219,269.72455559612354,1,1,Pobre extremo,7787.871473990132
2022,88,19,4,010201,01,0102,Sierra urbana,3,1019.0147147803651,3057.0441443410955,8513.863602824933,236.49621118958146,448.61674717533276,266.9207546270816,1,1,Pobre extremo,18353.581589268557
2023,217,12,1,010101,01,0101,Sierra rural,2,377.42890816372733,754.8578163274547,20753.825004217233,864.7427085090513,421.18087392748043,209.21178354647958,0,0,No pobre,38806.40920404601
2021,1,16,2,150132,15,1501,Sierra rural,5,983.9608693878939,4919.80434693947,12965.005671172705,216.0834278528784,470.6616510009958,223.29681229270443,1,1,Pobre extremo,33805.262207522464
2024,135,5,2,210101,21,2101,Selva urbana,6,580.983257856567,3485.899547139402,19045.20388306845,264.5167205981729,441.5300520940443,227.35512766172246,1,0,Pobre no extremo,17154.411028143182
2024,185,16,2,150101,15,1501,Selva urbana,3,524.823776113453,1574.4713283403592,88854.86834349316,2468.1907873192545,395.3767749921364,220.77607546809168,0,0,No pobre,193205.76703165792
2025,351,6,2,200101,20,2001,Lima Metropolitana,5,1919.6780252456983,9598.390126228493,9389.015042054163,156.48358403423606,428.74443409893615,265.4127991758391,1,1,Pobre extremo,108678.64326729557
2021,140,11,3,200101,20,2001,Sierra urbana,3,787.8466010297079,2363.539803089124,35229.567126603244,978.5990868500901,456.4778745595766,250.49392803154592,0,0,No pobre,23437.6171954968
2023,106,17,4,210101,21,2101,Callao,4,188.21909887744434,752.8763955097774,9262.061547668758,192.95961557643247,444.3345165306536,266.91414839158455,1,1,Pobre extremo,65169.19153878991
2024,133,14,3,150132,15,1501,Lima Metropolitana,5,1943.6206780108753,9718.103390054377,8091.444820250638,134.85741367084398,468.526357367212,261.21537817668684,1,1,Pobre extremo,132784.4479530497
2021,108,6,2,210101,21,2101,Callao,2,1610.1951920671,3220.3903841342,37577.573170190255,1565.732215424594,454.9982896522617,252.8179063628421,0,0,No pobre,51415.76258132163
2024,178,11,4,210101,21,2101,Sierra urbana,4,583.3852824719012,2333.5411298876047,49387.00930437312,1028.89602717444,386.1613772609887,248.7876974955915,0,0,No pobre,30761.57801819976
2023,298,12,4,010101,01,0101,Selva rural,3,876.8944859402436,2630.683457820731,54727.8547113831,1520.2181864273084,391.25126492381554,260.6313743685637,0,0,No pobre,5923.7932844663965
2024,358,13,1,150101,15,1501,Costa rural,3,1738.350191730744,5215.050575192232,73120.74452942208,2031.1317924839468,444.9748698771098,247.89049277540187,0,0,No pobre,33955.038948544054
2025,380,4,2,200101,20,2001,Sierra rural,4,779.0856867142211,3116.3427468568843,22935.687241739455,477.82681753623865,403.8407958511939,213.21038592868058,0,0,No pobre,17030.889514455343
2025,396,7,3,250101,25,2501,Costa rural,1,1178.0676798125378,1178.0676798125378,34457.13318210341,2871.427765175284,438.78349026392374,245.36885614996686,0,0,No pobre,20047.523451793495
2024,359,2,1,210101,21,2101,Costa rural,4,1116.228052362764,4464.912209451056,19018.78765106903,396.22474273060476,459.22175920939765,236.05011479640012,1,0,Pobre no extremo,26364.133817515452
2021,146,6,4,050101,05,0501,Costa urbana,3,862.4596423947194,2587.378927184158,86132.83410911332,2392.5787252531477,437.6931587807052,268.73262739667285,0,0,No pobre,29126.268147250903
2021,450,6,3,010201,01,0102,Sierra urbana,4,1315.0536134460606,5260.214453784242,11846.82334935109,246.80881977814772,421.5488570006289,235.69758829461088,1,0,Pobre no extremo,24915.34051794129
2021,74,18,2,210101,21,2101,Costa urbana,2,999.252400873584,1998.504801747168,42223.4245079325,1759.3093544971873,444.6270311112719,202.69184882057306,0,0,No pobre,9564.398640629612
2024,463,8,3,210101,21,2101,Callao,5,140.3379341805484,701.6896709027419,10314.443828703215,171.90739714505358,394.3619444274632,218.49326575359504,1,1,Pobre extremo,6317.930099539115
2021,478,8,3,200101,20,2001,Costa urbana,4,1647.3279045310812,6589.311618124325,29702.658807254567,618.8053918178035,452.32079955032816,264.2167232318336,0,0,No pobre,82746.88226515037
2023,108,8,3,040101,04,0401,Callao,7,314.9959872320667,2204.9719106244665,6337.297718332643,75.444020456341,449.7025113712022,267.3649431312645,1,1,Pobre extremo,198569.80626342382
2025,122,8,1,130101,13,1301,Costa rural,6,981.7708686935905,5890.6252121615435,32989.18838562437,458.1831720225607,431.4403364952289,250.994900364854,0,0,No pobre,40308.92089793048
2023,17,1,4,010201,01,0102,Costa urbana,3,1201.8115027622446,3605.434508286734,159007.2591901152,4416.868310836533,407.88134950131723,203.98047291508792,0,0,No pobre,12146.493009065289
2021,196,2,3,040101,04,0401,Selva rural,1,1440.4615029672525,1440.4615029672525,16272.178980599452,1356.0149150499544,459.756378662975,201.6478971422386,0,0,No pobre,97730.79728001378
2023,327,12,4,010101,01,0101,Sierra urbana,4,880.513417047104,3522.053668188416,21631.249867685263,450.65103891010966,431.0550303228017,233.57165019593702,0,0,No pobre,288094.42406497337
2021,318,15,1,050101,05,0501,Costa rural,4,1497.5421253580098,5990.168501432039,58690.4759957673,1222.7182499118187,385.9176905859469,269.97706145926196,0,0,No pobre,122211.06899229863
2024,297,4,2,130101,13,1301,Sierra urbana,1,349.56516096528344,349.56516096528344,28005.17453698692,2333.76454474891,471.861255184066,260.8507716249584,0,0,No pobre,139462.6810916038
2023,479,3,2,010201,01,0102,Selva rural,2,1341.54654171448,2683.09308342896,80814.27932742833,3367.261638642847,456.7716436486892,265.31753346173986,0,0,No pobre,11295.840370411799
2024,499,14,3,040101,04,0401,Selva urbana,4,1670.0439624128355,6680.175849651342,38338.83217447043,798.7256703014673,438.48051476826816,243.64790534950436,0,0,No pobre,20663.98817455073
2024,252,8,1,150101,15,1501,Costa urbana,6,1789.9435483912523,10739.661290347514,59158.35880269528,821.6438722596566,423.6825517282901,260.13873097760506,0,0,No pobre,121419.35624048558
2022,487,13,2,150101,15,1501,Costa rural,6,1201.1763423123896,7207.058053874338,4537.149633763337,63.015967135601905,475.98996980416905,222.37888620780348,1,1,Pobre extremo,10855.916806340862
2021,119,19,1,150132,15,1501,Callao,2,694.5008763425709,1389.0017526851418,29224.41467664352,1217.6839448601465,457.50205742654015,201.9154802415722,0,0,No pobre,20876.239798477218
2025,162,5,1,210101,21,2101,Sierra rural,3,410.3773722558902,1231.1321167676706,9926.409706179295,275.73360294942484,433.4993067286836,264.2775439755839,1,0,Pobre no extremo,43872.99101117804
2021,198,13,3,050101,05,0501,Sierra urbana,1,756.5616304671453,756.5616304671453,18855.38481568624,1571.2820679738534,445.3153895183886,215.29014372542528,0,0,No pobre,62197.04780174149
2025,498,1,3,130101,13,1301,Lima Metropolitana,4,1125.9513089934355,4503.805235973742,39690.45916223906,826.8845658799804,408.0750401729799,250.9940448458861,0,0,No pobre,27582.939580154838
2021,486,16,1,010201,01,0102,Selva rural,5,473.027425583965,2365.137127919825,21879.894525646658,364.6649087607776,399.57159427488847,246.12771204140077,1,0,Pobre no extremo,36691.573098792134
2024,45,2,1,150101,15,1501,Costa urbana,5,1909.7783208168767,9548.891604084383,13282.827057305438,221.38045095509062,407.33195473040786,211.071448389376,1,0,Pobre no extremo,42839.25165100492
2023,314,7,3,050101,05,0501,Sierra urbana,4,1804.557314858528,7218.229259434112,83178.44461878682,1732.884262891392,409.3136099282727,213.70452975718027,0,0,No pobre,28940.391840570646
2023,179,6,1,130101,13,1301,Selva rural,2,162.61867024431936,325.2373404886387,66602.54024424066,2775.1058435100276,453.97384506387107,223.03507370008572,0,0,No pobre,21974.486442153608
2022,382,5,3,150132,15,1501,Sierra urbana,3,1167.7274166377388,3503.1822499132163,7826.6622588137425,217.4072849670484,394.00610407192323,252.9851457064009,1,1,Pobre extremo,32148.937609412547
2025,418,4,4,150101,15,1501,Selva urbana,6,1599.686701468565,9598.12020881139,53434.93938955405,742.1519359660284,457.7587201717679,202.74709712875966,0,0,No pobre,21135.444917142217
2025,44,2,1,200101,20,2001,Lima Metropolitana,3,566.2447238746132,1698.7341716238398,31356.131064657715,871.0036406849365,432.33953133612124,228.49481182019974,0,0,No pobre,88692.28408847348
2025,271,10,3,150101,15,1501,Selva rural,3,1095.4028415462133,3286.2085246386396,33264.67921214355,924.0188670039875,418.4573104376802,246.55792444019963,0,0,No pobre,49296.4009005321
2024,78,5,1,250101,25,2501,Sierra urbana,5,871.3845765778201,4356.922882889101,109096.89119826333,1818.2815199710556,410.0396109593689,212.0029662157043,0,0,No pobre,33750.394109902634
2025,326,18,3,200101,20,2001,Callao,5,473.4379020143452,2367.189510071726,30927.64885603264,515.4608142672107,431.3200604546755,208.3592090804347,0,0,No pobre,28605.09250751594
2023,178,10,1,050101,05,0501,Lima Metropolitana,6,1268.001029364063,7608.006176184378,51163.29527802945,710.6013233059646,411.75184626300495,227.31485687435494,0,0,No pobre,103062.99491268856
2024,357,15,2,150132,15,1501,Selva urbana,3,1988.0151332729788,5964.045399818937,32618.47583590832,906.0687732196756,422.9451992428987,220.05914525031915,0,0,No pobre,25140.225014496682
2021,498,9,2,040101,04,0401,Selva urbana,4,794.0457945318952,3176.183178127581,32779.98923028774,682.9164422976613,453.90152896823497,245.43669649645693,0,0,No pobre,74988.38210001885
2025,416,11,1,010101,01,0101,Selva urbana,4,1149.5201157024871,4598.080462809949,11698.28929242955,243.71436025894897,442.5998506353151,267.8697975564896,1,1,Pobre extremo,118789.21400046244
2025,451,17,2,210101,21,2101,Costa urbana,6,722.923895080851,4337.543370485106,244876.03593509085,3401.0560546540396,454.79823764731833,200.31282551504052,0,0,No pobre,59418.62983915577
2021,3,9,1,210101,21,2101,Selva rural,5,1766.202371924744,8831.01185962372,1689.1411609736742,28.15235268289457,451.2973689643122,263.1665938722391,1,1,Pobre extremo,7239.759725188683
2025,214,16,1,150101,15,1501,Sierra urbana,5,1742.745130805017,8713.725654025086,14002.435622717654,233.37392704529424,461.5072493322922,230.3256125473345,1,0,Pobre no extremo,23771.560499529878
2021,342,6,4,010201,01,0102,Sierra urbana,2,439.6694371011435,879.338874202287,17328.74985707112,722.0312440446301,400.1689959706713,246.48054104873583,0,0,No pobre,15452.82720107054
2024,74,11,4,200101,20,2001,Lima Metropolitana,5,1809.9028610523153,9049.514305261577,60935.51858767808,1015.5919764613013,479.5122999473301,259.5718922991365,0,0,No pobre,10983.996322241368
2023,51,17,2,250101,25,2501,Lima Metropolitana,3,387.8665510065275,1163.5996530195825,7556.203634087358,209.89454539131552,427.57704498715657,240.1421062785487,1,1,Pobre extremo,108167.59270924544
2021,67,4,4,150101,15,1501,Selva rural,1,281.33592328813506,281.33592328813506,22970.562571860504,1914.213547655042,451.82329380808704,206.81182790339366,0,0,No pobre,53024.39670152467
2022,332,15,4,150132,15,1501,Selva urbana,2,1340.5757698329105,2681.151539665821,54622.39335730423,2275.933056554343,447.77501630013217,209.84166229957404,0,0,No pobre,2794.0525247713854
2021,93,1,1,010101,01,0101,Sierra urbana,4,833.2178011528005,3332.871204611202,8990.418591692014,187.30038732691696,436.6150084617028,255.24960296236648,1,1,Pobre extremo,35910.57068470953
2025,176,1,3,040101,04,0401,Sierra urbana,3,1108.4071275775543,3325.221382732663,23783.241676858208,660.6456021349502,479.5816218605868,216.0368762010963,0,0,No pobre,18707.086819199132
2024,145,9,1,010101,01,0101,Selva urbana,6,1339.8844856811804,8039.306914087083,23126.795492205096,321.205492947293,401.73158496368865,239.83263312927036,1,0,Pobre no extremo,91741.738846991
2024,7,12,4,250101,25,2501,Sierra rural,5,200.39075180667126,1001.9537590333563,15706.280787832273,261.7713464638712,422.17288672790283,229.96563587351457,1,0,Pobre no extremo,18754.64192298096
2021,269,4,1,010101,01,0101,Sierra rural,1,656.6110250728874,656.6110250728874,27807.768850726407,2317.314070893867,392.7730559225432,221.25472879663897,0,0,No pobre,49855.63864167784
2023,376,13,2,010101,01,0101,Selva urbana,4,975.7219923608475,3902.88796944339,18343.360022150886,382.1533337948101,398.1835471982549,255.08772948856713,1,0,Pobre no extremo,49303.87574306669
2022,322,7,3,050101,05,0501,Lima Metropolitana,2,606.5160786312706,1213.0321572625412,64270.996923414736,2677.958205142281,451.29640635767663,251.18516565573734,0,0,No pobre,15980.070345997823
2024,4,8,4,150132,15,1501,Costa urbana,3,193.0456301424898,579.1368904274694,43322.94213482085,1203.415059300579,380.484267876328,245.22762191301618,0,0,No pobre,13262.953630257576
2025,138,13,4,150132,15,1501,Lima Metropolitana,4,264.6854891390014,1058.7419565560056,22790.27380178374,474.7973708704946,468.98206513696505,226.08699578962577,0,0,No pobre,275735.14445091056
2025,231,11,1,130101,13,1301,Lima Metropolitana,6,1623.3209506320936,9739.925703792562,28546.72516364923,396.4822939395726,443.31844832686517,215.85292268148993,1,0,Pobre no extremo,53736.4813544737
2023,88,9,1,150101,15,1501,Callao,4,1831.6348425045594,7326.539370018238,18955.284004593148,394.9017500956906,424.090505371633,236.11264656986978,1,0,Pobre no extremo,38191.1855364742
2024,17,16,1,010201,01,0102,Callao,5,389.2432746178528,1946.2163730892642,89598.18200993398,1493.3030334988996,413.13611072469257,257.1972870230139,0,0,No pobre,121774.7179898459
2021,52,10,1,130101,13,1301,Sierra urbana,5,573.5977188538228,2867.988594269114,40416.71431258211,673.6119052097018,392.6274048599916,240.2965479268936,0,0,No pobre,210538.4849669614
2025,134,11,4,150132,15,1501,Lima Metropolitana,3,1339.2738689890323,4017.821606967097,23719.01524902916,658.8615346952544,472.15625864538754,267.9097750236497,0,0,No pobre,162932.6599401947
2023,211,12,1,210101,21,2101,Sierra urbana,4,1913.1163745756496,7652.4654983025985,39922.991621513655,831.7289921148678,451.23223250352606,201.0806241643678,0,0,No pobre,9184.305071057706
2024,325,14,4,150101,15,1501,Sierra rural,5,669.220447353215,3346.1022367660753,147252.16516145895,2454.2027526909824,413.63929989260413,269.8842746972036,0,0,No pobre,37519.50981602294
2024,480,19,1,250101,25,2501,Lima Metropolitana,1,1724.9058898484022,1724.9058898484022,14517.10272269284,1209.7585602244033,387.09361794406203,248.39863324510824,0,0,No pobre,27526.02621005377
2024,458,12,3,050101,05,0501,Selva urbana,6,1061.4468244557152,6368.680946734291,59641.05776525571,828.3480245174404,412.5682831541018,258.28718120336987,0,0,No pobre,241660.7211788584
2024,393,18,3,040101,04,0401,Selva rural,5,1917.4614142534829,9587.307071267414,39058.34988036904,650.9724980061507,398.46342948090836,223.44666574372187,0,0,No pobre,74036.13188718271
2024,219,17,1,210101,21,2101,Selva rural,3,358.89145861356343,1076.6743758406903,22147.49371254569,615.2081586818247,458.6273313231209,235.5838929660589,0,0,No pobre,9946.45492881115
2025,205,3,1,150132,15,1501,Lima Metropolitana,7,1949.9775565951743,13649.84289616622,13951.425706329977,166.08840126583306,451.959868475636,255.7892473519032,1,1,Pobre extremo,5759.367429518484
2023,211,1,2,150101,15,1501,Costa urbana,2,937.8593928760653,1875.7187857521305,58294.008412757365,2428.9170171982237,429.8160627322925,253.24546306568905,0,0,No pobre,183805.6920837905
2024,277,19,3,150132,15,1501,Lima Metropolitana,6,1910.5829418098972,11463.497650859383,34951.144465214114,485.4325620168627,468.5841103091009,223.3824100215493,0,0,No pobre,35868.74483302716
2022,24,4,4,200101,20,2001,Selva urbana,3,971.5114123978866,2914.53423719366,98658.59590138511,2740.516552816253,398.0680688139084,222.70871645166622,0,0,No pobre,34970.939159684356
2022,486,16,3,130101,13,1301,Sierra rural,5,1107.1560548290984,5535.780274145492,76970.11972829522,1282.8353288049204,425.19655854334945,246.39678420384917,0,0,No pobre,25749.974567398604
2023,4,12,4,040101,04,0401,Sierra rural,4,1629.07251857691,6516.29007430764,35256.43890508401,734.5091438559169,451.06203039641207,265.3561427030396,0,0,No pobre,15818.741505246802
2021,152,13,1,040101,04,0401,Lima Metropolitana,5,1472.9941514048487,7364.9707570242435,14047.362450250232,234.12270750417053,386.7802349718679,230.7150193471891,1,0,Pobre no extremo,37769.85962535454
2021,443,17,3,010201,01,0102,Callao,2,1277.2463087928425,2554.492617585685,170907.26943720967,7121.136226550403,417.2677360894711,224.70592595164513,0,0,No pobre,81370.47774942414
2021,483,8,3,200101,20,2001,Sierra urbana,3,892.2620448201563,2676.786134460469,15407.911204529055,427.9975334591404,437.166480218218,262.62809253653273,1,0,Pobre no extremo,35309.34744428083
2022,259,13,2,010101,01,0101,Costa rural,2,1605.6328980592511,3211.2657961185023,56811.675282387034,2367.1531367661264,416.68035387370236,247.81392430196064,0,0,No pobre,103511.56369946955
2021,324,5,2,200101,20,2001,Costa urbana,6,1901.633833249709,11409.802999498253,5461.229401317662,75.8504083516342,428.0198989272751,227.17931857942577,1,1,Pobre extremo,72244.01199303601
2025,357,18,3,040101,04,0401,Costa urbana,3,118.64070419175098,355.922112575253,110591.15467365908,3071.9765187127523,440.81183493670716,204.00933615934562,0,0,No pobre,89566.53416215269
2024,168,15,3,210101,21,2101,Costa rural,4,1216.905683260056,4867.622733040224,4313.466873357745,89.86389319495301,416.8390614179585,250.50424904334494,1,1,Pobre extremo,43614.69251094031
2022,176,12,3,010201,01,0102,Selva rural,5,1745.363765058862,8726.818825294311,20288.657633697658,338.144293894961,390.60143559224684,224.7020543483266,1,0,Pobre no extremo,30833.73904667794
2023,310,17,4,250101,25,2501,Selva rural,6,1340.9138209565588,8045.482925739352,10342.940510835651,143.65195153938404,393.94444973421326,204.93963384406518,1,1,Pobre extremo,11489.997947019423
2023,291,15,1,210101,21,2101,Selva rural,2,1621.57558988334,3243.15117976668,94462.60769371537,3935.9419872381404,432.7003969554197,242.86023610724638,0,0,No pobre,97276.80925625525
2024,479,2,2,150101,15,1501,Sierra rural,6,1800.6160973130723,10803.696583878434,13794.772930650397,191.5940684812555,397.47400256318974,222.61048093456907,1,1,Pobre extremo,46910.486476616425
2022,56,6,1,010101,01,0101,Selva urbana,2,1526.80693012081,3053.61386024162,43300.45957799183,1804.1858157496597,468.98336721438966,223.69195558173706,0,0,No pobre,28147.98297190158
2021,108,17,2,130101,13,1301,Costa urbana,5,1462.3330625930555,7311.665312965278,34209.69004644474,570.161500774079,463.4185685123826,233.5419091523525,0,0,No pobre,11659.32083616733
2021,473,16,2,250101,25,2501,Costa rural,5,1933.0171935914448,9665.085967957224,7328.035615078194,122.13392691796989,414.90320690060156,250.22323371299186,1,1,Pobre extremo,129057.96817332656
2025,296,17,2,210101,21,2101,Sierra urbana,1,1741.0008499939881,1741.0008499939881,67919.2459554433,5659.937162953608,463.09871719949297,219.3431334345406,0,0,No pobre,35819.12858842431
2025,461,9,3,150101,15,1501,Lima Metropolitana,3,1649.2179522072702,4947.6538566218105,26518.986777639235,736.6385216010899,433.3187830341095,205.66621410452308,0,0,No pobre,238636.13842586326
2021,324,5,2,150132,15,1501,Sierra urbana,4,264.16638489656464,1056.6655395862585,104493.44352305985,2176.946740063747,395.90509286029413,229.70980050076543,0,0,No pobre,4576.264344085806
2023,302,1,1,050101,05,0501,Lima Metropolitana,3,554.156777964894,1662.470333894682,46730.17787571512,1298.0604965476423,441.42118545413234,203.8447796181476,0,0,No pobre,49655.40428235299
2023,334,6,2,010101,01,0101,Sierra rural,6,1157.83644621767,6947.01867730602,13574.824036077982,188.5392227233053,447.94511172164067,248.80879569245516,1,1,Pobre extremo,9347.358389168992
2025,141,14,1,130101,13,1301,Costa urbana,3,1448.164199452146,4344.492598356438,22448.54000561601,623.5705557115558,388.38915784701584,267.1470427545802,0,0,No pobre,17458.563085058842
2024,155,17,2,010201,01,0102,Selva urbana,6,676.1082972709062,4056.649783625437,21879.84776440835,303.88677450567155,411.4453090422038,246.11311653536922,1,0,Pobre no extremo,27536.34953996368
2021,262,19,2,200101,20,2001,Costa urbana,4,277.32341492956436,1109.2936597182575,54187.01705154286,1128.8961885738097,380.5383987611919,219.27733148255976,0,0,No pobre,67797.65247574869
2025,273,1,3,050101,05,0501,Lima Metropolitana,7,691.0884549489707,4837.619184642795,52610.8534723034,626.3196841940882,411.64288033561263,212.71916712763223,0,0,No pobre,47669.385383762194
2025,420,1,1,010101,01,0101,Selva rural,5,1564.9554431029865,7824.777215514932,14678.15531805521,244.63592196758682,413.5445332919249,216.2948499910063,1,0,Pobre no extremo,20992.311188460295
2021,232,13,2,250101,25,2501,Sierra urbana,5,1767.0619557486089,8835.309778743045,63098.303477298075,1051.6383912883014,443.0208626779085,215.5127002217685,0,0,No pobre,18604.663467431787
2021,241,14,2,150132,15,1501,Costa urbana,2,1834.5169318542512,3669.0338637085024,38790.65017282052,1616.2770905341883,399.9043279649165,221.9681354231161,0,0,No pobre,6532.197702524856
2023,355,6,1,010201,01,0102,Sierra urbana,4,819.8466903738807,3279.386761495523,49141.17896527627,1023.7745617765889,383.00909867277926,206.81426746897014,0,0,No pobre,19695.05625930825
2024,337,6,2,040101,04,0401,Costa rural,2,807.8232922343733,1615.6465844687466,42875.08423893794,1786.461843289081,411.56345334932814,262.7003340352505,0,0,No pobre,17257.481209543243
2024,489,1,4,210101,21,2101,Costa rural,3,872.744194846403,2618.2325845392093,56733.35608513362,1575.9265579203784,462.5619546258924,261.95843467306554,0,0,No pobre,119462.69325403775
2021,258,14,3,210101,21,2101,Sierra urbana,4,814.0379919007507,3256.151967603003,11619.841316327967,242.08002742349933,419.9145205557826,243.06653774977366,1,1,Pobre extremo,24393.800361876216
2022,249,3,1,010201,01,0102,Selva urbana,5,1365.7735542636983,6828.867771318492,31922.84705548661,532.0474509247769,421.509376983402,204.33442568111175,0,0,No pobre,24598.39955058769
2025,77,10,3,040101,04,0401,Callao,1,780.8141980507862,780.8141980507862,66614.45067871975,5551.204223226646,426.90275628466026,256.28005185052365,0,0,No pobre,44794.15285516236
2025,180,19,4,210101,21,2101,Selva urbana,4,138.65347956706708,554.6139182682683,73434.48054892893,1529.8850114360193,455.1788830809987,204.3252008616772,0,0,No pobre,142444.9211757613
2021,66,19,4,010101,01,0101,Callao,4,934.1467413069563,3736.586965227825,73332.56433245508,1527.7617569261474,428.00248923785716,207.44948566341924,0,0,No pobre,139567.1264196398
2022,308,19,4,010201,01,0102,Costa urbana,2,525.8889257393167,1051.7778514786335,12120.688312621363,505.0286796925568,389.1282752536782,222.77074748509892,0,0,No pobre,396788.3734494693
2023,348,4,1,010201,01,0102,Sierra urbana,4,154.73356179077794,618.9342471631118,174629.6272734624,3638.1172348637997,400.63997995996493,230.20292223658922,0,0,No pobre,8951.516415072763
2021,171,19,4,250101,25,2501,Sierra rural,5,994.6016079146916,4973.0080395734585,131738.76675098215,2195.646112516369,398.7897366992575,224.77222697007235,0,0,No pobre,42780.71407769371
2021,474,10,1,040101,04,0401,Selva urbana,2,491.31366247675686,982.6273249535137,12345.359710173254,514.3899879238855,430.78633184043355,211.56608466848547,0,0,No pobre,32724.062908808974
2025,22,2,1,250101,25,2501,Lima Metropolitana,5,960.2094481954947,4801.047240977474,20555.3977786539,342.589962977565,382.9929465065225,207.8490802377242,1,0,Pobre no extremo,5864.05339367318
2021,367,4,2,040101,04,0401,Selva urbana,4,627.7249745595443,2510.8998982381772,49843.019378850884,1038.3962370593933,408.3616608512764,260.15906586930913,0,0,No pobre,11305.41945646845
2021,107,6,1,250101,25,2501,Selva rural,5,1247.046853532823,6235.234267664115,14054.578059823163,234.24296766371938,440.7194941043169,225.42268581663495,1,0,Pobre no extremo,90225.66597565897
2021,439,7,4,010201,01,0102,Costa rural,3,1982.667035060523,5948.001105181569,45412.84900154914,1261.4680278208095,415.46506755316017,215.3019564678056,0,0,No pobre,61494.02768643242
2025,323,16,1,200101,20,2001,Selva urbana,5,1139.7406493521635,5698.703246760817,32550.63465030412,542.5105775050687,450.77121584188217,234.0893949636363,0,0,No pobre,61030.8756308954
2023,227,7,1,200101,20,2001,Lima Metropolitana,2,1329.1022420962631,2658.2044841925263,85804.12165345384,3575.1717355605765,419.12213368567905,202.5776380376566,0,0,No pobre,56809.482304564495
2023,444,18,3,200101,20,2001,Selva urbana,3,1846.6239397272825,5539.871819181848,39606.42133432349,1100.1783703978747,477.92575283777785,242.01968276325752,0,0,No pobre,6737.804706186427
2021,442,19,4,010201,01,0102,Lima Metropolitana,2,810.6007936776741,1621.2015873553482,4326.519689440728,180.271653726697,476.5356287058314,217.39427107947188,1,1,Pobre extremo,12113.073987885371
2025,396,9,1,210101,21,2101,Callao,6,416.44205459260775,2498.6523275556465,58476.622487896275,812.1753123318927,459.98407144645915,241.8737489891927,0,0,No pobre,21241.83881154705
2023,216,10,2,150132,15,1501,Selva rural,5,637.3148375680512,3186.574187840256,81362.20818009407,1356.0368030015677,475.4390528051511,242.98876151121084,0,0,No pobre,83255.2853741195
2023,69,13,1,130101,13,1301,Callao,1,865.3103873576435,865.3103873576435,25418.396219022823,2118.1996849185684,400.4778241617663,256.64569339510524,0,0,No pobre,41428.3173103147
2023,84,18,1,150132,15,1501,Lima Metropolitana,1,1325.5335943860928,1325.5335943860928,30732.953075981557,2561.079422998463,455.09231657963403,216.09333289266317,0,0,No pobre,89696.566790486
2025,103,16,3,200101,20,2001,Selva urbana,3,108.71725591646995,326.1517677494098,30821.77664523822,856.1604623677283,412.1658633319457,232.44252470334962,0,0,No pobre,256754.14701297815
2025,39,17,4,210101,21,2101,Selva rural,2,1721.4281080572703,3442.8562161145405,15886.296471401793,661.9290196417413,452.5294318942924,267.3321136734251,0,0,No pobre,7413.323415907983
2021,13,13,4,010201,01,0102,Sierra urbana,4,244.57854879467786,978.3141951787114,248339.08145145184,5173.730863571914,417.38934616331994,250.8987390859234,0,0,No pobre,32229.088353167277
2024,297,12,2,150101,15,1501,Sierra urbana,4,1811.2447829452458,7244.979131780983,13304.232768035017,277.1715160007295,408.94206597441854,268.27406656122906,1,0,Pobre no extremo,32372.095367995877
2023,313,10,2,210101,21,2101,Costa rural,6,1903.9255902893078,11423.553541735848,62016.3427861799,861.3380942524986,475.879509522166,264.91559991539725,0,0,No pobre,15855.187129085805
2024,181,1,2,150101,15,1501,Costa urbana,7,1981.1953088130545,13868.367161691382,61760.09343621411,735.2392075739775,400.9885441755838,242.75240177645023,0,0,No pobre,56394.08665692657
2025,493,8,1,010201,01,0102,Selva rural,4,1638.0693503730674,6552.27740149227,17817.30696198826,371.1938950414221,455.85685946065627,218.47512491175004,1,0,Pobre no extremo,631290.7493012439
2025,268,18,1,010101,01,0101,Selva urbana,1,369.52549928628997,369.52549928628997,11582.475343803371,965.206278650281,447.4672163204555,252.98469096636916,0,0,No pobre,14071.889026435458
2025,13,2,2,040101,04,0401,Costa urbana,3,1441.717382127854,4325.1521463835625,24444.80782733227,679.0224396481186,410.34776418080645,248.8683472068605,0,0,No pobre,66315.9663523837
2024,120,16,4,130101,13,1301,Sierra urbana,4,486.31045215553536,1945.2418086221414,50390.8774988948,1049.8099478936417,425.83430174922796,241.22230842501784,0,0,No pobre,12767.33908752681
2025,458,12,4,150132,15,1501,Selva urbana,4,1804.5428876027677,7218.171550411071,35458.00375222624,738.7084115047134,394.2943095924329,248.84804599439107,0,0,No pobre,5972.372085759872
2021,353,9,2,250101,25,2501,Costa urbana,4,701.551258745155,2806.20503498062,137897.7215709565,2872.869199394927,472.1208604370723,242.95104901816757,0,0,No pobre,19659.90792658976
2025,57,3,3,250101,25,2501,Selva rural,7,720.9123564425782,5046.386495098048,15853.07656706702,188.7271019888931,476.81198015274305,236.35653161509924,1,1,Pobre extremo,47710.89579933366
2022,40,4,4,040101,04,0401,Selva rural,6,1843.5412622382466,11061.24757342948,16203.064521371309,225.04256279682374,453.24630317513595,229.116883717834,1,1,Pobre extremo,54130.78273527332
2024,374,2,4,210101,21,2101,Costa urbana,2,125.13903448903866,250.27806897807733,59487.01385070275,2478.625577112615,464.942034383263,203.12958622042083,0,0,No pobre,214797.39027006435
2022,336,8,2,250101,25,2501,Lima Metropolitana,3,468.53568781878255,1405.6070634563475,5994.033167031129,166.50092130642025,388.26174308013185,260.5981543372227,1,1,Pobre extremo,47981.51590365276
2025,128,10,4,050101,05,0501,Selva rural,5,901.6713064705646,4508.356532352823,16206.90664245397,270.1151107075662,418.39686179563915,260.5878407819822,1,0,Pobre no extremo,36813.37127030447
2021,173,16,1,250101,25,2501,Sierra rural,5,1431.3709778893667,7156.854889446833,23919.579127024652,398.65965211707754,413.0811114882215,241.58331239782456,1,0,Pobre no extremo,83526.33603549244
2023,35,11,1,010201,01,0102,Sierra urbana,3,1330.3757154849973,3991.127146454992,26560.41244326217,737.7892345350602,436.4951565619069,218.7519013610708,0,0,No pobre,46544.241925581286
2025,259,18,4,040101,04,0401,Costa rural,5,1371.8825628175832,6859.412814087917,17035.87711738675,283.93128528977917,398.33552946741844,201.96917308272248,1,0,Pobre no extremo,35463.327203598936
2021,376,14,1,130101,13,1301,Costa rural,4,1772.0418539802617,7088.167415921047,5209.568196685133,108.53267076427362,436.33813206269974,200.1000162916882,1,1,Pobre extremo,30322.82181888088
2024,5,8,3,040101,04,0401,Sierra rural,4,329.95778335718757,1319.8311334287503,96106.99837813269,2002.2291328777644,445.4365365576588,205.10351728057773,0,0,No pobre,68599.44853763831
2022,218,15,4,130101,13,1301,Costa urbana,3,1092.1072228156638,3276.3216684469917,91651.479568502,2545.874432458389,393.2353091857263,225.19204284458155,0,0,No pobre,61593.39871897702
2022,11,17,2,050101,05,0501,Selva rural,6,1478.4076092947282,8870.44565576837,6014.567564157897,83.53566061330413,393.1720708865444,213.18771621979545,1,1,Pobre extremo,27881.48859917347
2022,382,18,1,250101,25,2501,Sierra rural,4,1308.6250415559125,5234.50016622365,49338.021267739714,1027.8754430779106,383.5423389843151,218.55406599462665,0,0,No pobre,153492.27606262793
2024,327,6,3,040101,04,0401,Sierra rural,2,951.7968278846083,1903.5936557692166,23823.33313122245,992.6388804676021,456.08924496241445,248.97622641134524,0,0,No pobre,84315.06708652605
2021,117,14,3,150101,15,1501,Selva rural,5,132.51771315711153,662.5885657855576,44512.14789223521,741.8691315372536,413.1008536838805,267.14048420514104,0,0,No pobre,95072.19576559994
2024,184,3,1,200101,20,2001,Sierra urbana,5,214.85930473098082,1074.2965236549041,34632.20791537055,577.2034652561758,402.5420455744802,214.47430901140228,0,0,No pobre,14569.434159848202
2022,394,7,3,050101,05,0501,Selva rural,6,325.9885210222896,1955.9311261337375,7247.911221241728,100.66543362835733,457.8094395045229,232.59507538955427,1,1,Pobre extremo,21735.67197294414
2025,362,15,4,210101,21,2101,Callao,3,752.1327303871908,2256.3981911615724,55371.867768291115,1538.1074380080865,394.32556900895395,269.40355810495873,0,0,No pobre,165473.03754551776
2023,116,16,3,150101,15,1501,Selva rural,7,323.5415600675791,2264.7909204730536,16370.313990140268,194.88469035881272,422.7183427097305,265.21720787639254,1,1,Pobre extremo,102726.65803872794
2024,162,16,1,130101,13,1301,Lima Metropolitana,2,909.5563948189558,1819.1127896379116,2599.99713476087,108.33321394836958,454.4786675518527,224.66214121204618,1,1,Pobre extremo,8824.74282708836
2024,67,8,3,040101,04,0401,Selva urbana,4,439.41978211260084,1757.6791284504034,32185.85448706706,670.5386351472304,437.38323175871767,222.37823327586582,0,0,No pobre,50779.70334449828
2021,200,7,1,130101,13,1301,Costa urbana,4,1580.4157752997914,6321.663101199166,6588.820240542593,137.26708834463736,435.4000143492423,216.95194482360736,1,1,Pobre extremo,94645.48543382622
2021,31,6,1,130101,13,1301,Costa rural,3,1755.8264717532097,5267.47941525963,75379.88610910217,2093.885725252838,395.7463410716025,210.87819948803622,0,0,No pobre,13015.836050511592
2024,75,2,3,050101,05,0501,Costa rural,4,840.330265139534,3361.321060558136,20704.07876319484,431.33497423322586,398.0932727834741,232.20364553901447,0,0,No pobre,99776.10413869777
2022,237,13,1,150101,15,1501,Sierra rural,6,1071.5303540997136,6429.182124598281,28883.68382154385,401.16227529922014,438.2558793909741,223.87843593847234,1,0,Pobre no extremo,38230.82693523902
2023,327,12,1,040101,04,0401,Lima Metropolitana,4,1911.642858965789,7646.571435863156,42946.635856164285,894.7215803367559,382.356686108066,252.13863157092766,0,0,No pobre,163674.90999997052
2021,493,15,2,250101,25,2501,Sierra rural,4,1117.4647351623787,4469.858940649515,29567.833562366563,615.9965325493034,466.91179889634105,216.58065526813579,0,0,No pobre,31966.76735313401
2022,66,9,4,010101,01,0101,Sierra rural,2,1990.6391101025074,3981.278220205015,15804.868138990912,658.5361724579546,415.0470800640975,251.54325673140343,0,0,No pobre,8558.2571850943
2025,70,2,1,150132,15,1501,Costa urbana,1,370.04888801490375,370.04888801490375,74356.21054372216,6196.350878643513,421.6616217017327,220.17026101873822,0,0,No pobre,61602.82411905487
2021,297,17,4,150132,15,1501,Sierra rural,2,1738.230199133727,3476.460398267454,24399.083291051826,1016.6284704604927,405.84323347326,241.49101492532915,0,0,No pobre,11804.951852497297
2022,447,5,2,050101,05,0501,Sierra rural,7,1044.685705078634,7312.799935550439,9781.30838571368,116.44414744897239,467.66710992631033,244.69010674763118,1,1,Pobre extremo,20484.792856437158
2022,416,11,2,210101,21,2101,Selva urbana,5,143.1568113743695,715.7840568718475,37023.308877404976,617.0551479567496,444.2504072805905,247.0246997850233,0,0,No pobre,5901.526889036839
2023,20,19,2,010201,01,0102,Costa urbana,7,1947.2235887347622,13630.565121143336,25022.760707201483,297.8900084190653,424.9908469035067,212.2737290226083,1,0,Pobre no extremo,16187.382201645576
2023,441,7,2,010101,01,0101,Sierra urbana,1,1933.59100951238,1933.59100951238,26353.124878775394,2196.0937398979495,438.5308795659741,219.7897958805186,0,0,No pobre,139192.99516241785
2025,226,2,4,040101,04,0401,Lima Metropolitana,4,828.2145963474856,3312.858385389942,30126.953164521205,627.6448575941918,418.03695959753907,217.22809797836632,0,0,No pobre,42077.664801912375
2022,434,16,3,150132,15,1501,Sierra urbana,1,1912.8699350632194,1912.8699350632194,28293.304232694063,2357.7753527245054,426.5582478284412,240.33122877108363,0,0,No pobre,28784.514923674273
2022,464,12,3,210101,21,2101,Selva rural,5,367.9183202532369,1839.5916012661846,99881.22155165799,1664.6870258609665,415.76321934142845,205.30224815899567,0,0,No pobre,15115.480555440954
2023,409,15,4,010201,01,0102,Selva urbana,3,1392.2092681292963,4176.627804387889,13082.851757649722,363.4125488236034,421.06747942108353,236.2779514972595,1,0,Pobre no extremo,44684.54827984351
2021,396,1,1,150101,15,1501,Costa rural,2,464.6650750868856,929.3301501737712,4135.102603977997,172.29594183241656,411.497654400943,206.12269389501293,1,1,Pobre extremo,29110.065670379907
2021,199,13,4,040101,04,0401,Selva rural,4,568.6297490361726,2274.5189961446904,26917.426700462314,560.7797229262982,387.7641077546022,223.59391929531796,0,0,No pobre,396075.4908822104
2024,39,6,1,130101,13,1301,Sierra urbana,3,1580.7411306849503,4742.2233920548515,56877.8757848251,1579.9409940229193,383.7346278163169,248.06942650657808,0,0,No pobre,37138.33025918132
2023,145,13,1,210101,21,2101,Costa urbana,4,816.9803606740604,3267.9214426962417,6582.880611451237,137.14334607190077,397.41062042677385,228.87948385082382,1,1,Pobre extremo,57161.300353715655
2024,45,18,3,040101,04,0401,Costa rural,4,113.54225537438025,454.169021497521,37349.61356370155,778.1169492437822,405.16377438287304,219.62392875675596,0,0,No pobre,19245.50117978695
2023,395,3,2,010101,01,0101,Callao,5,887.0530059716297,4435.265029858148,7585.7844933151155,126.42974155525192,469.04718605896824,243.1100023129324,1,1,Pobre extremo,35695.887012127954
2025,326,1,3,130101,13,1301,Sierra rural,7,533.331709202623,3733.321964418361,57491.01574024022,684.4168540504788,441.1248654523105,251.8188378737478,0,0,No pobre,57680.80529193884
2022,381,15,3,010101,01,0101,Costa urbana,3,1398.3268357607533,4194.98050728226,27165.686535333847,754.6024037592736,475.8297169623991,217.82094543408175,0,0,No pobre,14439.156371113637
2025,407,13,4,200101,20,2001,Costa rural,4,469.45252377465056,1877.8100950986022,12187.001195555671,253.89585824074314,413.964686019563,220.9579930767114,1,0,Pobre no extremo,65730.30417884397
2023,91,5,4,150132,15,1501,Sierra urbana,5,1700.281704029304,8501.40852014652,6353.887217286132,105.8981202881022,420.1738003800437,244.820574186576,1,1,Pobre extremo,41342.195901310406
2022,238,13,1,010201,01,0102,Selva rural,4,607.4767230055121,2429.9068920220484,191562.75206366667,3990.8906679930556,451.97532275898567,267.56562821264095,0,0,No pobre,3728.839180381002
2021,70,5,4,210101,21,2101,Sierra rural,1,846.7536907377261,846.7536907377261,214211.67402771898,17850.97283564325,437.79020776340303,214.97100756688428,0,0,No pobre,82779.90973997863
2021,166,19,1,130101,13,1301,Sierra rural,5,666.2700355144863,3331.350177572431,10186.734671613864,169.7789111935644,432.78800803820985,245.79733449978468,1,1,Pobre extremo,59169.02926883985
2024,130,18,1,150132,15,1501,Lima Metropolitana,2,1323.4543608377949,2646.9087216755897,9973.104930364821,415.5460387652009,437.55640415639255,263.46128887478716,1,0,Pobre no extremo,46077.806571025554
2023,214,10,2,050101,05,0501,Costa urbana,2,292.21072833015376,584.4214566603075,28887.808234492262,1203.6586764371775,438.413531227646,232.3376735531053,0,0,No pobre,19252.324997098436
2023,340,8,2,010101,01,0101,Selva rural,2,1008.3888081266638,2016.7776162533276,19014.427356475768,792.2678065198237,456.5740424204531,222.1790958546727,0,0,No pobre,427302.3502968937
2021,89,15,3,200101,20,2001,Sierra rural,2,735.4641489086105,1470.928297817221,20060.83843208377,835.8682680034904,446.8082027315009,246.6809745644579,0,0,No pobre,20168.86352876199
2025,335,4,2,010101,01,0101,Costa rural,1,1779.862130247798,1779.862130247798,34730.0308086894,2894.16923405745,475.73142486820683,202.20022645365503,0,0,No pobre,1826.3886776749246
2022,252,2,1,040101,04,0401,Lima Metropolitana,2,239.48297779134552,478.96595558269104,151141.04735297445,6297.543639707269,474.79630180564334,225.2112385373362,0,0,No pobre,60921.695099967685
2025,369,6,4,150101,15,1501,Lima Metropolitana,3,1676.420623372424,5029.261870117272,91664.98559925774,2546.2495999793814,422.19228496782296,218.05818187719794,0,0,No pobre,31712.54297190916
2025,349,3,2,200101,20,2001,Selva urbana,3,418.59290540682736,1255.778716220482,20166.332965760583,560.1759157155717,383.572260951191,215.72351919448997,0,0,No pobre,8580.457494253482
2021,72,7,2,200101,20,2001,Sierra urbana,2,268.29755386691477,536.5951077338295,51529.126275022834,2147.0469281259516,381.1074782218727,212.58314844688744,0,0,No pobre,28201.191210688292
2021,165,10,2,010201,01,0102,Costa urbana,4,484.4134304337152,1937.6537217348607,5103.384456571081,106.32050951189751,392.31934048878776,251.59443111101677,1,1,Pobre extremo,33956.41062269267
2021,49,6,2,210101,21,2101,Selva rural,3,295.04066582243973,885.1219974673193,30403.405318521927,844.5390366256091,387.4897398898095,266.85698567281753,0,0,No pobre,17057.038478392533
2024,52,16,1,050101,05,0501,Callao,1,1089.8695015840385,1089.8695015840385,21742.3224963092,1811.8602080257667,417.33660489708683,226.933945172536,0,0,No pobre,40559.749702320296
2025,289,2,1,050101,05,0501,Callao,3,1977.6084105399846,5932.825231619954,64030.141198870115,1778.6150333019477,385.2874598884003,203.43723148356287,0,0,No pobre,51820.71324418594
2023,278,17,3,010201,01,0102,Selva urbana,3,165.2219686560918,495.6659059682754,47086.29822102305,1307.9527283617513,442.4914036137118,250.32382695708046,0,0,No pobre,34674.45556777701
2022,114,13,4,010101,01,0101,Callao,3,976.1438637069765,2928.4315911209296,35524.951203907716,986.8042001085477,399.0174225995277,237.67430341245125,0,0,No pobre,14434.958968121333
2024,239,1,3,250101,25,2501,Selva urbana,3,833.5336253049373,2500.600875914812,40709.667492490225,1130.8240970136173,431.39653185695875,250.65512296920656,0,0,No pobre,58026.59452492032
2023,133,6,3,150132,15,1501,Costa urbana,4,745.2521870681607,2981.0087482726426,18211.533519730296,379.4069483277145,390.30787826337354,245.35329149392345,1,0,Pobre no extremo,7200.314471926297
2025,487,5,2,250101,25,2501,Costa rural,4,730.5408598233856,2922.1634392935425,64272.06454622655,1339.0013447130532,462.7729065828292,263.38051866744337,0,0,No pobre,54524.85450434485
2021,274,13,4,040101,04,0401,Selva rural,6,1800.524237590278,10803.145425541668,40705.69564309554,565.3568839318825,457.9958828193316,209.83081349088422,0,0,No pobre,49434.44286653355
2025,166,18,2,050101,05,0501,Sierra urbana,4,136.05468539596768,544.2187415838707,23248.08638321961,484.33513298374186,418.64872210513954,211.84132916818191,0,0,No pobre,29247.17087616297
2022,374,12,1,210101,21,2101,Costa urbana,4,1572.3411360222628,6289.364544089051,29403.477296529243,612.5724436776926,471.0593332525584,223.9098456816196,0,0,No pobre,21790.81677467156
2024,373,7,3,150101,15,1501,Selva rural,3,580.5730397312892,1741.7191191938678,57508.08699889642,1597.446861080456,398.57006461853774,234.3972171198217,0,0,No pobre,10639.725045130339
2024,293,15,4,010101,01,0101,Selva urbana,5,828.2614705533922,4141.307352766961,62618.97972829339,1043.6496621382232,461.3936705213036,264.7999646705405,0,0,No pobre,21330.87444227284
2022,478,3,1,210101,21,2101,Selva urbana,2,898.2848344122976,1796.5696688245953,19771.24863078166,823.8020262825693,434.5855434376638,263.4874960544972,0,0,No pobre,16099.077377689311
2023,243,16,3,210101,21,2101,Costa urbana,4,678.9903327401125,2715.96133096045,12035.962144041961,250.74921133420753,412.9580068298741,261.0310483488564,1,1,Pobre extremo,13248.665352065684
2023,479,1,4,130101,13,1301,Selva rural,3,277.76183748725595,833.2855124617679,17852.81745000069,495.9115958333525,388.4360934917608,215.57688537605142,0,0,No pobre,10890.885671718652
2024,320,16,3,200101,20,2001,Selva urbana,4,317.2286127759261,1268.9144511037043,18700.11213343847,389.58566944663477,397.1311126407751,251.077346404958,1,0,Pobre no extremo,135127.62198220647
2024,138,12,4,150132,15,1501,Costa urbana,6,666.4491357570241,3998.6948145421447,30059.289726411036,417.49013508904216,466.2862605355688,226.84442208633214,1,0,Pobre no extremo,77969.45392548614
2021,79,19,3,200101,20,2001,Lima Metropolitana,6,1661.4372004857762,9968.623202914658,79037.54767089408,1097.7437176513067,440.6886075191715,265.1828049278756,0,0,No pobre,417625.93883382314
2023,170,8,2,210101,21,2101,Costa urbana,2,355.7925402960825,711.585080592165,17615.257595515213,733.9690664798005,403.70955583964997,215.017508546499,0,0,No pobre,45976.248910886665
2022,123,12,3,010201,01,0102,Sierra urbana,3,1511.0156829772684,4533.047048931805,38147.568555930666,1059.6546821091852,429.58528774555646,209.88805672427716,0,0,No pobre,74636.77644694051
2023,176,15,3,250101,25,2501,Costa urbana,5,648.8524859156466,3244.2624295782334,22792.69798585858,379.87829976430965,390.7836669825242,258.9669622243459,1,0,Pobre no extremo,33799.72000707585
2021,300,2,4,130101,13,1301,Lima Metropolitana,4,1778.5833767129764,7114.333506851905,27369.971223425408,570.2077338213627,389.88424916685926,250.18353165833057,0,0,No pobre,164701.48506643873
2024,82,17,4,200101,20,2001,Selva rural,4,913.8241032612177,3655.296413044871,35336.2887650305,736.172682604802,470.7764651637168,257.4995174756681,0,0,No pobre,34488.1484434967
2024,87,7,2,040101,04,0401,Selva rural,5,426.27429526501356,2131.3714763250678,79334.78541817663,1322.246423636277,425.78562892629094,211.05603713746893,0,0,No pobre,96223.86740478859
2021,225,13,4,150101,15,1501,Callao,4,1973.1044552099695,7892.417820839878,33611.095888904805,700.2311643521834,416.1567153951137,261.9354881424624,0,0,No pobre,43730.0477180501
2022,16,1,3,150101,15,1501,Selva urbana,7,435.605586536832,3049.239105757824,2634.8666429095633,31.36746003463766,474.90718266442605,247.43342496529957,1,1,Pobre extremo,228607.50043805997
2024,310,6,4,150132,15,1501,Callao,4,1178.4776603413118,4713.910641365247,22489.274097452704,468.52654369693136,419.900067860717,245.60925620290035,0,0,No pobre,22427.555708512242
2025,358,13,4,040101,04,0401,Sierra rural,4,1181.644308382655,4726.57723353062,110436.17598738267,2300.7536664038057,413.624212805358,240.78087041686385,0,0,No pobre,114453.44518986063
2024,163,11,4,200101,20,2001,Sierra urbana,4,808.3455572377817,3233.3822289511268,75197.60811104058,1566.6168356466787,407.2986171157842,253.54135399138235,0,0,No pobre,32587.88428749265
2025,98,10,2,200101,20,2001,Selva rural,5,1907.828325843349,9539.141629216745,54806.59185530146,913.4431975883577,436.50628207470953,229.09258197164365,0,0,No pobre,15737.034014405319
2021,156,16,2,210101,21,2101,Selva urbana,4,1703.3616685822901,6813.4466743291605,77761.66823466073,1620.034754888765,435.8410592275711,209.2974872153217,0,0,No pobre,34501.39584280781
2021,2,17,1,200101,20,2001,Selva urbana,4,1676.6571655926598,6706.628662370639,56478.79638257055,1176.6415913035532,381.61941759969613,237.74854065459377,0,0,No pobre,3834.7738361677357
2024,350,17,2,040101,04,0401,Sierra urbana,7,1950.888677316008,13656.220741212055,76416.53632920035,909.7206705857184,445.4062323957307,252.36713704414936,0,0,No pobre,92488.4343923347
2023,397,4,2,150101,15,1501,Callao,4,968.507742573002,3874.030970292008,9840.357825077012,205.0074546891044,458.83071030264534,210.7553217021362,1,1,Pobre extremo,70691.92633535352
2025,169,5,2,210101,21,2101,Sierra urbana,3,284.6529736780556,853.9589210341669,25492.173690427135,708.1159358451982,441.596454243039,215.68144673278414,0,0,No pobre,242461.93850220612
2022,464,14,3,010101,01,0101,Callao,4,1554.3662583546081,6217.4650334184325,30723.981160844425,640.0829408509255,466.98881382840375,248.75819354463252,0,0,No pobre,13876.661283537767
2024,315,10,1,040101,04,0401,Selva urbana,4,823.5439009586743,3294.175603834697,28244.16226858587,588.4200472622057,407.64163610366757,218.87556538680974,0,0,No pobre,17266.15047667682
2022,325,14,3,010201,01,0102,Lima Metropolitana,1,461.65578842668475,461.65578842668475,16004.727779921015,1333.7273149934178,399.19794027687425,211.89586024106208,0,0,No pobre,10270.008915000399
2024,375,1,2,200101,20,2001,Sierra rural,4,1018.1699521184815,4072.679808473926,30689.883858411995,639.3725803835832,449.72780938199736,262.2574454113709,0,0,No pobre,52345.0917285547
2023,92,11,2,150101,15,1501,Lima Metropolitana,5,1858.8659863176101,9294.32993158805,5824.279530056256,97.07132550093759,398.85591022003274,211.26267492379088,1,1,Pobre extremo,23973.857818342727
2023,181,18,1,250101,25,2501,Costa rural,4,425.578336127794,1702.313344511176,40451.11557678612,842.7315745163775,389.11048793752633,224.09040053331398,0,0,No pobre,15913.443226295425
2023,231,16,1,200101,20,2001,Lima Metropolitana,5,1712.5277489365096,8562.638744682548,14670.46678776991,244.50777979616518,389.66150685396616,229.9901204678981,1,0,Pobre no extremo,54182.876493296324
2023,301,18,4,010201,01,0102,Selva urbana,4,894.589389068723,3578.357556274892,3795.469346994677,79.0722780623891,456.8393493225718,233.32979899132775,1,1,Pobre extremo,109346.39374611803
2021,148,8,2,150101,15,1501,Sierra urbana,7,359.92376333596974,2519.466343351788,27306.023848377303,325.07171248068215,382.87373016681045,225.29169480743403,1,0,Pobre no extremo,40388.3133273251
2021,280,10,2,150132,15,1501,Costa urbana,3,1711.9263775784473,5135.779132735342,108369.64191713667,3010.267831031574,408.94567048391997,263.8776949579391,0,0,No pobre,22498.37028578144
2025,189,10,3,200101,20,2001,Costa urbana,2,1942.2786482637143,3884.5572965274287,4862.065882660806,202.58607844420024,392.91864099440767,246.10376548233782,1,1,Pobre extremo,117208.9741397374
2022,347,5,4,210101,21,2101,Sierra urbana,3,653.414360086522,1960.243080259566,21617.547652820493,600.4874348005692,455.4910146799505,225.16462544558917,0,0,No pobre,28166.527473012164
2024,350,10,2,130101,13,1301,Lima Metropolitana,4,676.7187986999309,2706.8751947997234,6248.5222516795275,130.17754690999016,430.3493085572984,225.0403803676334,1,1,Pobre extremo,27751.468607367246
2024,314,18,3,040101,04,0401,Sierra urbana,3,842.037367775873,2526.112103327619,33906.05205222992,941.8347792286089,400.5492414497667,235.20667494293232,0,0,No pobre,60654.60722286192
2021,493,6,1,010201,01,0102,Costa rural,3,1646.8476924755334,4940.543077426601,58920.0729110434,1636.6686919734277,455.0410898651267,202.35642429187433,0,0,No pobre,18293.292568554905
2024,411,3,3,200101,20,2001,Selva rural,4,119.79267380504965,479.1706952201986,12986.731676323043,270.55690992339674,455.03665091381635,264.86499871830716,1,0,Pobre no extremo,101164.86294920067
2021,410,8,2,010101,01,0101,Callao,3,525.5174483013153,1576.552344903946,18375.03811400676,510.4177253890766,432.30226470686506,215.63165643998295,0,0,No pobre,14507.645556630034
2025,128,9,3,250101,25,2501,Sierra urbana,4,1441.2096411020198,5764.838564408079,23533.630670007096,490.2839722918145,407.584978705521,248.83147959822207,0,0,No pobre,19730.26614796587
2022,7,5,3,150101,15,1501,Callao,5,870.7149559224996,4353.574779612498,82081.4819392249,1368.0246989870818,438.62770992622217,254.4405922904011,0,0,No pobre,11469.655061870977
2025,426,2,4,010201,01,0102,Callao,5,727.5616836394423,3637.8084181972117,7643.765665406447,127.39609442344077,473.3530100754192,257.91681106311165,1,1,Pobre extremo,86095.37893680198
2023,47,2,4,040101,04,0401,Costa urbana,3,1757.337488913833,5272.012466741499,17881.319703023615,496.7033250839893,385.1636387626219,211.59496169072568,0,0,No pobre,140801.25133705523
2023,53,7,1,200101,20,2001,Sierra rural,4,1842.934448277855,7371.73779311142,110595.9521769488,2304.082337019767,406.69498466217925,237.5685148829017,0,0,No pobre,31176.891226338408
2023,187,17,4,010101,01,0101,Sierra urbana,3,1901.1738164157712,5703.521449247313,13979.96857031299,388.332460286472,408.4969195392678,205.85720534979092,1,0,Pobre no extremo,56760.646323704525
2025,38,10,3,150101,15,1501,Costa rural,6,617.8460120431636,3707.076072258981,18862.83040817098,261.9837556690414,443.18116635848827,256.3354641719489,1,0,Pobre no extremo,52405.98428643382
2024,453,12,4,040101,04,0401,Callao,6,1833.7739581243031,11002.643748745819,31638.091153930392,439.41793269347767,445.1164396661947,234.05160737708732,1,0,Pobre no extremo,48861.7195492359
2022,471,2,2,150101,15,1501,Sierra rural,3,1500.2345539818489,4500.703661945547,218481.0687711736,6068.918576977045,400.63153949437134,211.09423412464344,0,0,No pobre,11412.829132715506
2023,476,10,3,040101,04,0401,Costa rural,2,393.0080221283032,786.0160442566064,9841.505789490993,410.06274122879137,401.6100597662511,250.30752619256447,0,0,No pobre,18866.674384218004
2023,226,1,3,200101,20,2001,Sierra rural,2,1259.5130537855996,2519.026107571199,53094.224639371794,2212.2593599738248,472.8212684519169,223.18188941263844,0,0,No pobre,77655.7698710249
2023,53,4,3,130101,13,1301,Sierra urbana,3,150.0361566832833,450.1084700498499,9237.12913088361,256.5869203023225,455.6298817662811,208.01546226320752,1,0,Pobre no extremo,122551.33474391741
2022,399,13,2,050101,05,0501,Callao,4,1445.9184959646439,5783.673983858575,10863.953461496576,226.33236378117866,473.42696985317195,232.27516774955532,1,1,Pobre extremo,93820.34387694504
2023,224,12,3,210101,21,2101,Costa urbana,4,1493.778293036783,5975.113172147132,16947.97363933503,353.0827841528131,462.96629881626984,216.46726190968002,1,0,Pobre no extremo,36922.82739818775
2022,154,11,4,130101,13,1301,Sierra rural,3,1599.743166330495,4799.229498991484,40878.46482549266,1135.5129118192406,420.2117980263699,266.51552850162096,0,0,No pobre,80995.47105371718
2023,48,10,2,050101,05,0501,Selva urbana,4,427.7976028326263,1711.1904113305052,16403.217210699793,341.733691889579,392.1907636845168,225.29531604647443,1,0,Pobre no extremo,7805.225393171189
2025,351,15,3,200101,20,2001,Selva rural,6,1293.6748878003089,7762.049326801853,30321.836979081156,421.1366247094605,442.95503662567376,240.07170336025501,1,0,Pobre no extremo,4818.259162745126
2025,147,5,4,200101,20,2001,Costa rural,4,439.8277011725433,1759.3108046901732,14104.555511328968,293.8449064860202,415.19910622576543,266.3852698919943,1,0,Pobre no extremo,9178.45609925317
2022,393,17,4,200101,20,2001,Sierra rural,2,1898.635158439434,3797.270316878868,28950.40228493929,1206.2667618724704,422.54119905918185,227.56048305975725,0,0,No pobre,610168.3988439337
2025,64,5,1,050101,05,0501,Callao,4,1382.5203160935855,5530.081264374342,8367.14968891466,174.31561851905542,422.5879740944058,225.06888116431688,1,1,Pobre extremo,290139.23787093203
2022,349,2,4,010101,01,0101,Costa rural,4,281.11911120770594,1124.4764448308238,8556.485935319091,178.26012365248107,473.6519621664213,211.36839482752933,1,1,Pobre extremo,7350.983815868991
2025,182,9,4,010201,01,0102,Costa urbana,6,455.36123701106334,2732.16742206638,16946.527510040545,235.36843763945203,386.88624191925936,265.68124951960357,1,1,Pobre extremo,29069.101943764483
2025,125,6,1,050101,05,0501,Costa rural,3,1360.5741864465208,4081.7225593395624,46628.862476551156,1295.2461799041987,399.31037614697385,256.0521344842367,0,0,No pobre,23580.659798165176
2022,179,18,1,250101,25,2501,Costa rural,3,1005.6739427032564,3017.0218281097696,32029.63103623159,889.7119732286552,440.7942871014942,215.47076923153244,0,0,No pobre,132547.62705389468
2024,39,14,2,010201,01,0102,Selva urbana,4,1498.965565800669,5995.862263202676,13400.726949118496,279.18181143996867,468.37580658868933,223.28720994238324,1,0,Pobre no extremo,69893.85654051736
2025,260,19,4,250101,25,2501,Costa rural,4,633.4987179587523,2533.9948718350092,9716.565453797066,202.42844695410554,471.7942651869991,264.0438244657366,1,1,Pobre extremo,24891.672510069904
2023,382,14,2,040101,04,0401,Sierra rural,5,1350.043320009446,6750.21660004723,68215.65695320745,1136.9276158867908,435.869292651493,237.60957170654774,0,0,No pobre,63731.587829580225
2024,3,8,2,210101,21,2101,Callao,1,436.2243192578341,436.2243192578341,91758.82370068568,7646.568641723807,383.45612188343966,238.9434000624116,0,0,No pobre,78681.87047355529
2022,64,17,3,210101,21,2101,Costa rural,4,1133.049500385963,4532.198001543852,42486.937117878675,885.1445232891391,416.2881034339474,245.37011373659655,0,0,No pobre,5641.663905385538
2024,29,3,2,210101,21,2101,Callao,2,1919.8192239449738,3839.6384478899477,37048.689346574974,1543.695389440624,471.8833292172679,253.35146725354588,0,0,No pobre,61818.52948490248
2021,372,10,2,150132,15,1501,Sierra urbana,3,1293.6222413528742,3880.866724058623,3928.3745961012546,109.12151655836819,429.99440859730925,265.74998819650307,1,1,Pobre extremo,35628.70855147538
2021,11,17,2,050101,05,0501,Costa rural,4,194.9878732593413,779.9514930373653,45902.530164457974,956.3027117595411,452.66132791834843,256.15575514290174,0,0,No pobre,11551.942068252658
2025,97,11,2,010101,01,0101,Sierra urbana,2,1978.648061699591,3957.296123399182,112372.36367254709,4682.181819689462,406.9193420449495,265.4184438924815,0,0,No pobre,20101.31769743053
2025,358,8,1,040101,04,0401,Selva rural,3,398.04602633284463,1194.138078998534,70614.5668126703,1961.515744796397,382.50069703359054,257.4426830706565,0,0,No pobre,48221.20189876576
2023,442,1,4,200101,20,2001,Costa rural,5,1464.3312951244998,7321.656475622499,67255.29340128397,1120.9215566880662,437.8360186228224,203.25038424302664,0,0,No pobre,41140.96826822641
2024,203,13,3,050101,05,0501,Lima Metropolitana,4,1111.8070742219722,4447.228296887889,6064.507725539595,126.34391094874157,463.49810044364204,208.22742343758594,1,1,Pobre extremo,30042.47059842815
2021,411,4,1,250101,25,2501,Selva rural,2,659.2853068281772,1318.5706136563545,14272.915672797482,594.7048196998951,479.02686968900593,261.9425047952434,0,0,No pobre,26857.468899164418
2025,481,7,3,250101,25,2501,Callao,4,436.8899223126473,1747.5596892505891,23615.167126134827,491.9826484611422,464.66271078388723,201.938751433168,0,0,No pobre,38391.10358925094
2024,21,14,3,010201,01,0102,Lima Metropolitana,2,437.63449212575983,875.2689842515197,14179.033369256302,590.793057052346,435.3994362321125,255.59222541739516,0,0,No pobre,7290.884155368269
2025,39,5,1,200101,20,2001,Costa rural,3,1730.9593942955048,5192.878182886514,9472.162083343337,263.1156134262038,440.87275888005377,259.4890612332459,1,0,Pobre no extremo,201835.47341747934
2025,223,11,2,150132,15,1501,Sierra rural,4,1758.5337769105045,7034.135107642018,39230.28426897082,817.2975889368921,462.41640398711655,229.08251934577166,0,0,No pobre,25267.929819796715
2021,102,17,1,250101,25,2501,Lima Metropolitana,2,983.7764910869528,1967.5529821739055,65977.3876857761,2749.057820240671,381.98106968276164,224.83983269762538,0,0,No pobre,60235.82818852022
2021,46,5,3,210101,21,2101,Sierra urbana,7,296.88077955745035,2078.1654569021525,7655.972116576959,91.14252519734475,475.16443481944646,213.60829533826347,1,1,Pobre extremo,183138.70686087623
2025,66,3,3,010201,01,0102,Callao,2,1779.913697308901,3559.827394617802,68468.2957735633,2852.845657231804,433.12212458482315,203.4243210163654,0,0,No pobre,112963.0246879111
2022,91,5,2,130101,13,1301,Selva rural,5,1025.3313237326693,5126.656618663346,32890.12517720067,548.1687529533446,475.2052244489921,252.17680694176954,0,0,No pobre,49106.595203843965
2025,164,15,1,150101,15,1501,Selva rural,5,933.648603447136,4668.24301723568,115928.62342651145,1932.143723775191,456.45181665808315,205.16089591131706,0,0,No pobre,32540.166471650788
2025,459,19,4,010201,01,0102,Sierra urbana,7,873.9783464314785,6117.848425020349,55014.26159962414,654.9316857098112,395.23176786147013,266.12687396062444,0,0,No pobre,35482.71075169707
2023,111,16,3,010201,01,0102,Selva urbana,3,793.5269303324907,2380.580790997472,30239.503986806583,839.9862218557384,396.52598146396275,220.77204239425433,0,0,No pobre,7127.210728302879
2023,338,8,1,250101,25,2501,Costa rural,6,1099.410266856329,6596.461601137973,30453.55403517268,422.96602826628725,415.3645976012713,255.5971022315962,0,0,No pobre,10722.774322120316
2023,123,13,2,050101,05,0501,Costa rural,7,1248.628330562238,8740.398313935666,26954.815558151797,320.890661406569,406.39880219357974,204.17778557257674,1,0,Pobre no extremo,46176.41577406048
2022,193,16,2,200101,20,2001,Sierra rural,2,986.2211867886163,1972.4423735772325,138236.34066737164,5759.847527807152,423.92987592975265,237.53950792563103,0,0,No pobre,24882.613154505958
2022,447,3,4,130101,13,1301,Selva urbana,4,1803.6315105645845,7214.526042258338,46669.63389404968,972.2840394593683,440.390387087539,224.43696759633843,0,0,No pobre,8118.991339676011
2025,99,1,3,210101,21,2101,Selva urbana,2,703.5563342060449,1407.1126684120898,19318.404480671223,804.9335200279676,423.6579499486742,202.10007736246956,0,0,No pobre,48522.51528051998
2023,291,9,4,050101,05,0501,Lima Metropolitana,4,1198.7925278948844,4795.170111579538,44907.09664119008,935.5645133581266,385.64205847072185,245.905954808642,0,0,No pobre,77274.61798038837
2022,159,9,4,040101,04,0401,Callao,4,669.912448368572,2679.649793474288,40924.2701578522,852.5889616219209,477.5631615150902,266.0213904635946,0,0,No pobre,116446.65055028684
2021,412,17,4,250101,25,2501,Sierra rural,3,1531.365045205815,4594.095135617445,18388.182563232793,510.78284897868866,422.51221342013497,200.7526937042146,0,0,No pobre,61792.1911677708
2025,103,2,4,200101,20,2001,Selva rural,5,294.03008872364774,1470.1504436182386,12859.867599720963,214.33112666201606,465.10750043217206,218.93058483261683,1,1,Pobre extremo,19320.898521480463
2024,385,9,2,010101,01,0101,Sierra urbana,1,458.5280939111318,458.5280939111318,77944.99680812111,6495.41640067676,387.3954292261152,249.25240198882955,0,0,No pobre,71987.43686770117
2025,281,19,3,210101,21,2101,Selva rural,5,1622.2826788612065,8111.413394306032,21244.28038812042,354.071339802007,461.0064879716682,260.9877606829141,1,0,Pobre no extremo,48110.020235000506
2024,43,13,4,050101,05,0501,Costa urbana,1,448.0754309171235,448.0754309171235,20197.343399313293,1683.1119499427743,397.3404637711305,213.35454214500547,0,0,No pobre,14399.19715490347
2023,486,5,3,210101,21,2101,Sierra rural,4,1288.9180577700063,5155.672231080025,45416.77872173493,946.1828900361444,447.9404942996962,204.9501749177138,0,0,No pobre,13927.4960580289
2024,84,9,2,200101,20,2001,Sierra urbana,2,1943.462558617974,3886.925117235948,16881.96652960816,703.4152720670066,446.18066962550904,200.60489802359496,0,0,No pobre,84894.82205824759
2023,451,13,2,040101,04,0401,Selva rural,3,1093.492166155335,3280.476498466005,33049.976194498835,918.0548942916344,470.980671826686,215.0644495159329,0,0,No pobre,49696.00843120166
2021,191,1,1,040101,04,0401,Selva rural,5,456.05324804613156,2280.266240230658,19106.454938906823,318.44091564844706,412.06766803507384,204.99221044379732,1,0,Pobre no extremo,46988.551030386996
2024,51,15,1,210101,21,2101,Selva urbana,3,709.3129868160113,2127.938960448034,2640.2995140334347,73.34165316759541,390.8959759915642,225.15674623718186,1,1,Pobre extremo,38692.267874082565
2025,386,4,3,040101,04,0401,Sierra rural,4,1664.5703452630526,6658.28138105221,38090.31320057906,793.5481916787304,466.45658162598755,230.80880424676928,0,0,No pobre,66295.03808731757
2023,210,4,1,050101,05,0501,Costa urbana,6,768.1557349279501,4608.934409567701,34051.88402078277,472.94283362198286,413.1577529640367,233.59466641175445,0,0,No pobre,21768.63548975343
2025,126,10,4,210101,21,2101,Costa rural,1,1474.6715821566459,1474.6715821566459,36991.49653063872,3082.6247108865596,403.2533789060469,209.96305171712254,0,0,No pobre,31975.04140329848
2022,492,6,3,050101,05,0501,Sierra rural,5,1576.9651194796195,7884.825597398098,4154.74508807512,69.24575146791867,428.6208611988362,232.47916341786126,1,1,Pobre extremo,76499.39561333624
2023,448,12,2,040101,04,0401,Callao,2,1052.2474097658119,2104.4948195316238,7977.58988744714,332.39957864363083,394.613569001179,200.63361492291043,1,0,Pobre no extremo,37678.318923732004
2024,458,16,2,150132,15,1501,Costa urbana,2,1588.105430296139,3176.210860592278,76593.6385679279,3191.401606996996,409.69633530719693,216.7594761685432,0,0,No pobre,17166.674515140676
2023,69,3,4,150101,15,1501,Callao,2,702.1157084136073,1404.2314168272146,28753.410947466393,1198.0587894777664,418.5280634064653,225.83602345165238,0,0,No pobre,18250.044728361878
2025,265,14,1,010101,01,0101,Costa urbana,7,1080.703328761171,7564.923301328196,4894.402181008005,58.266692631047675,407.7255293491069,208.28461031604965,1,1,Pobre extremo,37979.07967914804
2021,258,1,3,250101,25,2501,Callao,2,1404.460701547067,2808.921403094134,29031.33548737509,1209.6389786406287,425.0259500743082,256.9803218122122,0,0,No pobre,2737.7430079168616
2023,418,10,3,200101,20,2001,Sierra rural,6,419.33897987832273,2516.0338792699363,6549.75273044571,90.96878792285708,418.46506722841247,214.08486746157078,1,1,Pobre extremo,209185.74878639248
2024,188,15,4,010101,01,0101,Sierra urbana,7,619.8817380261604,4339.1721661831225,16059.166412741133,191.18055253263253,457.45910311105996,252.84227981523875,1,1,Pobre extremo,30521.132841134404
2022,230,7,1,050101,05,0501,Sierra rural,3,1338.869546447939,4016.6086393438172,33800.18807370672,938.89411315852,471.84086769247097,233.17251276190794,0,0,No pobre,59013.3100619161
2021,189,4,3,150101,15,1501,Selva rural,4,1345.1842276761515,5380.736910704606,33844.128688862445,705.086014351301,390.09232167478524,233.58201652016152,0,0,No pobre,68676.06007349413
2022,415,14,4,150101,15,1501,Lima Metropolitana,5,1037.27502826066,5186.375141303301,66580.63296857267,1109.6772161428778,462.33025434441913,245.16360352739386,0,0,No pobre,46724.23698246456
2023,10,16,3,150132,15,1501,Selva urbana,3,1611.612177886029,4834.836533658087,40894.25576358934,1135.9515489885928,473.17712077019354,203.0994398143099,0,0,No pobre,9265.303363166777
2025,114,14,2,130101,13,1301,Selva rural,2,1015.9043138094536,2031.8086276189072,43280.089112466594,1803.3370463527747,448.6613145968676,205.51315380001,0,0,No pobre,12495.211090940313
2025,76,3,3,130101,13,1301,Costa urbana,3,1774.5123042860932,5323.53691285828,19085.354470688573,530.1487352969048,479.6419676170688,222.87904428407597,0,0,No pobre,8188.924312156849
2024,164,17,3,050101,05,0501,Costa urbana,5,1498.2165186566963,7491.082593283481,12514.469391035504,208.57448985059173,413.5042999664892,229.17757503512055,1,1,Pobre extremo,108541.78681396456
2025,85,14,3,150101,15,1501,Costa rural,5,697.9202402763484,3489.601201381742,28114.19839517893,468.56997325298215,463.0309941584965,230.0958558036374,0,0,No pobre,7762.107678801619
2021,49,18,1,150132,15,1501,Costa urbana,3,850.9826161206554,2552.947848361966,67378.63794115718,1871.6288316988107,447.3702504676889,247.38209915778276,0,0,No pobre,18701.632892471553
2025,495,3,1,250101,25,2501,Lima Metropolitana,2,1368.6047029627068,2737.2094059254136,56582.69641195705,2357.61235049821,412.3428787197458,200.04935082853066,0,0,No pobre,134138.49550838172
2024,326,19,4,250101,25,2501,Costa rural,6,1799.4599757646333,10796.759854587799,22449.065882850726,311.7925817062601,450.46764835103454,267.1373564455782,1,0,Pobre no extremo,11735.16136323081
2023,496,3,1,010101,01,0101,Costa urbana,1,439.5465921366666,439.5465921366666,25497.16981256374,2124.7641510469784,430.9621839057558,212.21411876838613,0,0,No pobre,42168.01629827669
2023,177,12,3,210101,21,2101,Costa urbana,5,1077.8607236097623,5389.303618048812,11942.475120303447,199.04125200505743,398.89738907971224,217.40421734136658,1,1,Pobre extremo,77598.78079374997
2025,387,5,3,200101,20,2001,Sierra rural,1,325.6904005163158,325.6904005163158,75769.86384776447,6314.155320647039,397.3879682409463,263.3939029167614,0,0,No pobre,34241.98020186286
2022,458,10,1,150132,15,1501,Sierra rural,5,630.9647951082493,3154.8239755412465,115105.8717416652,1918.43119569442,451.3398846765848,200.38439806086865,0,0,No pobre,42432.95464452631
2023,389,9,1,210101,21,2101,Selva urbana,6,1403.3645826571603,8420.187495942962,39950.46529018528,554.8675734747956,451.19304623167335,269.3914257091268,0,0,No pobre,61883.45014857106
2025,494,1,3,040101,04,0401,Selva rural,3,247.69580697150724,743.0874209145218,6172.641982174086,171.46227728261348,433.0773760961433,202.51701349389722,1,1,Pobre extremo,216676.54969857945
2024,218,13,3,250101,25,2501,Sierra urbana,2,1358.48130558881,2716.96261117762,49318.730224888895,2054.947092703704,430.1415667277747,208.43818636454918,0,0,No pobre,14267.174973443747
2025,189,3,2,050101,05,0501,Selva urbana,4,1811.5411297960643,7246.164519184257,119261.69516438262,2484.6186492579714,398.00384456888617,216.80746987842218,0,0,No pobre,23408.112297909764
2023,469,19,4,150132,15,1501,Costa urbana,3,1941.8035529350857,5825.410658805257,9831.576665649796,273.09935182360545,422.9286123004305,230.7105148079035,1,0,Pobre no extremo,68373.2216292241
2024,493,11,1,150101,15,1501,Selva urbana,3,511.60118194847945,1534.8035458454383,57599.10276476705,1599.9750767990847,467.1397521031101,236.29160736009146,0,0,No pobre,29826.93459120711
2025,346,16,4,010201,01,0102,Sierra rural,4,1522.906117554964,6091.624470219856,22715.263017271758,473.2346461931616,465.4727306095151,207.33029298180654,0,0,No pobre,20725.335283334316
2021,230,6,3,010201,01,0102,Selva rural,3,1860.1038525405065,5580.31155762152,82409.88754541276,2289.1635429281323,446.09189018080986,205.15717290347203,0,0,No pobre,101824.41053154292
2024,255,3,4,250101,25,2501,Costa urbana,3,273.6016906139284,820.8050718417851,9490.108951153212,263.6141375320337,479.7356677969733,202.23013254840376,1,0,Pobre no extremo,3922.378462946257
2021,236,19,1,150132,15,1501,Callao,5,886.64485612949,4433.22428064745,18209.5146753921,303.491911256535,469.31783466896206,217.9725490471942,1,0,Pobre no extremo,112229.69781161747
2022,26,6,1,210101,21,2101,Costa urbana,4,1846.8785570571154,7387.514228228461,6560.816432689865,136.68367568103886,394.5230423568102,264.50730815166696,1,1,Pobre extremo,177732.56873390786
2024,72,8,4,210101,21,2101,Selva urbana,3,485.2962466841772,1455.8887400525316,36518.83278036887,1014.4120216769131,419.9136403093703,227.28897632215322,0,0,No pobre,29576.7057356891
2021,261,13,1,150132,15,1501,Selva rural,4,1874.1452991968995,7496.581196787598,44258.02657779903,922.0422203708131,393.19374847592746,253.48051744661845,0,0,No pobre,9744.217352941467
2023,254,12,2,200101,20,2001,Callao,5,1101.664935066779,5508.324675333895,36664.74998691037,611.0791664485062,426.6089616429203,213.31317361772656,0,0,No pobre,43363.973840607716
2023,271,10,3,250101,25,2501,Lima Metropolitana,4,289.7968568213558,1159.1874272854232,16913.228011106006,352.3589168980418,457.6382824744832,204.5275458008623,1,0,Pobre no extremo,58783.03507941719
2022,123,3,3,040101,04,0401,Costa rural,3,954.7669018354785,2864.3007055064354,18115.57910733831,503.21053075939756,395.5788709928759,238.7995851938564,0,0,No pobre,7039.030781397265
2024,144,4,1,010101,01,0101,Lima Metropolitana,1,719.8962713874258,719.8962713874258,20040.63616884561,1670.0530140704675,468.0422032419903,257.54646802593516,0,0,No pobre,39423.119918437944
2024,257,1,3,150132,15,1501,Callao,5,636.1879050484358,3180.939525242179,59681.84382160213,994.6973970267022,436.9057551540506,262.8921941664481,0,0,No pobre,255160.4915314705
2024,144,13,2,200101,20,2001,Callao,5,1128.8035937039992,5644.017968519996,7278.106205310433,121.30177008850723,454.89444547972454,238.23432224745707,1,1,Pobre extremo,128354.8536711605
2022,421,4,1,010201,01,0102,Sierra urbana,4,1018.8261124285531,4075.3044497142123,19801.185721267753,412.52470252641155,384.51558121076005,220.58225988217217,0,0,No pobre,61357.91978813314
2024,259,11,2,210101,21,2101,Callao,2,1015.7376032781747,2031.4752065563493,7150.275543914557,297.92814766310653,389.38381533508715,207.66582216660825,1,0,Pobre no extremo,54662.92373765115
2023,436,19,2,050101,05,0501,Selva rural,4,267.46928909591907,1069.8771563836763,18614.390316204248,387.79979825425517,442.086118639766,246.7475997967041,1,0,Pobre no extremo,37756.00137308612
2021,47,11,3,250101,25,2501,Selva urbana,5,1624.4045439515596,8122.022719757798,26560.991773788643,442.68319622981073,463.81919129287877,219.63057719826597,1,0,Pobre no extremo,42224.87098941094
2023,351,12,3,210101,21,2101,Lima Metropolitana,3,1014.7346991760108,3044.2040975280324,178155.99431772227,4948.77761993673,467.38650845252175,259.0773697113738,0,0,No pobre,33024.60863638422
2023,13,11,4,040101,04,0401,Selva urbana,2,1659.721074533561,3319.442149067122,14750.89906284366,614.6207942851526,448.83693252670815,242.35847829173017,0,0,No pobre,44561.01679861865
2021,376,6,2,200101,20,2001,Sierra urbana,4,1666.7298189468056,6666.919275787222,67803.10185509361,1412.564621981117,400.09387201473436,260.1214994348308,0,0,No pobre,7103.631145975494
2023,208,12,3,010201,01,0102,Costa urbana,5,702.557117211282,3512.7855860564105,5771.521752026467,96.19202920044111,399.5021714660697,239.6657107003606,1,1,Pobre extremo,4167.555896040729
2022,311,9,2,040101,04,0401,Costa urbana,1,108.25797723446348,108.25797723446348,27884.161166365426,2323.680097197119,468.1362747357154,254.02196538931102,0,0,No pobre,17137.96928006886
2021,235,10,4,010101,01,0101,Costa rural,4,1831.3667871704251,7325.467148681701,27829.808959948285,579.7876866655893,391.32353855172755,220.6013605637769,0,0,No pobre,101951.22276641407
2023,149,3,2,130101,13,1301,Selva urbana,4,1545.3199168638564,6181.279667455426,52612.82677707732,1096.1005578557774,448.6070864108476,235.2141153267807,0,0,No pobre,65751.93370301161
2025,322,3,1,050101,05,0501,Sierra urbana,4,303.7787179645951,1215.1148718583804,16455.478612876697,342.82247110159784,433.35068390367456,201.3584461032037,1,0,Pobre no extremo,84640.47604414237
2023,438,16,4,010101,01,0101,Selva urbana,4,1433.2813646058926,5733.12545842357,13274.321794140635,276.5483707112632,422.1420096137086,242.54822203264888,1,0,Pobre no extremo,39943.245544879406
2022,155,3,4,250101,25,2501,Sierra rural,4,138.04421047087314,552.1768418834926,4137.74774349313,86.2030779894402,424.03345661638554,237.36175432923173,1,1,Pobre extremo,122391.00665437784
2024,166,10,2,210101,21,2101,Selva urbana,2,152.74223151932713,305.48446303865427,36240.87551430214,1510.0364797625891,474.52073627351905,252.86976257011423,0,0,No pobre,137654.47676361064
2023,90,11,2,150101,15,1501,Selva urbana,3,1099.0641552359007,3297.192465707702,15095.421337949327,419.3172593874813,466.1443199896996,251.0269175840246,1,0,Pobre no extremo,119938.13374746635
2024,186,8,3,150101,15,1501,Sierra rural,4,282.4711155490586,1129.8844621962344,67703.3836795622,1410.4871599908793,466.4983863881746,243.93319012844356,0,0,No pobre,18365.318442417873
2025,318,6,1,010201,01,0102,Sierra rural,1,1932.239392721346,1932.239392721346,42642.03962737465,3553.503302281221,420.66183081436225,203.96797895346072,0,0,No pobre,38368.90394404624
2023,358,11,4,150132,15,1501,Lima Metropolitana,4,1798.2793306354988,7193.117322541995,78193.88838677002,1629.0393413910422,390.6981208737307,263.2106795082754,0,0,No pobre,22849.299629708763
2021,174,12,4,210101,21,2101,Callao,4,1334.6428593709811,5338.5714374839245,12256.60488679069,255.34593514147272,479.78394331176406,201.26134336351078,1,0,Pobre no extremo,158749.5104341954
2024,217,16,4,150101,15,1501,Callao,3,221.04704459279523,663.1411337783857,32340.286098133303,898.3412805037028,394.53430872554816,256.2287362295793,0,0,No pobre,111607.80454954719
2025,395,18,3,200101,20,2001,Sierra urbana,4,717.1869898334237,2868.747959333695,31919.09509881487,664.9811478919764,431.55823303286576,233.5542445887229,0,0,No pobre,57371.213135324935
2021,456,13,1,130101,13,1301,Lima Metropolitana,4,806.2736960214834,3225.0947840859335,17214.329247155132,358.6318593157319,406.4619188598392,257.2595494022741,1,0,Pobre no extremo,72333.80804185114
2021,264,3,4,010201,01,0102,Costa urbana,3,1013.6716880745294,3041.015064223588,81416.27359505523,2261.563155418201,431.07428616499084,232.55489115988843,0,0,No pobre,48619.886986653095
2021,97,15,4,050101,05,0501,Costa rural,4,420.9154606122592,1683.6618424490368,54350.16678856209,1132.2951414283768,410.4933194102648,245.28564635502698,0,0,No pobre,14286.47664289425
2021,117,14,3,010101,01,0101,Lima Metropolitana,6,1197.2721213146722,7183.632727888033,167320.35092511482,2323.893762848817,469.68866406209594,225.42858540473975,0,0,No pobre,106103.32644426615
2023,199,18,2,010101,01,0101,Sierra rural,3,927.9642310275242,2783.892693082573,50271.26989760307,1396.4241638223075,476.83415957088596,252.057511529543,0,0,No pobre,273124.5256586078
2023,320,14,4,150101,15,1501,Costa urbana,4,1899.864230446431,7599.456921785724,144639.07647359074,3013.3140931998073,421.0064282637883,217.79233225801485,0,0,No pobre,60199.28331436746
2023,486,5,1,010201,01,0102,Callao,1,1878.7709362879161,1878.7709362879161,141707.91784573146,11808.993153810954,387.018964057756,250.35491383126066,0,0,No pobre,32194.26107698425
2025,21,14,1,150101,15,1501,Sierra urbana,2,1174.4005151459476,2348.801030291895,17285.21346715431,720.2172277980962,446.3336099345482,213.53678557540505,0,0,No pobre,17554.031513923503
2025,200,8,1,010101,01,0101,Selva rural,2,1324.263738382017,2648.527476764034,7168.196254772154,298.67484394883974,417.66255640484684,250.55173785709079,1,0,Pobre no extremo,28087.522369772792
2025,371,15,1,250101,25,2501,Selva urbana,5,361.8132887701106,1809.066443850553,122752.76726690624,2045.8794544484374,478.5968655956427,220.55699136695173,0,0,No pobre,10150.67466867029
2022,447,15,3,040101,04,0401,Sierra urbana,3,524.314153796326,1572.9424613889778,50233.66816971085,1395.379671380857,388.93747778849206,219.50422404341154,0,0,No pobre,14545.095338335308
2025,341,19,4,210101,21,2101,Sierra urbana,3,1811.3592679836281,5434.077803950884,43008.25115346045,1194.6736431516792,391.91264406951626,256.80457562350244,0,0,No pobre,30718.14421823245
2023,448,6,3,010201,01,0102,Sierra rural,5,1428.4152535018964,7142.076267509482,17965.649111926323,299.42748519877205,449.9423114186547,256.95848456830464,1,0,Pobre no extremo,49831.17707401479
2023,248,19,1,200101,20,2001,Costa rural,2,459.9173748378473,919.8347496756946,38462.392833262245,1602.599701385927,455.864960235376,248.39816586677495,0,0,No pobre,8303.926077132535
2022,276,8,1,150101,15,1501,Lima Metropolitana,3,1183.3995815391233,3550.19874461737,67194.73018204325,1866.5202828345346,427.10964042905636,264.67360415302056,0,0,No pobre,44017.57411978665
2022,264,6,1,150101,15,1501,Sierra rural,3,1876.046375929953,5628.139127789859,48665.60078921131,1351.8222441447588,407.7264602440136,210.9335585341547,0,0,No pobre,176757.30342257113
2025,58,15,3,150132,15,1501,Selva urbana,3,755.8251017076169,2267.475305122851,15483.944365374835,430.10956570485655,410.98100491304524,218.8524924149173,0,0,No pobre,56128.94113430378
2024,302,3,1,130101,13,1301,Sierra rural,4,453.058713486262,1812.234853945048,107808.74515207669,2246.015524001598,413.7972966421271,220.58098606340712,0,0,No pobre,59595.17963874096
2022,31,10,4,050101,05,0501,Selva urbana,3,1889.8480261272869,5669.54407838186,30101.95831610447,836.1655087806797,402.5281990641373,221.37004361807084,0,0,No pobre,54495.05217094079
2021,498,15,1,150101,15,1501,Sierra rural,3,976.4041845549884,2929.2125536649655,49576.1256641166,1377.1146017810165,465.06425481473497,222.96223887190126,0,0,No pobre,7329.3109886668135
2023,249,16,4,200101,20,2001,Selva rural,6,892.7597974592562,5356.558784755537,57326.612583731716,796.2029525518294,386.50772075547974,248.79064239835355,0,0,No pobre,8006.190331514972
2021,93,17,4,050101,05,0501,Callao,6,608.3776796062255,3650.2660776373527,183240.77897954683,2545.0108191603726,420.72778240783146,218.95307003277372,0,0,No pobre,66045.85783574074
2023,496,19,1,130101,13,1301,Costa rural,5,1794.012060399574,8970.06030199787,39066.35997454283,651.1059995757138,454.76031448409924,220.0145508395337,0,0,No pobre,73882.429437167
2023,265,11,3,150132,15,1501,Selva rural,6,1706.6718570901926,10240.031142541156,25666.898638050712,356.4847033062599,380.38254744467264,239.9290208461166,1,0,Pobre no extremo,103239.65419570151
2022,271,16,2,150101,15,1501,Costa urbana,4,865.6817589298328,3462.727035719331,150593.78613998063,3137.3705445829296,467.80325167809286,213.53511985449975,0,0,No pobre,140120.4196669813
2022,94,5,2,050101,05,0501,Callao,4,158.1652318044498,632.6609272177992,72925.52373638054,1519.281744507928,450.62932123793644,225.54212545829859,0,0,No pobre,21666.023757653344
2021,154,5,4,050101,05,0501,Callao,4,948.6377179616651,3794.5508718466604,35435.77352039056,738.2452816748033,387.3373956834068,204.05582720312742,0,0,No pobre,95877.26368997915
2023,394,14,3,250101,25,2501,Callao,5,443.63023150210125,2218.1511575105064,33482.32375337049,558.0387292228414,469.49965889944383,266.6782975644105,0,0,No pobre,94553.10997518453
2021,285,18,2,050101,05,0501,Costa rural,4,371.1947332828742,1484.7789331314968,4609.870366513021,96.03896596902126,428.7304992630818,222.21153739687654,1,1,Pobre extremo,168756.66586611912
2024,80,8,1,010101,01,0101,Lima Metropolitana,2,846.8778626013047,1693.7557252026095,24866.512413020366,1036.1046838758487,445.2239333890312,259.50294935067603,0,0,No pobre,180434.84017322207
2021,292,5,1,130101,13,1301,Sierra rural,5,288.24618095479167,1441.2309047739584,7614.4818375275445,126.90803062545908,468.2033374518842,237.09619158489988,1,1,Pobre extremo,24595.774253134077
2025,84,7,4,200101,20,2001,Callao,5,1919.1825631701633,9595.912815850817,2433.991228986831,40.566520483113855,468.1162344689465,215.97485101013916,1,1,Pobre extremo,33538.293572968265
2021,365,16,3,150132,15,1501,Sierra urbana,5,190.32444538443542,951.6222269221771,15734.9682339192,262.24947056532,420.87441185075016,213.5399301802029,1,0,Pobre no extremo,44706.025821650444
2025,374,14,3,130101,13,1301,Costa urbana,2,862.6022920575816,1725.2045841151632,7759.637192941098,323.31821637254575,403.7689485024934,248.64725214181098,1,0,Pobre no extremo,15880.746530889846
2025,37,5,2,040101,04,0401,Callao,3,409.1351338602203,1227.405401580661,19543.757123995452,542.882142333207,405.74215443461765,267.5408165343549,0,0,No pobre,109972.67102738921
2025,342,9,2,010101,01,0101,Sierra urbana,3,1408.7415109046367,4226.22453271391,35498.80537356589,986.077927043497,456.5941586383728,212.8148804370421,0,0,No pobre,29373.071675344
2024,327,4,1,150132,15,1501,Callao,4,249.74175350766728,998.9670140306691,42541.64965654348,886.2843678446558,472.943036100414,208.07948516877218,0,0,No pobre,116906.82272555308
2021,407,4,4,040101,04,0401,Selva rural,2,1138.930590996405,2277.86118199281,24382.97578283849,1015.957324284937,387.223067331365,227.09695417869514,0,0,No pobre,164865.55796168867
2021,425,16,3,050101,05,0501,Lima Metropolitana,3,1568.8928408836814,4706.678522651044,8434.520129466215,234.29222581850595,381.5019728074014,227.5667382861693,1,0,Pobre no extremo,27383.284018664566
2024,232,17,2,130101,13,1301,Costa rural,2,1905.1136865930443,3810.2273731860887,24124.11166855032,1005.1713195229299,462.29350614727406,256.4377081584367,0,0,No pobre,6339.055128606606
2023,93,15,2,200101,20,2001,Lima Metropolitana,3,1427.202369641884,4281.607108925652,10309.615980053717,286.3782216681588,418.66026032540583,232.8222506138069,1,0,Pobre no extremo,35289.793930341344
2022,336,4,4,150132,15,1501,Costa urbana,5,289.03433950570866,1445.1716975285433,95132.73395886485,1585.5455659810807,407.6449244958161,204.3722831846616,0,0,No pobre,138300.36598430434
2021,102,6,4,210101,21,2101,Selva rural,6,268.189044456868,1609.1342667412077,23555.96654324878,327.1662019895664,398.8373847615842,264.446738419539,1,0,Pobre no extremo,136505.0038753884
2022,412,16,1,040101,04,0401,Sierra rural,1,1490.036292222325,1490.036292222325,9650.232737615492,804.1860614679576,414.64806098282446,226.1231525485405,0,0,No pobre,32843.66922382695
2024,432,4,4,250101,25,2501,Sierra urbana,4,509.12586950659045,2036.5034780263618,10447.143280385546,217.64881834136554,477.1468089278008,246.7972211345942,1,1,Pobre extremo,41021.6826284943
2023,166,6,1,010101,01,0101,Sierra rural,1,949.7546864031727,949.7546864031727,27071.835981330492,2255.986331777541,477.7079774543697,246.72417900886157,0,0,No pobre,31176.76753220212
2023,159,5,1,010101,01,0101,Selva urbana,2,1955.580092567582,3911.160185135164,28348.780710831055,1181.1991962846273,413.15135265567045,203.94394550008352,0,0,No pobre,20057.208821811684
2023,14,16,4,250101,25,2501,Lima Metropolitana,5,1657.8229169673637,8289.114584836818,22602.69957804726,376.711659634121,476.36901182891154,200.25232614101031,1,0,Pobre no extremo,6531.092423557148
2024,373,16,4,010101,01,0101,Costa urbana,5,1708.5273788703812,8542.636894351906,65802.59140546413,1096.7098567577355,409.9863449739617,206.1625919840924,0,0,No pobre,61062.27786381984
2025,225,10,4,010201,01,0102,Sierra urbana,5,1735.4628189833495,8677.314094916748,11322.108770077251,188.70181283462085,465.44810952670724,266.95717930755893,1,1,Pobre extremo,22391.70082665847
2025,73,9,4,010201,01,0102,Costa rural,4,1277.13614623096,5108.54458492384,66385.80634299485,1383.037632145726,401.20042091547595,255.57950643305287,0,0,No pobre,45013.93051271102
2022,249,4,4,150132,15,1501,Callao,6,1513.4744553387088,9080.846732032252,24721.824118338413,343.3586683102557,462.64875883719907,209.2408593707787,1,0,Pobre no extremo,71533.60347585003
2025,91,14,1,210101,21,2101,Costa rural,2,782.0257378051458,1564.0514756102916,58471.7465428078,2436.3227726169916,415.37303975571837,243.04089054291737,0,0,No pobre,89650.43486963418
2025,216,4,2,200101,20,2001,Costa rural,3,1997.0478304884164,5991.143491465249,15321.036537781712,425.58434827171425,399.5723519942951,242.83816253565044,0,0,No pobre,18248.455103059932
2023,461,12,3,050101,05,0501,Selva rural,2,631.2821223438256,1262.5642446876511,54192.94206847733,2258.039252853222,473.4779907423631,200.03913657320473,0,0,No pobre,13674.443456263554
2023,90,10,3,010201,01,0102,Costa rural,5,1221.0140662766871,6105.070331383436,13013.055017721668,216.88425029536114,401.41843324286697,230.0344987943838,1,1,Pobre extremo,65422.570866531656
2022,29,4,1,040101,04,0401,Sierra urbana,3,635.9171888102674,1907.751566430802,118493.24380208354,3291.4789945023203,479.1835225759242,249.82428294212446,0,0,No pobre,70341.4957370663
2021,435,18,1,250101,25,2501,Callao,2,312.934996064139,625.869992128278,25034.625395239174,1043.109391468299,390.85738923884895,213.07549929821602,0,0,No pobre,20670.109301644872
2022,305,13,2,130101,13,1301,Lima Metropolitana,4,1178.4130482029857,4713.652192811943,18256.393031857955,380.34152149704073,381.0020783390207,259.5632682396292,1,0,Pobre no extremo,98199.36246264362
2022,427,13,4,210101,21,2101,Lima Metropolitana,2,771.3624746456655,1542.724949291331,9354.887117823013,389.7869632426255,467.0793546077083,246.2213425869532,1,0,Pobre no extremo,34959.552154660916
2024,476,14,1,200101,20,2001,Lima Metropolitana,1,1208.1166082944367,1208.1166082944367,31311.338939383037,2609.2782449485862,438.66044083084813,200.48470079451866,0,0,No pobre,17272.865756039788
2024,220,18,3,040101,04,0401,Selva rural,2,1161.4891056634863,2322.9782113269725,23534.722716486118,980.6134465202549,422.1626302075032,259.8439926077951,0,0,No pobre,13587.129664306054
2022,328,1,4,210101,21,2101,Selva urbana,1,1130.287785372767,1130.287785372767,8076.0056801044675,673.000473342039,388.1963925532094,201.35800206651217,0,0,No pobre,59172.635938584004
2022,215,16,1,250101,25,2501,Costa rural,4,334.2721318884059,1337.0885275536236,13867.393703577605,288.9040354912001,437.4892530981694,262.1550162911899,1,0,Pobre no extremo,46175.762902522234
2022,221,15,4,040101,04,0401,Lima Metropolitana,4,936.3434712656784,3745.3738850627137,4634.255546064959,96.54699054301999,419.37255852358993,223.36032002989072,1,1,Pobre extremo,53092.67949871239
2025,389,5,3,250101,25,2501,Costa rural,3,1642.8074848577044,4928.422454573113,9733.042357471515,270.36228770754207,428.36219129886825,248.90551786553849,1,0,Pobre no extremo,12016.088155289428
2024,42,6,4,200101,20,2001,Callao,3,698.772641534808,2096.317924604424,24084.97629474871,669.0271192985753,443.03918614022086,255.12016780982182,0,0,No pobre,3923.5684352488533
2022,135,6,1,010101,01,0101,Callao,5,943.2798600549238,4716.399300274619,36984.03305511098,616.4005509185164,443.9933605630563,219.68881739700916,0,0,No pobre,66887.24320537764
2023,42,3,1,050101,05,0501,Selva rural,4,1038.2800216085093,4153.120086434037,20102.410309830415,418.80021478813364,476.05992413530396,224.95057833848833,1,0,Pobre no extremo,120667.98050844925
2023,164,16,3,050101,05,0501,Costa rural,4,1739.189493924315,6956.75797569726,41126.563867947254,856.8034139155678,445.5053413439345,235.66792203256327,0,0,No pobre,7192.516991555545
2025,361,12,2,150101,15,1501,Selva urbana,4,1345.639561529436,5382.558246117744,11352.952082719235,236.51983505665075,413.94041401822307,240.7884072258536,1,1,Pobre extremo,23841.526105684145
2025,283,4,2,010201,01,0102,Selva rural,3,290.38481619089663,871.15444857269,40110.13334171684,1114.1703706032456,412.96328277650787,220.44293342540206,0,0,No pobre,508486.43506340403
2021,58,1,4,150132,15,1501,Selva rural,7,1743.8248730295404,12206.774111206783,25097.115142970986,298.7751802734641,427.7160952907652,269.4676758191686,1,0,Pobre no extremo,63777.96873289262
2021,302,4,1,130101,13,1301,Costa urbana,4,1680.925353415971,6723.701413663884,22350.237736499235,465.6299528437341,405.9327699868183,251.59032712555904,0,0,No pobre,134274.83690126738
2021,322,1,1,250101,25,2501,Selva rural,2,1531.9273631384333,3063.8547262768666,26817.097586155814,1117.3790660898255,417.6438978126289,219.190640687402,0,0,No pobre,185278.87337093055
2025,25,8,3,150101,15,1501,Costa rural,3,985.5102348057915,2956.530704417374,15688.283831472918,435.78566198535884,464.2112771929834,244.83025338873765,1,0,Pobre no extremo,22376.442074661
2025,73,5,3,150101,15,1501,Selva rural,3,1539.3362286230329,4618.008685869098,6761.894214897139,187.83039485825387,465.97616028671973,230.47598407998305,1,1,Pobre extremo,377443.69299351005
2025,373,2,1,150101,15,1501,Costa rural,3,1009.6099190212387,3028.829757063716,10502.246587768761,291.7290718824656,442.779247820034,260.2230224081545,1,0,Pobre no extremo,6386.848929970116
2023,411,12,3,250101,25,2501,Costa rural,6,1499.5847152216095,8997.508291329657,7550.348179256074,104.86594693411215,438.28409419940834,223.0265049543774,1,1,Pobre extremo,60409.18996464009
2025,129,17,2,200101,20,2001,Lima Metropolitana,6,1772.2093134478189,10633.255880686913,21915.049887320616,304.375692879453,422.7099831733529,213.14977917072707,1,0,Pobre no extremo,51295.94342619124
2023,87,7,2,250101,25,2501,Selva rural,2,1792.0290117481338,3584.0580234962677,49733.68182098904,2072.23674254121,443.58989155688465,203.2295381149526,0,0,No pobre,12048.118544513425
2021,330,11,4,050101,05,0501,Costa urbana,3,963.6992909561637,2891.0978728684913,102260.00697017569,2840.5557491715467,460.605334573149,268.90164623074463,0,0,No pobre,17291.94167387927
2021,426,4,3,250101,25,2501,Costa rural,5,1732.7510907688556,8663.755453844278,17764.208466348813,296.07014110581355,453.78470579089804,225.145517152966,1,0,Pobre no extremo,19665.550432694978
2021,436,5,4,200101,20,2001,Lima Metropolitana,3,292.76902296465494,878.3070688939648,23278.82062314263,646.6339061984064,383.5459515677686,215.43629278815771,0,0,No pobre,8560.758208096728
2022,153,6,3,210101,21,2101,Costa urbana,4,293.45689322488397,1173.8275728995359,146435.89656863158,3050.7478451798247,453.1129998605634,234.42379313992456,0,0,No pobre,8836.560584766621
2022,182,11,3,050101,05,0501,Costa urbana,4,1141.707199048212,4566.828796192848,18723.72021590154,390.0775044979487,451.99476671750017,220.41475254314176,1,0,Pobre no extremo,26341.60460154759
2024,125,1,2,010101,01,0101,Selva rural,4,1338.504775066911,5354.019100267644,15305.49554531874,318.8644905274737,389.89905366887024,216.30300240264037,1,0,Pobre no extremo,22352.31580142477
2024,67,10,1,040101,04,0401,Sierra rural,5,390.6881743589651,1953.4408717948256,23924.01374262617,398.7335623771029,395.0247364589126,243.14691501394586,0,0,No pobre,18836.29416815307
2024,6,11,3,010101,01,0101,Lima Metropolitana,5,997.1420851313866,4985.710425656933,18360.483020102085,306.00805033503474,458.7908511180327,205.23938851895332,1,0,Pobre no extremo,83464.99570005124
2022,125,17,3,150132,15,1501,Sierra rural,7,279.28906885025384,1955.0234819517768,14607.657816217954,173.90068828830897,435.8989578246602,235.62950647432004,1,1,Pobre extremo,17140.352928813947
2022,314,8,3,010101,01,0101,Costa rural,3,1243.9890225512897,3731.967067653869,7578.093553199975,210.5025986999993,462.1628990585662,227.12019109412807,1,1,Pobre extremo,47472.182306331975
2024,326,13,1,050101,05,0501,Sierra urbana,6,1724.678669830411,10348.072018982466,112799.08490543922,1566.653957019989,398.47441349059835,237.27705091233543,0,0,No pobre,36277.86385124688
2024,53,18,4,010101,01,0101,Sierra rural,1,1501.5140544370952,1501.5140544370952,44162.96693882833,3680.2472449023608,383.0614764706337,222.43084361972268,0,0,No pobre,26491.842040554886
2025,66,16,4,010201,01,0102,Lima Metropolitana,3,818.7539496156154,2456.261848846846,115243.92389760648,3201.2201082668466,396.1941754671179,239.92246446473678,0,0,No pobre,9245.637990176527
2024,314,2,3,010101,01,0101,Selva rural,1,1988.2082136105312,1988.2082136105312,63527.47354308599,5293.956128590499,425.25700452830193,205.7272981062209,0,0,No pobre,30613.130989401674
2025,82,5,3,130101,13,1301,Lima Metropolitana,4,1359.57645528566,5438.30582114264,27283.593121443402,568.4081900300708,432.32927556099014,226.33112692765533,0,0,No pobre,19118.250843660197
2023,87,18,4,150132,15,1501,Selva rural,2,1648.9720254407102,3297.9440508814205,5984.263438747914,249.34430994782974,465.7701122052667,216.62490257722948,1,0,Pobre no extremo,94988.44876372734
2022,2,3,4,040101,04,0401,Sierra rural,5,1372.425035854292,6862.12517927146,11870.301212030587,197.8383535338431,451.62005298520637,230.6662799278603,1,1,Pobre extremo,68772.18454562903
2024,204,17,2,200101,20,2001,Sierra urbana,4,1979.8909530655405,7919.563812262162,19657.329400884544,409.52769585176134,479.039064052908,227.8835274857854,1,0,Pobre no extremo,20170.732043823715
2022,150,16,3,130101,13,1301,Selva urbana,1,1660.5835577137686,1660.5835577137686,11299.339316805359,941.6116097337799,387.8719591375364,244.18285632016838,0,0,No pobre,14863.518822043497
2022,293,6,4,130101,13,1301,Costa rural,5,1086.9041140013371,5434.520570006685,5230.91210082329,87.18186834705483,393.02210725399215,244.0130409711678,1,1,Pobre extremo,14851.191153056607
2022,404,19,2,130101,13,1301,Lima Metropolitana,6,797.0711693914207,4782.4270163485235,12066.450999594608,167.58959721659178,388.43555938205697,228.93553232000673,1,1,Pobre extremo,28387.365820860836
2023,103,7,1,200101,20,2001,Selva urbana,4,1396.0941753828006,5584.376701531202,22591.670693940552,470.6598061237615,433.8458046578138,212.7136209897582,0,0,No pobre,103664.06823467292
2021,24,18,3,010201,01,0102,Selva urbana,1,1221.421436733317,1221.421436733317,112524.6581715896,9377.054847632467,406.6860770806326,240.73395540249172,0,0,No pobre,118224.22271052009
2024,368,14,4,010201,01,0102,Costa urbana,6,1295.766122952336,7774.596737714016,14679.280344650982,203.8788936757081,448.3632940097105,267.6560758992164,1,1,Pobre extremo,2523.9622327530474
2021,212,6,3,200101,20,2001,Costa urbana,5,751.7223559391382,3758.611779695691,48524.631265271506,808.7438544211917,393.2690888456655,212.98099070717655,0,0,No pobre,165787.1772709596
2021,65,8,2,210101,21,2101,Costa rural,3,914.5839990840535,2743.7519972521604,11169.154952655352,310.25430424042645,390.3191399562126,204.83414252752306,1,0,Pobre no extremo,32274.7494460275
2021,449,15,4,250101,25,2501,Sierra urbana,3,1160.3834922922347,3481.150476876704,21983.195010185907,610.6443058384974,426.0165469992948,218.51928298444187,0,0,No pobre,9178.679746784224
2022,209,15,1,250101,25,2501,Costa urbana,4,1694.6384636515018,6778.553854606007,26083.58215658426,543.4079615955054,417.5898353263324,228.90442343139821,0,0,No pobre,34503.54445348755
2025,251,15,1,010201,01,0102,Lima Metropolitana,6,1549.526943749516,9297.161662497096,113565.38605353473,1577.2970285213157,462.9164915995099,221.43318952740825,0,0,No pobre,15888.583252964787
2022,385,16,2,050101,05,0501,Lima Metropolitana,3,325.44615395530167,976.338461865905,2432.6834031725894,67.57453897701637,463.75540750429985,258.42967966378717,1,1,Pobre extremo,189533.51625458364
2022,117,1,1,200101,20,2001,Sierra rural,2,566.5530750368445,1133.106150073689,12961.680814542813,540.0700339392839,391.7428667873475,234.51193707409547,0,0,No pobre,20343.927068370387
2021,116,11,1,010201,01,0102,Lima Metropolitana,6,150.6496773727521,903.8980642365127,33598.007992644554,466.638999897841,461.23227798420453,217.22895171615087,0,0,No pobre,13954.103410074806
2022,237,5,1,050101,05,0501,Costa rural,1,115.12507913462369,115.12507913462369,39191.645889360276,3265.970490780023,436.41649823786213,266.51393398272,0,0,No pobre,296286.9452547179
2021,478,5,1,250101,25,2501,Selva rural,6,526.3133916324593,3157.880349794756,9326.611163003652,129.5362661528285,430.35582738767,208.7543973804875,1,1,Pobre extremo,54164.97225457063
2025,105,6,1,010101,01,0101,Selva urbana,3,1618.7098012177262,4856.129403653178,25986.45182988036,721.8458841633433,389.47633762446145,208.60380093146304,0,0,No pobre,21806.333185240208
2024,495,2,1,010201,01,0102,Lima Metropolitana,4,1819.0205505313354,7276.082202125342,27216.202694756124,567.0042228074193,453.9630768994584,217.1699401446702,0,0,No pobre,231630.50756090644
2021,259,6,1,150132,15,1501,Costa rural,2,844.3598952073364,1688.7197904146728,101156.35831188371,4214.848262995155,385.9633782397396,205.37404851572754,0,0,No pobre,134438.56828667547
2025,46,14,4,010101,01,0101,Selva rural,6,1170.0773335526894,7020.464001316137,32454.78212558824,450.76086285539225,407.76917696496,252.61568792408693,0,0,No pobre,19638.377615840247
2024,311,11,1,010101,01,0101,Selva rural,5,1441.4999437152235,7207.499718576118,23679.81380048994,394.663563341499,389.5431534764023,221.8967583923647,0,0,No pobre,16231.477793257336
2023,331,4,4,010201,01,0102,Costa urbana,6,1910.5797285782803,11463.478371469682,14280.472645008926,198.33989784734618,433.07676098409235,251.0886594334436,1,1,Pobre extremo,40084.5160217351
2021,216,9,3,050101,05,0501,Selva rural,4,1834.5712508651202,7338.285003460481,46483.94433142599,968.4155069047082,444.52300587095925,253.39162273879333,0,0,No pobre,30878.6334079421
2021,470,3,2,150132,15,1501,Sierra urbana,2,208.66537642462185,417.3307528492437,21389.372340273196,891.2238475113832,469.0855146480425,216.62629855240402,0,0,No pobre,17824.860598355943
2023,448,16,1,050101,05,0501,Selva rural,3,571.5151020976335,1714.5453062929005,16156.06928159152,448.7797022664311,453.38719209962636,236.28545471162388,1,0,Pobre no extremo,35598.542100480765
2023,492,11,2,130101,13,1301,Selva rural,4,193.37463351483646,773.4985340593458,11135.544660563824,231.99051376174634,476.1104398913767,236.37145233548014,1,1,Pobre extremo,208601.469869685
2021,301,4,1,050101,05,0501,Selva urbana,4,1271.4305998791974,5085.72239951679,20595.14713298046,429.06556527042625,456.0949832884445,260.9955088635948,1,0,Pobre no extremo,103415.85340360175
2023,410,1,4,050101,05,0501,Sierra urbana,6,1449.937301298014,8699.623807788084,50445.66446384009,700.6342286644457,409.8073103292452,201.79415950021954,0,0,No pobre,53542.386116826216
2022,333,16,1,210101,21,2101,Costa rural,3,685.7384834773718,2057.215450432115,16953.651643571335,470.93476787698154,434.75848105631655,222.17602405541683,0,0,No pobre,25828.032920895683
2024,449,19,3,150101,15,1501,Sierra urbana,5,1722.3186254531076,8611.593127265538,27750.19508920482,462.503251486747,425.7939639320016,261.77425662429147,0,0,No pobre,31979.381353482833
2024,24,16,2,040101,04,0401,Sierra urbana,7,960.3442257818457,6722.4095804729195,16297.445352037968,194.01720657188056,436.59687236373446,216.5762255901653,1,1,Pobre extremo,71983.76415339645
2024,458,11,2,150101,15,1501,Costa rural,2,1996.9248786843239,3993.8497573686477,31362.533577650138,1306.772232402089,437.20893394123925,209.5815992822518,0,0,No pobre,66406.43652755041
2022,35,8,3,150132,15,1501,Selva urbana,6,100.75941591971737,604.5564955183042,28996.985826899385,402.73591426249146,450.21010854690263,240.3297366465399,1,0,Pobre no extremo,38769.59923715184
2023,24,1,4,150132,15,1501,Lima Metropolitana,3,308.03044599525765,924.091337985773,13247.099768786346,367.9749935773985,388.30438146455646,221.41137333517057,1,0,Pobre no extremo,107550.70715828623
2025,28,9,4,200101,20,2001,Callao,5,673.4071615771467,3367.0358078857334,56877.91781387075,947.9652968978459,454.6745128881751,232.71061452888588,0,0,No pobre,11331.365643680923
2023,484,12,3,050101,05,0501,Selva rural,3,148.464436112055,445.39330833616503,7255.472337609864,201.54089826694064,394.37436132332573,257.40089359513155,1,1,Pobre extremo,97170.76273978628
2021,464,8,2,010101,01,0101,Sierra urbana,3,1586.4449697026764,4759.334909108029,74735.35987205565,2075.982218668212,382.62073049200154,236.4487882558144,0,0,No pobre,67571.29704198876
2024,488,17,1,150101,15,1501,Sierra urbana,1,200.2663969554457,200.2663969554457,36179.428002241526,3014.952333520127,431.89055419614624,236.11228478622604,0,0,No pobre,8719.980076153899
2023,16,10,4,200101,20,2001,Lima Metropolitana,7,1523.0613032582717,10661.429122807902,45665.22165081438,543.6335910811237,438.1476960662197,219.4727872986774,0,0,No pobre,18830.933868980657
2025,59,7,1,130101,13,1301,Costa rural,5,199.88007170014387,999.4003585007193,6090.162877598136,101.50271462663561,383.4851070117029,255.50058951342126,1,1,Pobre extremo,162419.73457217275
2021,465,19,2,040101,04,0401,Sierra rural,2,580.1818028407866,1160.3636056815733,25695.728592780695,1070.655358032529,431.5371114780023,251.78702368335541,0,0,No pobre,61443.42478252104
2022,243,6,1,050101,05,0501,Lima Metropolitana,7,1698.4259497512062,11888.981648258443,106974.95473424756,1273.5113658838995,433.45702083654714,216.38843602610058,0,0,No pobre,32356.353754294294
2022,438,19,3,200101,20,2001,Sierra urbana,4,1907.081059051676,7628.324236206704,23604.88694864876,491.76847809684915,385.24949012649813,222.40031637984967,0,0,No pobre,50461.81691218834
2025,207,18,4,150101,15,1501,Costa urbana,6,887.6000510549733,5325.600306329839,30250.96776952042,420.15233013222803,451.1585285114676,255.2039735094079,1,0,Pobre no extremo,36771.87226070808
2021,400,15,4,130101,13,1301,Selva rural,2,1942.8840321938476,3885.768064387695,9607.110945747316,400.29628940613816,401.0289701784387,225.0402461277563,1,0,Pobre no extremo,52069.32608357531
2024,271,2,3,210101,21,2101,Selva rural,3,1291.0737551412308,3873.2212654236923,7367.49267423869,204.65257428440805,459.4459213825296,228.24917311251693,1,1,Pobre extremo,92611.8073016269
2023,249,14,3,250101,25,2501,Lima Metropolitana,4,890.0867326225697,3560.3469304902787,33101.90549791076,689.6230312064741,411.0822129799892,225.50885898789568,0,0,No pobre,222090.6850252772
2021,482,10,4,040101,04,0401,Selva urbana,2,1625.3225535390422,3250.6451070780845,14613.865074020505,608.9110447508543,427.7892531464217,211.31427685624905,0,0,No pobre,13685.432970877431
2022,267,16,4,150132,15,1501,Lima Metropolitana,4,661.1241882663822,2644.496753065529,16343.768475871015,340.49517658064616,469.1850879418867,223.86275745580355,1,0,Pobre no extremo,116423.76726818536
2025,193,7,4,210101,21,2101,Sierra urbana,3,605.012896584415,1815.0386897532449,28477.56160047131,791.0433777908697,460.61794668525476,256.20547121726656,0,0,No pobre,25052.25177707228
2025,335,8,2,050101,05,0501,Costa rural,3,1347.440586131041,4042.321758393123,49897.719675093205,1386.047768752589,458.18635785854553,234.37527480639625,0,0,No pobre,10632.299734742179
2023,218,10,2,250101,25,2501,Costa urbana,3,841.9259877393804,2525.777963218141,43180.5007375583,1199.4583538210638,396.04341976154217,232.07522382931788,0,0,No pobre,134489.5468405639
2025,115,15,2,250101,25,2501,Lima Metropolitana,7,358.2442511954612,2507.709758368228,29427.660842288624,350.3292957415312,384.8142386699609,210.94458233930808,1,0,Pobre no extremo,18198.600145165095
2025,68,8,1,040101,04,0401,Costa rural,3,227.23204705082674,681.6961411524802,59779.2141722741,1660.5337270076138,440.5758950680604,212.429888697137,0,0,No pobre,98518.35157334963
2021,299,13,2,010101,01,0101,Lima Metropolitana,3,1596.9008948721068,4790.702684616321,68838.85218612378,1912.1903385034384,421.06916424888476,203.00651150450832,0,0,No pobre,106825.42076368778
2024,325,12,4,210101,21,2101,Sierra urbana,4,1384.2303904244548,5536.921561697819,23898.07948490859,497.87665593559564,470.9077276430474,200.97688720662566,0,0,No pobre,253569.29738511835
2023,483,8,2,010101,01,0101,Costa urbana,4,882.4166267525463,3529.6665070101853,120750.09812594308,2515.627044290481,414.9593263563102,234.16098266510176,0,0,No pobre,124912.38986662858
2021,397,15,4,010201,01,0102,Selva urbana,5,1802.8325068250076,9014.162534125038,10111.997611541927,168.53329352569878,421.05483509979223,228.64626486490755,1,1,Pobre extremo,133696.7404819845
2024,394,12,3,210101,21,2101,Selva urbana,5,880.6278296409391,4403.139148204696,6770.215518969031,112.83692531615051,432.60005430489196,219.2764300268101,1,1,Pobre extremo,118144.05137254368
2021,75,11,1,130101,13,1301,Lima Metropolitana,1,1449.5613957842286,1449.5613957842286,93438.29962145656,7786.524968454713,459.6400665632112,269.30325782459903,0,0,No pobre,45508.675731388554
2021,466,19,1,050101,05,0501,Callao,3,1827.3190228938565,5481.95706868157,14327.537259524108,397.98714609789187,406.82990541008024,227.8597336958154,1,0,Pobre no extremo,140839.23028795086
2025,482,14,3,210101,21,2101,Selva urbana,5,1697.3593715460424,8486.796857730213,2427.8593124840195,40.464321874733656,474.1820657162374,255.21928293921312,1,1,Pobre extremo,27928.789142002915
2024,103,18,4,210101,21,2101,Callao,6,1071.0990750452,6426.594450271199,20064.223688212853,278.66977344740076,433.9921112721538,214.73819153320898,1,0,Pobre no extremo,19466.08801189822
2023,297,13,1,010201,01,0102,Callao,4,1393.2091456487922,5572.836582595169,81291.77099833956,1693.5785624654075,464.0977261174409,217.29288460261247,0,0,No pobre,65828.376276288
2023,490,4,2,040101,04,0401,Sierra rural,2,885.9649757820011,1771.9299515640023,20399.697535125208,849.9873972968836,432.5618483456019,239.78739570293203,0,0,No pobre,125396.09568115373
2024,178,17,4,040101,04,0401,Costa rural,3,1329.6746273588167,3989.02388207645,5444.169162624641,151.2269211840178,457.1993195740013,200.28197887915354,1,1,Pobre extremo,30605.247997121227
2025,215,19,1,130101,13,1301,Sierra urbana,2,589.3496328562521,1178.6992657125043,20730.339882755172,863.7641617814655,385.1420752484295,201.21978233362302,0,0,No pobre,24473.04465456933
2022,455,9,3,040101,04,0401,Costa urbana,5,926.0100161621513,4630.050080810756,22762.73262034045,379.37887700567416,459.92124816830136,209.95531048046698,1,0,Pobre no extremo,8639.985092223256
2021,315,7,4,250101,25,2501,Lima Metropolitana,2,498.13690144349414,996.2738028869883,19881.1819563485,828.3825815145209,432.3959429809942,215.61847287216742,0,0,No pobre,15956.757429196457
2025,39,1,1,150101,15,1501,Lima Metropolitana,2,172.55141009114124,345.10282018228247,14084.070800757756,586.8362833649065,424.9415588186583,236.94946610598402,0,0,No pobre,18099.38414848672
2024,259,7,3,010201,01,0102,Selva rural,3,1218.2257160932074,3654.677148279622,14698.109778425493,408.2808271784859,391.16096666118676,248.03606015712884,0,0,No pobre,123731.89241391962
2021,204,7,4,150101,15,1501,Selva rural,4,1742.4157561665154,6969.663024666062,51790.40341018479,1078.966737712183,454.1562538908513,221.8315064791618,0,0,No pobre,24228.289833993782
2023,7,7,2,150101,15,1501,Costa rural,3,148.59872178406388,445.7961653521917,15964.279252583332,443.4522014606481,393.1163652504139,216.7349655202649,0,0,No pobre,58764.59372635399
2022,49,8,4,010201,01,0102,Sierra urbana,4,472.45650738566223,1889.826029542649,31109.61867422827,648.1170557130889,399.23178128039933,257.5967824945325,0,0,No pobre,8097.575566823509
2023,26,16,2,150101,15,1501,Sierra rural,5,974.3516126137979,4871.75806306899,31009.862126094984,516.8310354349164,392.64232557096483,211.3943889276473,0,0,No pobre,133312.13252592276
2024,161,3,4,150101,15,1501,Sierra urbana,3,1365.2039520002813,4095.611856000844,15449.871268077291,429.16309077992474,380.65756077136564,247.4828588540516,0,0,No pobre,45959.665041563305
2021,357,13,3,150101,15,1501,Costa rural,4,425.3354679727842,1701.3418718911369,13668.458728046586,284.75955683430385,446.19137800671837,265.19313614911096,1,0,Pobre no extremo,9397.067254838312
2024,176,10,2,130101,13,1301,Sierra urbana,3,207.72017504418613,623.1605251325584,28651.35281588772,795.8709115524366,407.08440447716066,216.25476371699185,0,0,No pobre,21625.30986386339
2021,79,18,2,150132,15,1501,Selva rural,3,1086.1925636810895,3258.5776910432687,6081.053268468885,168.91814634635793,394.94704591908015,206.08757558613047,1,1,Pobre extremo,16726.953924473764
2025,2,7,4,130101,13,1301,Selva rural,4,1655.5484548088866,6622.1938192355465,161858.87721998763,3372.0599420830754,411.9972482514333,268.58312258112073,0,0,No pobre,45778.38693351616
2022,489,5,1,010101,01,0101,Costa urbana,4,166.94632769426545,667.7853107770618,16067.643427941028,334.7425714154381,429.9084691546677,218.95416572848762,1,0,Pobre no extremo,25402.781445535842
2025,383,7,2,210101,21,2101,Sierra rural,5,763.8019556821492,3819.009778410746,18928.695458420207,315.4782576403368,430.34125208842863,219.29642463420035,1,0,Pobre no extremo,26955.647391879927
2025,455,17,4,040101,04,0401,Selva rural,4,1360.6780113073369,5442.7120452293475,52204.22156097803,1087.5879491870423,416.71960083319595,233.8640603936598,0,0,No pobre,15722.260586557222
2024,416,4,3,010201,01,0102,Costa urbana,5,348.4098115946873,1742.0490579734364,23090.513127805203,384.84188546342006,429.4932271041429,216.17403613323023,1,0,Pobre no extremo,10634.618716109942
2022,132,16,4,250101,25,2501,Sierra rural,3,548.2988760962379,1644.8966282887136,18475.310402392428,513.203066733123,422.7341457794994,269.5010648803498,0,0,No pobre,82512.83147965113
2021,276,19,4,150101,15,1501,Selva rural,4,1117.4360231939054,4469.7440927756215,8074.041662541351,168.20920130294482,462.26652469844856,203.0076120108681,1,1,Pobre extremo,98385.47098294344
2021,498,10,2,200101,20,2001,Sierra rural,4,1911.1402230920141,7644.560892368057,29487.31753971655,614.3191154107615,382.9613967491182,231.6031155252616,0,0,No pobre,18659.131928534785
2023,117,3,1,010201,01,0102,Callao,3,645.9509746631365,1937.8529239894096,16446.145944162436,456.8373873378454,466.8030133323047,238.38427145441003,1,0,Pobre no extremo,59806.301913912714
2021,164,3,3,050101,05,0501,Sierra urbana,3,1026.3021003193496,3078.9063009580486,175115.75087289113,4864.326413135865,404.3915255678625,232.68656005630743,0,0,No pobre,14865.461343412859
2024,288,17,2,010201,01,0102,Costa urbana,4,859.8686398223947,3439.474559289579,22364.247096751766,465.92181451566177,452.178221503625,236.43660810040092,0,0,No pobre,79624.26797361787
2025,28,10,2,210101,21,2101,Sierra rural,1,1805.053676857152,1805.053676857152,3497.339641733097,291.44497014442476,420.5039616340506,269.13054009519453,1,0,Pobre no extremo,31718.03693520148
2025,333,17,2,250101,25,2501,Lima Metropolitana,3,236.59074165911971,709.7722249773592,63269.229540636305,1757.4785983510085,409.4332964504786,261.3831108709087,0,0,No pobre,17336.575975537307
2025,1,17,3,010201,01,0102,Sierra rural,4,1175.6804235474522,4702.721694189809,10937.756168327296,227.86992017348533,441.5347372999885,221.5910575507278,1,0,Pobre no extremo,13068.822783749718
2022,188,4,1,250101,25,2501,Sierra urbana,7,1707.6274284608937,11953.391999226256,29603.13078857334,352.41822367349215,456.88844188631043,238.60339344335404,1,0,Pobre no extremo,108155.75342311247
2021,56,6,3,010201,01,0102,Selva rural,6,1977.4233964189243,11864.540378513546,95262.55283602136,1323.0910116114078,424.99364531036036,200.02177087701605,0,0,No pobre,9038.228329837422
2024,35,12,3,130101,13,1301,Selva rural,3,1427.578445291434,4282.735335874302,20375.25669483469,565.9793526342969,426.6553843065481,228.6698300961603,0,0,No pobre,33572.53321809054
2022,112,17,1,130101,13,1301,Lima Metropolitana,4,821.8774037663966,3287.5096150655863,22376.18369701387,466.1704936877889,385.8856484767679,211.47119560033778,0,0,No pobre,5329.2541481368835
2023,286,17,3,150132,15,1501,Costa rural,2,882.4662698144934,1764.932539628987,62391.880682122835,2599.6616950884513,472.3995980627844,249.79524135429617,0,0,No pobre,13850.747967893654
2024,310,10,4,010101,01,0101,Costa rural,3,768.1962175112515,2304.5886525337546,97053.38989462763,2695.92749707299,464.6896696446259,215.4762704343528,0,0,No pobre,10186.211544853446
2024,36,7,3,010201,01,0102,Selva rural,5,1246.8648896332115,6234.324448166058,23775.463020022307,396.25771700037177,419.7992787542436,252.4226951858126,1,0,Pobre no extremo,3134.0718738157757
2024,439,16,2,150101,15,1501,Callao,2,1504.8709643646769,3009.7419287293537,166100.34937411864,6920.847890588277,456.49506131605585,221.9211883786051,0,0,No pobre,21267.778828565803
2025,217,13,3,010201,01,0102,Lima Metropolitana,3,1656.9883708189686,4970.965112456906,5626.767725698692,156.29910349163032,411.3279175708459,264.8080034917963,1,1,Pobre extremo,26020.847761257824
2024,80,3,2,050101,05,0501,Selva urbana,6,891.5269083980265,5349.161450388159,11939.564822400158,165.82728920000218,453.0421793012775,231.17916211909423,1,1,Pobre extremo,11248.399024049566
2021,314,2,3,250101,25,2501,Selva urbana,5,1461.7461542921747,7308.730771460873,17504.248090990077,291.73746818316795,431.66917165640604,258.7662403771694,1,0,Pobre no extremo,19724.043494017307
2024,83,16,2,150101,15,1501,Lima Metropolitana,5,1840.8229248565751,9204.114624282876,69623.08182618683,1160.3846971031137,426.0766722219752,243.97162021273093,0,0,No pobre,28775.663590374148
2025,65,6,2,150132,15,1501,Sierra rural,6,1849.5671094563402,11097.40265673804,33104.31576261818,459.78216336969695,385.6522997258115,268.41787504324293,0,0,No pobre,5461.165942699909
2024,325,6,2,250101,25,2501,Selva rural,5,1437.6551051578208,7188.275525789104,14654.023517701546,244.23372529502575,476.5421921808863,251.99059254984593,1,1,Pobre extremo,37491.97625888069
2023,128,13,1,130101,13,1301,Costa rural,2,1310.1141663438186,2620.2283326876372,9765.821199045895,406.90921662691227,463.740896987842,250.93923256179698,1,0,Pobre no extremo,66374.24682224676
2023,307,7,3,200101,20,2001,Sierra rural,4,1109.899543497513,4439.598173990052,7014.99797411209,146.1457911273352,459.33880679864467,218.5406187714523,1,1,Pobre extremo,48724.73273318524
2025,22,5,3,150101,15,1501,Costa urbana,3,448.0755695460443,1344.2267086381328,42812.09373197485,1189.2248258881903,410.49161976537243,235.34018256807784,0,0,No pobre,49702.40101060087
2021,216,7,4,130101,13,1301,Lima Metropolitana,3,334.8963399502951,1004.6890198508853,18949.53949065349,526.3760969625969,408.95901844237335,220.3079582079947,0,0,No pobre,31145.52185832649
2021,107,2,4,050101,05,0501,Lima Metropolitana,5,1022.8509128998226,5114.254564499113,67032.3299286236,1117.2054988103932,437.3193096594649,201.35054059128825,0,0,No pobre,51472.084087174924
2022,109,17,4,150101,15,1501,Callao,4,402.9438967941727,1611.7755871766908,7404.251194663626,154.25523322215886,464.62231962261484,249.74097328558634,1,1,Pobre extremo,105617.19161028804
2025,372,13,3,150101,15,1501,Costa rural,2,1196.2998587717384,2392.599717543477,39516.2191553861,1646.5091314744207,473.46284061686526,216.5085549792988,0,0,No pobre,448602.2750747987
2024,357,16,1,150101,15,1501,Costa rural,3,1326.8351875723145,3980.505562716943,25894.774964345994,719.2993045651665,406.89290260078053,227.81268212399513,0,0,No pobre,12906.684195731423
2025,181,2,2,010101,01,0101,Costa rural,3,1098.6696352880774,3296.0089058642325,15487.743083218624,430.2150856449618,440.74148003194176,219.92471510217064,1,0,Pobre no extremo,15839.618947790492
2022,356,5,3,150101,15,1501,Lima Metropolitana,6,169.21075377396593,1015.2645226437955,16533.02654704549,229.62536870896514,452.39027998934654,213.97450995245552,1,0,Pobre no extremo,13755.597407464284
2025,164,18,1,010101,01,0101,Selva urbana,4,209.68312172443112,838.7324868977245,29514.663620149593,614.8888254197832,402.6392145183224,204.69835270686275,0,0,No pobre,129887.74229387917
2025,68,7,1,130101,13,1301,Sierra urbana,4,315.3482508948224,1261.3930035792896,26150.80873353517,544.8085152819827,420.74686302224245,223.65229361399005,0,0,No pobre,171908.68578046805
2022,292,11,3,150132,15,1501,Callao,4,391.92702947784414,1567.7081179113766,12058.494301475275,251.2186312807349,398.74742737136404,205.72214464648417,1,0,Pobre no extremo,77752.37382931127
2021,180,11,2,010101,01,0101,Sierra urbana,4,1980.776966161733,7923.107864646932,42789.40320574455,891.4459001196782,449.89050777683343,237.8223398282256,0,0,No pobre,9617.911067579398
2024,181,17,1,010101,01,0101,Callao,5,754.5405320399326,3772.702660199663,79583.05262955384,1326.384210492564,466.3785136545198,201.373687263303,0,0,No pobre,26867.513166573855
2022,466,16,3,150101,15,1501,Lima Metropolitana,4,654.7494099184437,2618.9976396737748,21600.823619348488,450.01715873642684,467.7534354551655,265.8013915750002,1,0,Pobre no extremo,51482.25156440008
2023,434,13,2,150132,15,1501,Selva urbana,6,199.3066077620352,1195.8396465722112,45410.76128563431,630.7050178560321,447.0088870492707,267.65325136168735,0,0,No pobre,51098.98256707975
2021,464,5,4,150101,15,1501,Callao,7,1307.1087423026333,9149.761196118434,23307.67231318329,277.4722894426582,414.7152360174363,221.32576938074584,1,0,Pobre no extremo,251877.26266311386
2023,169,16,1,130101,13,1301,Selva rural,7,1339.1624917494332,9374.137442246032,235443.88097847102,2802.903344981798,446.10403768542545,218.2136248564529,0,0,No pobre,105030.27785082832
2021,402,16,1,150101,15,1501,Selva rural,4,433.35251019946287,1733.4100407978515,27241.43397248511,567.5298744267731,466.42667271708183,207.30836397912609,0,0,No pobre,100085.27979673966
2024,22,16,3,040101,04,0401,Lima Metropolitana,6,1846.558927756765,11079.353566540589,50578.685287237866,702.4817401005259,442.5855833935783,263.3443248606468,0,0,No pobre,23827.91225170913
2024,66,14,3,210101,21,2101,Lima Metropolitana,3,1620.9377385307419,4862.813215592226,76921.2751306427,2136.702086962297,421.28919402958655,241.0804747709933,0,0,No pobre,55037.12516043638
2025,21,6,2,130101,13,1301,Selva urbana,6,537.6067019342653,3225.6402116055915,15111.890907922389,209.8873737211443,471.9802750718999,242.70874460986747,1,1,Pobre extremo,7019.7103821969895
2023,100,2,4,010201,01,0102,Selva urbana,6,1023.114488741421,6138.686932448526,50787.02474570136,705.3753436902966,463.52165932694265,262.7099523821399,0,0,No pobre,39468.9332542863
2021,384,14,4,250101,25,2501,Selva rural,6,970.9426267778148,5825.655760666888,58462.063454858006,811.9731035396945,468.2435240247812,263.7550755699619,0,0,No pobre,43364.93310671397
2024,300,16,3,250101,25,2501,Sierra urbana,5,762.1888442504095,3810.9442212520476,39611.640980953576,660.1940163492262,470.31920210402944,257.9839168797358,0,0,No pobre,10383.968336276574
2022,103,13,3,150132,15,1501,Sierra rural,3,1653.505954368665,4960.517863105995,53470.46671162816,1485.2907419896712,419.3812307660313,254.1409092769763,0,0,No pobre,26929.51296912059
2024,47,15,2,040101,04,0401,Selva urbana,2,307.6025226801869,615.2050453603738,15013.25206312808,625.5521692970034,465.9639007507335,261.40688556099883,0,0,No pobre,157720.1956480604
2022,39,12,3,010101,01,0101,Sierra rural,3,889.0970556728062,2667.2911670184185,185825.53406101413,5161.820390583725,437.0349671246698,261.31794246791657,0,0,No pobre,34961.97539556835
2021,285,9,2,040101,04,0401,Sierra rural,5,913.2591480435124,4566.295740217562,3106.99948053931,51.783324675655166,383.815897355404,225.80513993903295,1,1,Pobre extremo,67789.73655879122
2024,310,18,2,210101,21,2101,Costa urbana,3,990.5786487669413,2971.7359463008243,12618.412237557997,350.5114510432777,443.58363565201176,268.13738539852886,1,0,Pobre no extremo,396205.34690377995
2024,90,14,4,130101,13,1301,Sierra urbana,4,1736.5649830873945,6946.259932349578,8071.221206679895,168.15044180583115,427.06189242944953,249.63925492122723,1,1,Pobre extremo,23045.61564914109
2021,85,4,2,150132,15,1501,Callao,4,514.5170533828524,2058.0682135314096,126830.82106142929,2642.30877211311,407.5154659187297,225.91466038088635,0,0,No pobre,85001.97244946522
2024,273,8,4,040101,04,0401,Lima Metropolitana,4,295.55402967331827,1182.216118693273,23911.964404029626,498.1659250839505,477.038314004704,230.94346620928562,0,0,No pobre,30149.134133041596
2022,336,8,4,050101,05,0501,Sierra rural,6,1273.8360793601053,7643.016476160632,11496.49969929479,159.67360693464988,385.5070858292974,248.09917407970298,1,1,Pobre extremo,109791.7472088604
2024,188,16,4,010101,01,0101,Lima Metropolitana,4,430.2855024582896,1721.1420098331585,15599.053239423893,324.9802758213311,474.5877390707066,225.27692367442754,1,0,Pobre no extremo,34762.367496958315
2023,159,10,3,040101,04,0401,Lima Metropolitana,5,242.37096312377753,1211.8548156188876,6819.870852473746,113.66451420789576,395.9267060634638,257.8590398414011,1,1,Pobre extremo,104403.71246220307
2025,243,17,4,150132,15,1501,Sierra urbana,4,910.6335190850016,3642.5340763400063,47319.15514114139,985.8157321071122,417.6988179300532,210.36445348340334,0,0,No pobre,143414.23033271983
2022,73,1,2,050101,05,0501,Sierra urbana,5,517.3282186304679,2586.641093152339,51803.74489117987,863.3957481863312,421.72351754193494,263.5316009097674,0,0,No pobre,29629.25022033263
2023,479,18,3,010201,01,0102,Costa urbana,3,786.3115758491689,2358.9347275475066,35354.85118793148,982.0791996647635,453.1020518660814,221.08382582856262,0,0,No pobre,104191.75936195358
2021,462,10,2,130101,13,1301,Callao,3,593.4510521946692,1780.3531565840076,14124.376175817672,392.343782661602,401.56092087367045,210.68989497401915,1,0,Pobre no extremo,6515.380604880357
2022,49,4,3,130101,13,1301,Lima Metropolitana,6,276.0092791744899,1656.0556750469395,106244.02921208389,1475.6115168344984,478.6101843227539,260.06169970122164,0,0,No pobre,41319.5604426436
2025,101,1,2,010201,01,0102,Selva rural,4,1164.659685555983,4658.638742223932,54375.93546825466,1132.8319889219722,454.9011852764023,216.76242672550515,0,0,No pobre,134422.32667873098
2025,2,4,1,150101,15,1501,Callao,4,151.33499427502278,605.3399771000911,5596.052625636808,116.58442970076685,458.9952638347055,259.0377016634721,1,1,Pobre extremo,392544.6218588279
2021,244,4,1,250101,25,2501,Callao,4,1936.113161189359,7744.452644757436,22597.072276709518,470.77233909811497,390.64287727148945,220.73850824140732,0,0,No pobre,10276.706294402562
2021,176,4,1,050101,05,0501,Sierra urbana,3,748.5279912964359,2245.5839738893073,9498.106596086725,263.83629433574237,427.631200950945,265.37050013579096,1,1,Pobre extremo,11752.598372214741
2022,238,17,2,010101,01,0101,Sierra rural,4,1420.7992699306271,5683.1970797225085,101186.07873636406,2108.0433070075846,474.5609350478289,215.33543478609178,0,0,No pobre,21495.306503848642
2024,398,9,3,040101,04,0401,Selva rural,2,1639.6894578401548,3279.3789156803095,17969.558893138565,748.7316205474402,407.00660715518063,204.87549937504008,0,0,No pobre,42809.03596234512
2021,59,19,4,210101,21,2101,Selva rural,4,630.2991115251548,2521.196446100619,7775.062103917881,161.9804604982892,394.538365495086,265.55718143396723,1,1,Pobre extremo,18992.235690171197
2024,353,13,4,250101,25,2501,Costa rural,4,1522.6035473091297,6090.414189236519,23586.731151925494,491.39023233178114,428.53944597641885,211.5938019570557,0,0,No pobre,88697.84952147593
2023,99,4,2,150132,15,1501,Sierra rural,4,1681.5996253069482,6726.398501227793,112513.97614754157,2344.0411697404493,473.03930696512083,266.08927792055925,0,0,No pobre,27396.179306388774
2025,442,5,2,150101,15,1501,Sierra rural,4,558.5027442420657,2234.0109769682626,58573.02314876923,1220.271315599359,428.6790624430627,257.67841450828354,0,0,No pobre,17807.90940522384
2024,359,13,2,010101,01,0101,Sierra urbana,7,1985.739886102538,13900.179202717767,16828.072437601593,200.33419568573325,420.4834302919659,205.73477728016445,1,1,Pobre extremo,12797.968760045711
2025,442,16,2,210101,21,2101,Sierra rural,4,139.30849739996978,557.2339895998791,23003.090142553916,479.23104463653993,445.0272436713777,231.1594639260055,0,0,No pobre,38370.81789457953
2024,495,5,4,210101,21,2101,Callao,6,512.300912447528,3073.8054746851685,65871.4278953963,914.8809429916151,473.6883998850551,205.1379760694581,0,0,No pobre,57535.222135944736
2023,435,8,3,010101,01,0101,Lima Metropolitana,4,1582.0394369262865,6328.157747705146,94389.75968113076,1966.4533266902242,384.9057449204066,223.08505952282678,0,0,No pobre,90014.39328137945
2021,468,16,4,150101,15,1501,Costa rural,4,468.84894760593045,1875.3957904237218,6663.0599536016525,138.81374903336777,395.33955454766914,224.60521547679906,1,1,Pobre extremo,24699.833574828677
2023,2,1,2,150132,15,1501,Sierra urbana,2,1426.6937402817923,2853.3874805635846,30891.566633687897,1287.1486097369957,393.275431004426,241.97433312293015,0,0,No pobre,58311.41674628161
2021,243,6,1,010201,01,0102,Selva urbana,2,1725.507769467517,3451.015538935034,19547.822317392518,814.4925965580215,388.53329822991657,268.31268974901786,0,0,No pobre,175552.9989563698
2021,297,11,4,250101,25,2501,Sierra rural,4,1922.5071180050943,7690.028472020377,17347.16847174152,361.39934316128165,410.21060806483956,211.88344080752913,1,0,Pobre no extremo,124201.16961122364
2025,211,16,1,200101,20,2001,Sierra rural,3,1001.0702792605122,3003.2108377815366,90023.36571818373,2500.649047727326,402.930903312031,223.04056753241684,0,0,No pobre,23914.421606426462
2023,123,5,1,200101,20,2001,Costa urbana,5,1945.1073336660231,9725.536668330116,7946.743869444678,132.4457311574113,434.8691266209335,241.09717459501715,1,1,Pobre extremo,71698.6379697871
2024,229,16,2,150101,15,1501,Selva urbana,4,882.0823636951893,3528.3294547807573,55521.11707926702,1156.6899391513962,412.7289421725703,211.9994598723718,0,0,No pobre,30278.426014794248
2023,82,7,4,210101,21,2101,Selva urbana,6,514.4432753813329,3086.6596522879972,3449.9583169128623,47.91608773490086,420.5207861457876,249.74967635811035,1,1,Pobre extremo,23452.658121129516
2025,144,19,3,040101,04,0401,Lima Metropolitana,7,1076.451520860978,7535.160646026846,14007.9595108493,166.76142274820594,474.18646904998127,228.25618011204594,1,1,Pobre extremo,14327.397874490098
2021,388,1,4,010201,01,0102,Costa rural,2,1334.664164191836,2669.328328383672,27732.936748699227,1155.539031195801,395.5655641269406,266.4700606944722,0,0,No pobre,213969.90377202097
2025,140,9,3,010201,01,0102,Lima Metropolitana,3,970.1303004948932,2910.3909014846795,8266.102379571292,229.61395498809145,418.8457326794802,244.09096616510084,1,1,Pobre extremo,17953.97500838228
2022,29,18,3,150101,15,1501,Selva urbana,4,1177.247643536904,4708.990574147616,195518.78741384452,4073.308071121761,405.70818405187816,225.41564978470666,0,0,No pobre,31021.442209379537
2022,391,13,2,150132,15,1501,Lima Metropolitana,3,891.1774566816583,2673.532370044975,14107.42555987442,391.8729322187339,434.9165982357752,250.36311847481275,1,0,Pobre no extremo,5401.553039507187
2024,270,15,3,150101,15,1501,Callao,3,1097.0477126403746,3291.1431379211235,13122.474469163311,364.5131796989809,453.6336226546644,258.7128204592966,1,0,Pobre no extremo,109093.42693126606
2025,247,3,4,040101,04,0401,Lima Metropolitana,5,1909.931776698467,9549.658883492335,14411.559101881707,240.19265169802844,461.6987873417865,256.0335834820651,1,1,Pobre extremo,35136.37496708006
2024,12,10,4,130101,13,1301,Costa urbana,7,1049.6791898190309,7347.7543287332155,45491.68573147699,541.5676872794879,431.52966945173654,218.39350758900787,0,0,No pobre,119133.61956043419
2024,355,9,1,200101,20,2001,Callao,5,581.0413023375945,2905.2065116879726,60879.512979486826,1014.6585496581138,465.49165915269424,229.18883465042015,0,0,No pobre,51701.242300972866
2022,389,13,3,150101,15,1501,Costa rural,4,1541.6185808738842,6166.474323495537,18135.111696466138,377.8148270097112,458.50755078773176,231.65243627213533,1,0,Pobre no extremo,41542.793963273776
2024,337,16,2,010201,01,0102,Lima Metropolitana,3,741.4104697849438,2224.231409354831,35774.30370307762,993.7306584188227,395.70040614337387,227.18683745206627,0,0,No pobre,84125.23131383178
2022,106,3,2,150132,15,1501,Lima Metropolitana,4,1650.7936245606425,6603.17449824257,38370.23365328439,799.3798677767581,404.54287590199954,221.76045079990723,0,0,No pobre,35915.2713760417
2021,32,15,4,200101,20,2001,Selva urbana,4,207.9997790693818,831.9991162775272,7352.850194836665,153.18437905909718,447.1720528333421,252.69234594969433,1,1,Pobre extremo,5768.990733179879
2025,74,17,3,050101,05,0501,Costa rural,4,731.1381565065136,2924.5526260260544,24168.692364923965,503.5144242692493,477.4794019740608,200.85569704020577,0,0,No pobre,47332.97078534008
2024,171,14,2,010101,01,0101,Callao,3,279.28382569521494,837.8514770856448,15252.523754243719,423.68121539565885,417.61297006,220.54809602011397,0,0,No pobre,110392.05448315243
2022,337,7,3,010201,01,0102,Selva urbana,6,262.10386606707976,1572.6231964024787,6627.932278864559,92.05461498422999,402.98078406447405,209.91320798810327,1,1,Pobre extremo,15319.823409474622
2023,69,16,3,050101,05,0501,Selva urbana,5,1350.9401624276309,6754.700812138154,32595.037362680254,543.2506227113375,466.9129434295579,209.01385211299632,0,0,No pobre,4417.840418230475
2024,301,8,1,150132,15,1501,Lima Metropolitana,4,832.1361225718541,3328.5444902874165,67060.31985327347,1397.0899969431973,399.96119595428826,219.38710668282351,0,0,No pobre,17697.963436590482
2021,362,4,2,010201,01,0102,Selva rural,6,1755.8099897717138,10534.859938630283,27986.733914459226,388.70463770082256,449.74082740498613,253.3507163780534,1,0,Pobre no extremo,50453.326534742664
2021,137,15,1,150101,15,1501,Selva urbana,3,1081.1697619597053,3243.509285879116,2658.4278223023225,73.84521728617563,383.42490703558644,267.8595308354904,1,1,Pobre extremo,11184.147197824406
2023,433,5,2,010201,01,0102,Lima Metropolitana,2,661.1521202273372,1322.3042404546743,17832.264653043414,743.0110272101423,381.8980515097904,236.0232926578769,0,0,No pobre,32347.869608753535
2022,417,13,3,150132,15,1501,Sierra rural,5,1469.68888712817,7348.44443564085,12037.444524848259,200.62407541413765,425.1566713944165,223.72802723038424,1,1,Pobre extremo,54691.43049121967
2024,484,6,2,010201,01,0102,Selva urbana,7,1285.6319040128294,8999.423328089806,133488.24746487904,1589.1458031533218,445.65401275499033,258.0419326417761,0,0,No pobre,15107.061408808122
2022,100,5,4,040101,04,0401,Sierra rural,4,1619.2297795754864,6476.919118301946,19826.36759864891,413.0493249718523,394.24344539587685,204.69723976877745,0,0,No pobre,132121.45754130944
2021,146,17,3,210101,21,2101,Callao,2,1322.8177250495814,2645.635450099163,6295.184097595118,262.29933739979657,456.3882453001538,206.52175593153197,1,0,Pobre no extremo,71542.36250617937
2022,9,7,2,050101,05,0501,Sierra urbana,5,417.3254924879485,2086.6274624397424,25816.450432427395,430.2741738737899,392.87364824119715,224.17564203244868,0,0,No pobre,13284.827047417382
2021,62,6,1,130101,13,1301,Selva rural,2,1373.5890715674254,2747.178143134851,47664.68734620581,1986.0286394252419,433.37078078716746,231.38859496299457,0,0,No pobre,72839.0620942353
2022,185,2,1,210101,21,2101,Callao,4,843.9434754700396,3375.7739018801585,29408.34340739935,612.6738209874865,410.82991922770805,255.84865084969618,0,0,No pobre,15899.588027364904
2023,29,11,3,150132,15,1501,Costa urbana,3,979.9717574893793,2939.915272468138,13063.953825271403,362.88760625753895,455.2253276783205,264.7684757535053,1,0,Pobre no extremo,21695.75935432971
2025,381,7,1,200101,20,2001,Costa rural,6,1850.972693900955,11105.83616340573,17804.52281217268,247.2850390579539,460.4116753563884,237.18935744942488,1,0,Pobre no extremo,37900.16995649959
2023,114,8,3,040101,04,0401,Costa rural,4,783.9316879657193,3135.7267518628773,53583.29248094341,1116.3185933529878,386.6091239562471,234.69512686998925,0,0,No pobre,82803.38624670146
2023,462,5,3,050101,05,0501,Sierra urbana,6,1262.7223716825936,7576.334230095561,29467.290778711547,409.2679274821048,399.2604569307465,214.9107713355324,0,0,No pobre,34752.12394602208
2025,409,18,3,150132,15,1501,Selva urbana,3,790.6152934832552,2371.8458804497654,166474.0294675891,4624.278596321919,469.26441095693957,231.58270805899883,0,0,No pobre,54910.09819451655
2025,143,16,2,050101,05,0501,Costa urbana,3,279.9822221798043,839.946666539413,29385.512942552825,816.2642484042451,421.5612836600867,264.65509618918315,0,0,No pobre,152290.5881031407
2024,390,14,3,010201,01,0102,Sierra urbana,6,961.698149891771,5770.188899350625,6800.7696029947365,94.4551333749269,427.6735865373046,227.502967539136,1,1,Pobre extremo,47158.07378248536
2024,120,12,1,250101,25,2501,Sierra urbana,3,1234.4168584733386,3703.2505754200156,22477.733066669087,624.3814740741414,396.8023841662567,214.74777414606737,0,0,No pobre,19321.925261166656
2023,170,17,4,150101,15,1501,Costa rural,4,874.2562548714376,3497.0250194857504,16204.106676730753,337.585555765224,479.48947965009927,223.61065204436002,1,0,Pobre no extremo,72954.96200826441
2023,157,5,2,210101,21,2101,Sierra rural,3,842.2657508885503,2526.797252665651,6653.1952193059005,184.8109783140528,472.3047682839326,236.02162288446215,1,1,Pobre extremo,21024.329926590097
2021,335,14,1,010201,01,0102,Callao,5,1658.7191763993542,8293.595881996771,30256.617862421677,504.2769643736946,380.20246709822436,241.90095214196995,0,0,No pobre,27235.727507465486
2021,349,6,3,010101,01,0101,Callao,2,156.4018273499934,312.8036546999868,18466.359999147695,769.4316666311539,435.0734682657885,230.27009157481186,0,0,No pobre,63802.71383328461
2024,260,15,3,200101,20,2001,Sierra rural,3,661.612253806228,1984.8367614186839,30776.05644762588,854.8904568784967,467.22673836031544,253.09753256782116,0,0,No pobre,65238.33553997799
2024,82,7,4,010101,01,0101,Selva urbana,4,1642.338804216702,6569.355216866808,139677.8022075542,2909.9542126573792,423.05336062339603,240.91173674746946,0,0,No pobre,30296.13221766956
2021,242,14,1,010101,01,0101,Selva urbana,3,1849.007282361211,5547.0218470836335,23947.706913391143,665.2140809275318,423.6814258576685,246.5533693808181,0,0,No pobre,26559.799254434354
2021,441,18,2,040101,04,0401,Lima Metropolitana,2,883.3692130975737,1766.7384261951474,67648.64774738217,2818.693656140924,417.93471567262895,260.40432472278616,0,0,No pobre,225727.2138306918
2022,433,1,1,130101,13,1301,Lima Metropolitana,5,1788.709062072545,8943.545310362726,22641.84638806138,377.3641064676897,382.88283351553235,260.5981999190857,1,0,Pobre no extremo,4054.477730217729
2022,172,6,3,210101,21,2101,Callao,4,477.9672320375621,1911.8689281502484,39101.031326777826,814.6048193078714,459.02833358537026,214.24558186114686,0,0,No pobre,52304.12819092037
2021,231,3,2,250101,25,2501,Sierra urbana,1,520.711428934328,520.711428934328,29965.56359284369,2497.130299403641,425.67852033910947,243.63413213828548,0,0,No pobre,36939.10259872513
2022,208,5,3,010201,01,0102,Selva urbana,4,1707.7636155111265,6831.054462044506,34224.06486534048,713.0013513612599,433.1065638403726,250.1648602729162,0,0,No pobre,23810.59432256943
2025,75,12,3,010101,01,0101,Sierra rural,6,1816.1897085471746,10897.138251283048,23898.875631889023,331.9288282206809,405.56851168066385,210.2097067282596,1,0,Pobre no extremo,48447.23388057538
2024,270,11,1,010101,01,0101,Callao,2,523.3309591290682,1046.6619182581364,99242.91649154187,4135.121520480911,458.41184920668195,258.9938885941243,0,0,No pobre,13697.188027990673
2024,387,13,4,200101,20,2001,Costa urbana,4,212.7159609403611,850.8638437614444,47511.191759885296,989.8164949976103,459.3748546704448,212.63289034079318,0,0,No pobre,9871.437327208663
2021,499,16,3,250101,25,2501,Costa rural,5,271.6158604050467,1358.0793020252336,29854.726867209985,497.5787811201664,435.29208168517596,255.94955962923999,0,0,No pobre,102857.66835019349
2023,114,18,1,250101,25,2501,Sierra rural,2,596.6235872150902,1193.2471744301804,60943.83956261212,2539.3266484421715,470.46279258001636,211.30260296364145,0,0,No pobre,18526.75836043655
2021,62,17,2,250101,25,2501,Lima Metropolitana,1,1546.7532465789102,1546.7532465789102,30203.268804218562,2516.9390670182133,391.58842307266417,251.92449757677008,0,0,No pobre,32128.5680621413
2022,362,17,4,010201,01,0102,Selva rural,4,1068.9844728129374,4275.9378912517495,73498.5294295402,1531.2193631154207,458.6626664643599,210.37035852206645,0,0,No pobre,3806.8394559084127
2023,320,11,3,210101,21,2101,Selva urbana,5,965.6188002612623,4828.094001306312,9304.375837482665,155.0729306247111,435.8584142320665,226.51805176009282,1,1,Pobre extremo,6410.911105012214
2022,102,10,3,210101,21,2101,Costa rural,2,1209.8658692154017,2419.7317384308035,183220.64012704967,7634.193338627069,403.1013167036449,210.04612934304504,0,0,No pobre,46756.85919885081
2025,429,16,2,010201,01,0102,Selva rural,5,1791.4239155781538,8957.11957789077,31416.132776659033,523.6022129443172,393.2303782651895,218.9500567428641,0,0,No pobre,107320.82123584779
2022,362,2,1,040101,04,0401,Callao,4,271.8177211747494,1087.2708846989976,9632.50475930351,200.6771824854898,410.10070403228383,268.91603441474393,1,1,Pobre extremo,18285.080520566462
2025,210,17,3,010201,01,0102,Costa rural,3,1419.9758425095044,4259.927527528514,52793.451587310294,1466.4847663141747,465.6315918101452,207.53729592485686,0,0,No pobre,185732.8180637364
2025,442,10,2,150101,15,1501,Sierra urbana,4,1860.9026067452698,7443.610426981079,86186.05485402304,1795.5428094588133,458.7619349676136,228.45253784925217,0,0,No pobre,131420.45241663847
2022,255,13,3,150132,15,1501,Callao,7,505.36507934096,3537.55555538672,10695.749924762145,127.3303562471684,444.51324258180404,247.3843538619866,1,1,Pobre extremo,88023.52132289733
2022,20,12,1,150101,15,1501,Selva urbana,3,1691.7674003274853,5075.302200982456,17595.13358420521,488.75371067236694,389.03270077836777,206.62189992781,0,0,No pobre,107351.7346699963
2025,58,15,4,040101,04,0401,Sierra urbana,4,1426.2469504430542,5704.987801772217,67067.1786817759,1397.2328892036646,475.4830639743304,207.63230911936733,0,0,No pobre,135202.6522629928
2023,112,7,1,040101,04,0401,Callao,4,127.49021853897491,509.96087415589966,44716.69894331789,931.597894652456,410.5440132375407,210.02840107667123,0,0,No pobre,21586.368575877004
2025,473,13,1,010201,01,0102,Costa rural,2,540.0621926880436,1080.1243853760873,18104.432097675097,754.351337403129,440.69999833450584,245.14904646231162,0,0,No pobre,22638.340385704916
2024,313,12,1,010201,01,0102,Sierra urbana,1,1251.1050457021736,1251.1050457021736,21498.544047317962,1791.5453372764969,460.3101870805434,263.65358425854447,0,0,No pobre,72860.94741585167
2025,486,12,2,130101,13,1301,Callao,1,1054.560645033302,1054.560645033302,8730.621747331057,727.551812277588,393.28558344587583,257.8192617778056,0,0,No pobre,10471.646838596014
2023,461,2,3,200101,20,2001,Callao,3,1103.0788798010453,3309.236639403136,11058.595462232368,307.1832072842324,445.2196742255873,268.81386675502443,1,0,Pobre no extremo,50626.08652825194
2024,196,5,4,150101,15,1501,Selva urbana,2,540.6678067529631,1081.3356135059262,5969.359713595985,248.7233213998327,383.22959967042124,240.46965192195756,1,0,Pobre no extremo,57472.33103502643
2021,375,2,2,210101,21,2101,Sierra rural,5,1382.5065943463906,6912.532971731953,19662.552202721276,327.7092033786879,390.1789311504341,267.303411323273,1,0,Pobre no extremo,73060.67833234504
2021,462,13,1,130101,13,1301,Costa urbana,7,606.1949047798761,4243.3643334591325,49505.93012832852,589.3563110515299,452.3143634427142,221.34539156508166,0,0,No pobre,64437.859480117506
2023,353,3,4,250101,25,2501,Selva rural,2,839.9264363090624,1679.8528726181248,21166.664540618247,881.9443558590937,395.5082155572794,229.5053215692246,0,0,No pobre,10019.540099388589
2025,92,11,1,050101,05,0501,Sierra rural,3,800.9402401721449,2402.8207205164344,73490.1113636413,2041.3919823233696,424.3506723305378,227.7228957576291,0,0,No pobre,6597.255979385393
2022,52,16,1,210101,21,2101,Callao,1,1376.8475420278073,1376.8475420278073,15043.305407659993,1253.608783971666,404.8332550777369,203.3150236195233,0,0,No pobre,38789.862790544146
2023,293,1,1,250101,25,2501,Costa rural,2,271.48024719811303,542.9604943962261,7031.095943953393,292.962330998058,422.1229508669942,258.0793687978391,1,0,Pobre no extremo,419049.09806963126
2024,8,19,4,130101,13,1301,Callao,3,490.52961197635193,1471.5888359290557,76066.23028684997,2112.950841301388,387.72202402914706,201.7302732084658,0,0,No pobre,13888.39569235235
2024,300,11,3,010101,01,0101,Sierra rural,3,480.94443430162886,1442.8333029048865,37440.22021387377,1040.0061170520491,455.49005440409894,251.09133757595083,0,0,No pobre,26314.438439218982
2021,98,9,1,130101,13,1301,Sierra urbana,6,306.0068808198492,1836.0412849190952,81201.32336087294,1127.7961577899018,387.90411773941145,228.4945347858685,0,0,No pobre,48919.55484178137
2024,236,14,3,130101,13,1301,Selva urbana,3,494.4304597892722,1483.2913793678167,19871.31326660187,551.9809240722741,463.791449736047,200.43734012538363,0,0,No pobre,21185.702715321848
2023,389,9,4,130101,13,1301,Sierra rural,4,1253.4145090543732,5013.658036217493,112580.92046392636,2345.435842998466,446.2608864169561,220.29628320039595,0,0,No pobre,69937.47731583922
2024,374,7,4,010201,01,0102,Sierra rural,3,1491.1195246609575,4473.358573982872,10208.564788755359,283.5712441320933,421.6585575664283,224.2289387143179,1,0,Pobre no extremo,73931.37651666632
2023,69,16,1,150101,15,1501,Selva urbana,1,1354.5765492413332,1354.5765492413332,20774.241172687238,1731.1867643906032,466.64865434704916,267.52917297420106,0,0,No pobre,169655.3050640427
2022,415,3,3,130101,13,1301,Sierra urbana,6,1002.8574621636765,6017.144772982059,38828.146649276176,539.2798145732802,398.61312786763284,246.27553683252194,0,0,No pobre,62942.03148443145
2021,45,19,3,010201,01,0102,Costa urbana,2,199.62568508252093,399.25137016504186,17636.683846274766,734.8618269281152,406.4564227414825,238.0500114054298,0,0,No pobre,26100.288330582025
2024,137,4,1,250101,25,2501,Sierra rural,7,1922.1133203048726,13454.793242134108,33017.38232024541,393.0640752410168,393.7123661659207,208.89353949418606,1,0,Pobre no extremo,86529.44242498052
2023,234,7,2,200101,20,2001,Selva rural,2,419.3452755912347,838.6905511824694,82697.08950445076,3445.7120626854485,418.1568693290035,227.37730376589718,0,0,No pobre,34880.825205863315
2025,32,12,2,150101,15,1501,Costa rural,4,1370.0006037707747,5480.002415083099,37760.73125388815,786.6819011226698,478.67331847340876,202.50350475202575,0,0,No pobre,24908.58833492971
2021,289,18,4,250101,25,2501,Lima Metropolitana,7,1834.492169416011,12841.445185912076,22913.483016864386,272.779559724576,396.10273778006945,253.31797929306572,1,0,Pobre no extremo,24011.941894673288
2022,126,5,4,040101,04,0401,Sierra urbana,2,1425.7764823638784,2851.5529647277567,81118.89614430747,3379.954006012811,463.09764858657985,211.39436915356234,0,0,No pobre,22155.752232296094
2023,67,10,2,210101,21,2101,Callao,3,514.2943163590054,1542.8829490770163,42668.14969130151,1185.2263803139308,445.1880071673072,241.61049906624808,0,0,No pobre,107933.56062924006
2022,30,12,2,050101,05,0501,Sierra urbana,5,700.0129676516437,3500.0648382582185,26710.467563798626,445.1744593966438,381.58141306118597,248.9574076779423,0,0,No pobre,106349.53391659432
2022,114,8,2,040101,04,0401,Sierra rural,1,157.39114732108084,157.39114732108084,25037.267361622184,2086.4389468018485,474.48901929377,225.655638939489,0,0,No pobre,48152.60001711136
2024,204,19,1,150132,15,1501,Selva rural,4,1264.2406576000155,5056.962630400062,19324.0237096532,402.58382728444167,477.10912652249846,244.28152064696093,1,0,Pobre no extremo,23257.10037514319
2024,29,15,1,200101,20,2001,Lima Metropolitana,2,1264.6866636749767,2529.3733273499533,57456.33508009908,2394.013961670795,472.49007018615436,253.49630031526777,0,0,No pobre,43818.73808412022
2023,131,1,1,150132,15,1501,Callao,3,1478.4511046151206,4435.353313845362,59430.97978363427,1650.8605495453965,430.1739657707034,212.88866565741918,0,0,No pobre,17412.94734253554
2025,474,3,1,010101,01,0101,Selva urbana,2,120.89294962368056,241.78589924736113,84017.96607873582,3500.7485866139923,402.0375182475879,242.06022301862393,0,0,No pobre,33112.73043405495
2023,185,18,1,010101,01,0101,Lima Metropolitana,6,1653.8984487664866,9923.39069259892,39624.768412762394,550.3440057328111,419.12646774704814,251.37181948086084,0,0,No pobre,8009.418121140173
2025,253,18,1,130101,13,1301,Sierra rural,2,1503.5508190605854,3007.1016381211707,16483.90816581816,686.82950690909,441.4191546416231,224.99336625916382,0,0,No pobre,32404.969895016213
2022,286,2,4,200101,20,2001,Sierra rural,1,367.68455809576875,367.68455809576875,36231.30872792861,3019.275727327384,417.88363809174496,211.37438106815816,0,0,No pobre,86811.23797332733
2021,393,5,3,250101,25,2501,Selva urbana,4,760.4905576110593,3041.9622304442373,16218.708866851583,337.88976805940797,450.81716508696826,220.02812147870964,1,0,Pobre no extremo,21326.23705655109
2023,410,1,4,040101,04,0401,Costa rural,3,1313.1972965180119,3939.5918895540353,31128.247467422036,864.6735407617232,459.55755477765183,265.315226678788,0,0,No pobre,101623.90424488587
2023,386,10,3,200101,20,2001,Selva urbana,3,1042.014062386623,3126.042187159869,95685.7319724107,2657.9369992336306,400.93928986480574,225.02135683361558,0,0,No pobre,67041.62427039428
2025,62,10,4,040101,04,0401,Sierra rural,2,318.6791014123986,637.3582028247972,77895.88219242443,3245.6617580176844,420.49419082828007,207.53904114312175,0,0,No pobre,56154.03552025694
2022,3,5,4,050101,05,0501,Costa urbana,5,265.95621275952084,1329.7810637976042,60766.4026899155,1012.7733781652584,475.774437602606,205.79085553545303,0,0,No pobre,20687.13046943845
2022,430,18,1,250101,25,2501,Selva urbana,4,1584.766968305374,6339.067873221496,26360.3253950378,549.1734457299541,404.9806801262638,212.63465460206908,0,0,No pobre,14621.118614997153
2025,68,15,1,150132,15,1501,Callao,3,396.3375242338387,1189.012572701516,60255.16989677658,1673.7547193549049,414.64474885944287,208.9258634982826,0,0,No pobre,99071.52098469326
2022,25,8,3,040101,04,0401,Costa rural,2,426.9760804678428,853.9521609356856,15113.286238360342,629.720259931681,383.56605038519723,234.65305619699953,0,0,No pobre,11205.156495733952
2024,179,17,3,050101,05,0501,Selva urbana,4,1678.7539381778395,6715.015752711358,7218.502158309896,150.38546163145617,413.23660411036013,224.32860109229262,1,1,Pobre extremo,24569.504534904227
2021,141,12,1,200101,20,2001,Selva urbana,5,1263.0653056701124,6315.326528350562,34361.75956025267,572.6959926708779,417.09313981041026,258.8983958278285,0,0,No pobre,46456.52591441545
2023,231,12,4,050101,05,0501,Sierra urbana,3,1248.9596554925477,3746.878966477643,19190.232210149978,533.0620058374993,389.98355596268226,261.67549727018525,0,0,No pobre,406264.56978387135
2021,300,1,3,210101,21,2101,Sierra urbana,1,1010.756965590346,1010.756965590346,134022.60634648654,11168.550528873879,380.1442249984957,233.1295571521446,0,0,No pobre,74435.39811638178
2023,163,4,2,050101,05,0501,Sierra rural,3,1181.0905273643527,3543.271582093058,116905.99036324398,3247.3886212012217,437.540548436871,262.1968973195216,0,0,No pobre,18733.186505940856
2024,311,8,2,050101,05,0501,Callao,4,1243.362411706441,4973.449646825764,14471.397852854754,301.4874552678074,410.15266013287186,231.5323147111707,1,0,Pobre no extremo,35679.89415683692
2022,471,1,2,130101,13,1301,Sierra rural,7,1938.8698462028026,13572.088923419618,50272.282325551234,598.4795514946576,381.7823837260092,244.9373486761751,0,0,No pobre,28757.32105496478
2025,393,15,3,010101,01,0101,Lima Metropolitana,1,523.6492841884005,523.6492841884005,4550.065126542559,379.17209387854655,465.994430396718,211.37743828534255,1,0,Pobre no extremo,50405.281862446485
2024,130,18,1,150132,15,1501,Callao,3,507.66859743087224,1523.0057922926167,36512.21765092361,1014.2282680812114,438.4409677066641,203.6807793275313,0,0,No pobre,98484.27683037815
2021,445,1,1,210101,21,2101,Selva urbana,2,208.71512664009978,417.43025328019957,35684.49362600388,1486.853901083495,397.11683504918204,211.20596234833582,0,0,No pobre,19557.80017611084
2025,246,11,1,210101,21,2101,Costa urbana,3,1350.5777177377124,4051.7331532131375,11007.102018631269,305.75283385086857,466.52466229409765,217.62916650917845,1,0,Pobre no extremo,44125.53103783224
2022,297,2,3,010101,01,0101,Selva rural,3,1143.1801435622976,3429.540430686893,31213.060685964858,867.0294634990238,405.358597047298,252.56873251282417,0,0,No pobre,96424.17222339033
2024,172,1,3,150101,15,1501,Sierra rural,6,311.35448730861555,1868.1269238516934,11666.990999338339,162.04154165747693,402.7445731536256,212.14536697230295,1,1,Pobre extremo,10960.010985562603
2025,64,12,2,040101,04,0401,Selva urbana,2,792.6239767245557,1585.2479534491115,57914.04884001843,2413.0853683341015,469.4634056997269,209.14582868752225,0,0,No pobre,31631.617606675612
2024,31,16,3,050101,05,0501,Selva urbana,5,439.46009012928727,2197.3004506464363,31812.481237546726,530.2080206257788,397.94578794594736,264.9326565390614,0,0,No pobre,25138.06278445516
2024,492,10,2,200101,20,2001,Selva rural,3,729.8153067616369,2189.4459202849107,103102.59281859698,2863.960911627694,467.89857931690744,248.21616956407593,0,0,No pobre,35615.37230891855
2022,47,18,2,050101,05,0501,Selva urbana,5,1907.4019218497592,9537.009609248797,6783.286923808007,113.05478206346677,460.2973301247801,233.13139100097965,1,1,Pobre extremo,3949.9262308055704
2023,130,15,1,200101,20,2001,Selva rural,4,1398.3057938730049,5593.223175492019,12316.935137442439,256.60281536338414,410.97775408292335,206.6477875251031,1,0,Pobre no extremo,17968.354608842485
2025,352,17,3,050101,05,0501,Selva rural,1,114.3812915107697,114.3812915107697,17387.306811383594,1448.9422342819662,383.4397081153136,259.62536380999495,0,0,No pobre,4400.394318450529
2022,466,10,1,210101,21,2101,Lima Metropolitana,6,579.7653401898349,3478.5920411390093,41833.36650792232,581.0189792766989,388.2573103551317,207.5780901552205,0,0,No pobre,12504.47388242667
2024,333,3,1,150101,15,1501,Selva urbana,2,119.68693944778016,239.37387889556032,34332.81794097003,1430.5340808737512,390.95282677695775,242.7732572219999,0,0,No pobre,41556.99957896761
2022,110,16,3,010101,01,0101,Lima Metropolitana,4,1458.2501476604934,5833.000590641974,39444.182127672604,821.7537943265125,469.0798835160478,246.73735448350408,0,0,No pobre,54728.169211368244
2023,69,6,3,250101,25,2501,Selva urbana,6,991.9014239054088,5951.408543432453,14999.427171990403,208.32537738875558,420.4035978037476,228.0097163604991,1,1,Pobre extremo,24486.670359699237
2025,58,3,4,010201,01,0102,Sierra urbana,2,1988.6355144473396,3977.271028894679,4852.930121323644,202.2054217218185,383.25297572864946,263.7851707503203,1,1,Pobre extremo,4391.7035518942275
2023,106,9,2,150132,15,1501,Selva rural,4,1493.8081959430506,5975.232783772202,13576.05929033023,282.83456854854643,435.654846205568,203.54904281963135,1,0,Pobre no extremo,20195.95303703161
2021,300,11,4,250101,25,2501,Costa rural,5,1084.0345911449756,5420.172955724878,95547.2382037949,1592.4539700632483,400.79922506069914,257.26818340590825,0,0,No pobre,10353.710773987354
2025,330,13,2,150132,15,1501,Selva rural,7,1628.940313595457,11402.5821951682,15392.717461707858,183.24663644890308,403.5126042608019,238.76560787807398,1,1,Pobre extremo,28137.086099715023
2023,256,18,2,040101,04,0401,Costa rural,5,1439.1269373447444,7195.634686723723,31554.61910546011,525.9103184243352,396.08417349180786,242.7842607085331,0,0,No pobre,39981.05093703342
2024,312,4,2,010101,01,0101,Selva urbana,3,563.1747375083755,1689.5242125251266,28419.93430285521,789.4426195237559,456.20214623987175,269.0777893737645,0,0,No pobre,7247.983903645696
2025,171,8,1,200101,20,2001,Sierra rural,4,1107.4907221722815,4429.962888689126,31738.87927197327,661.2266514994432,380.0612893805273,240.78534621824758,0,0,No pobre,24752.046374320576
2025,383,13,1,250101,25,2501,Costa urbana,5,1156.3975771847347,5781.987885923673,8088.773847372962,134.81289745621604,423.89841638968454,255.79195898936752,1,1,Pobre extremo,4010.441891176778
2022,473,10,3,250101,25,2501,Lima Metropolitana,4,957.3402273548265,3829.360909419306,56174.647875867384,1170.3051640805704,388.68711664024835,210.74715360038394,0,0,No pobre,29954.15988122475
2024,162,2,2,150132,15,1501,Selva urbana,6,440.46598342518774,2642.7959005511266,24601.909380586054,341.693185841473,435.23746010045534,256.65027144768726,1,0,Pobre no extremo,29840.801835333197
2021,485,8,2,250101,25,2501,Costa urbana,2,524.4011981499854,1048.8023962999707,215185.2394695149,8966.05164456312,414.59923461613425,253.27510350569165,0,0,No pobre,8028.809449821386
2023,286,6,2,200101,20,2001,Sierra urbana,2,633.990061816327,1267.980123632654,19232.347743593542,801.3478226497309,382.8351580776428,267.7677051357379,0,0,No pobre,8553.929022509576
2022,71,16,1,010101,01,0101,Costa rural,4,119.4847838185111,477.9391352740444,64822.631807090824,1350.4714959810588,426.0974231155044,265.49974444785244,0,0,No pobre,212249.20351973583
2023,255,18,3,040101,04,0401,Lima Metropolitana,7,1842.1933951220678,12895.353765854476,18975.20257010412,225.89526869171573,437.0585497864802,214.97905818579838,1,0,Pobre no extremo,51072.03906282961
2021,454,17,1,010201,01,0102,Sierra urbana,4,1403.58238400861,5614.32953603444,151341.59153867408,3152.9498237223765,404.7654031662717,232.54531904850296,0,0,No pobre,18053.04834679927
2021,374,6,4,010101,01,0101,Sierra rural,7,1410.2728999904946,9871.910299933463,51929.52953976786,618.2086849972363,456.5511897071059,263.80382247209974,0,0,No pobre,26076.793673815846
2025,55,13,4,130101,13,1301,Sierra rural,6,1187.4281662373305,7124.568997423983,8461.1755756681,117.51632743983471,417.1048765794283,244.85355487953512,1,1,Pobre extremo,11042.556234799624
2021,323,14,4,040101,04,0401,Selva rural,6,1409.6905355060123,8458.143213036074,95449.45389760812,1325.6868596890017,454.93465141440146,232.45902759910092,0,0,No pobre,45396.53088513122
2023,397,10,3,250101,25,2501,Lima Metropolitana,6,1965.5388447599091,11793.233068559455,54053.070464671444,750.7370897871034,437.9015729008768,207.62571331205814,0,0,No pobre,32343.235164113088
2024,3,11,4,200101,20,2001,Lima Metropolitana,6,831.8046415055372,4990.827849033223,17668.090648396428,245.39014789439483,466.9253067986885,224.62302970653607,1,0,Pobre no extremo,75308.91652596279
2024,26,13,3,150101,15,1501,Lima Metropolitana,5,1453.798615065471,7268.993075327355,6299.0068888844335,104.98344814807389,434.6924790982272,246.56679644075052,1,1,Pobre extremo,101335.89226817216
2025,313,12,1,250101,25,2501,Selva urbana,4,783.1051083173036,3132.4204332692143,79077.30933631847,1647.4439445066348,398.56271933207057,254.3840137365348,0,0,No pobre,139961.14497593098
2023,126,9,1,210101,21,2101,Callao,1,1723.1487176189694,1723.1487176189694,127372.25015388824,10614.354179490687,462.25911942786865,231.30168398064768,0,0,No pobre,85803.61630087347
2023,408,4,3,210101,21,2101,Callao,2,1730.2543530910666,3460.508706182133,73659.76590799999,3069.1569128333326,458.30352501747905,203.9091145107758,0,0,No pobre,29244.64536408352
2021,53,7,1,150101,15,1501,Selva rural,2,1814.3062083046216,3628.612416609243,58846.4187019705,2451.9341125821043,477.23558147343266,244.32205275886713,0,0,No pobre,9337.101175275839
2023,198,2,1,010201,01,0102,Sierra rural,1,110.38031605956886,110.38031605956886,44438.38505303436,3703.1987544195304,389.3581919107537,264.51104745574185,0,0,No pobre,27074.639659669854
2022,299,7,3,210101,21,2101,Sierra rural,2,666.5637454925802,1333.1274909851604,69783.87691642904,2907.6615381845436,439.1231162305849,234.74875242338382,0,0,No pobre,34596.349937868785
2021,188,9,4,010201,01,0102,Selva rural,6,354.45626728303256,2126.7376036981955,21252.52522353703,295.1739614380143,429.1668983943482,264.9897290902505,1,0,Pobre no extremo,53922.09099753422
2022,186,5,3,040101,04,0401,Sierra urbana,4,962.5737759912979,3850.2951039651916,5254.380289301395,109.46625602711241,447.0872115480165,224.78705065637794,1,1,Pobre extremo,20720.895029689866
2025,305,15,2,150101,15,1501,Costa urbana,3,1041.3543210906657,3124.0629632719974,53272.65556129378,1479.7959878137162,478.017984812323,262.04560389554933,0,0,No pobre,10925.188314856896
2024,298,18,1,010201,01,0102,Costa rural,5,586.2176813763455,2931.088406881727,38304.80491526985,638.4134152544975,433.2272077115756,255.04378268425288,0,0,No pobre,46916.76016804219
2025,204,4,3,130101,13,1301,Sierra rural,4,1474.5483348856337,5898.193339542535,7606.530475307578,158.46938490224122,448.5738634946429,267.3219084958002,1,1,Pobre extremo,407265.4604462881
2024,497,19,1,010201,01,0102,Selva rural,2,612.5624626590418,1225.1249253180836,3738.5216935258304,155.77173723024293,414.72134437220427,255.37148646472997,1,1,Pobre extremo,151253.1328820961
2025,484,7,4,050101,05,0501,Sierra rural,6,1722.3936130383813,10334.361678230289,28947.365656189915,402.04674522485993,409.89704876716826,222.5035824741328,1,0,Pobre no extremo,119492.02939017456
2023,450,8,1,040101,04,0401,Sierra urbana,3,437.552799469395,1312.658398408185,23391.669084418798,649.7685856782999,413.5296565683667,263.03972691095225,0,0,No pobre,25103.19985063218
2022,11,17,3,130101,13,1301,Lima Metropolitana,4,797.7470600540388,3190.988240216155,21676.799882927662,451.59999756099296,383.86078935969414,246.88117535227974,0,0,No pobre,17132.92373173908
2024,359,13,4,150101,15,1501,Lima Metropolitana,3,1282.2517410061796,3846.755223018539,45324.72031817955,1259.0200088383208,408.4740645412595,211.34485280188662,0,0,No pobre,77825.36436650161
2021,354,11,4,150132,15,1501,Callao,4,1250.1366338801813,5000.546535520725,13757.930708510072,286.6235564272932,397.2946393807202,203.21755558175522,1,0,Pobre no extremo,128115.01148461564
2022,474,1,4,250101,25,2501,Costa rural,5,248.25531280977268,1241.2765640488633,49937.65433990456,832.2942389984094,425.7427979835557,225.60919229037998,0,0,No pobre,27933.77669265843
2021,146,2,2,200101,20,2001,Callao,2,1707.8913631628016,3415.782726325603,50265.69592377814,2094.403996824089,426.08247638987314,255.08049048121742,0,0,No pobre,20244.489461143214
2022,85,17,3,210101,21,2101,Lima Metropolitana,7,1236.323373516573,8654.263614616011,2453.9727044730867,29.213960767536747,456.5229831226504,243.27502168128436,1,1,Pobre extremo,21235.416565811523
2022,100,5,3,050101,05,0501,Lima Metropolitana,2,1752.73314254362,3505.46628508724,25291.003222814776,1053.7918009506157,430.2291647892029,236.89890118105393,0,0,No pobre,44997.5758474484
2025,104,6,4,050101,05,0501,Sierra urbana,4,1748.5075986329502,6994.030394531801,32212.579859436097,671.095413738252,426.3081588323241,200.26093442131807,0,0,No pobre,33979.00164064037
2024,436,7,1,150132,15,1501,Callao,6,1137.245511712559,6823.473070275353,52747.60833589173,732.6056713318296,403.16263117004917,230.48504914691196,0,0,No pobre,36849.396675074386
2024,46,15,4,250101,25,2501,Costa urbana,6,1830.484768891732,10982.908613350392,44094.31177356078,612.4209968550108,465.2480010144677,211.04063721076741,0,0,No pobre,125801.98601792233
2022,44,19,2,250101,25,2501,Sierra urbana,3,1711.9748177455663,5135.924453236699,5564.507221135108,154.56964503153077,389.1000905684719,231.81971779792315,1,1,Pobre extremo,86322.62338932168
2023,278,16,4,210101,21,2101,Costa rural,2,1920.433594667365,3840.86718933473,29322.099399571078,1221.754141648795,478.22959649792864,269.4239225391486,0,0,No pobre,30495.592051764248
2023,181,13,3,010201,01,0102,Lima Metropolitana,5,1715.946957262872,8579.73478631436,21300.38794550853,355.0064657584755,427.6074995851498,261.567717618395,1,0,Pobre no extremo,36280.284288687195
2021,187,5,4,150101,15,1501,Callao,1,1660.2873169021839,1660.2873169021839,70782.81287133861,5898.567739278217,398.5986999595724,221.74414228746068,0,0,No pobre,100130.40986692543
2021,478,3,1,250101,25,2501,Costa rural,4,991.7849132861319,3967.1396531445275,9147.497162297512,190.57285754786483,415.4328055768483,241.54551750740524,1,1,Pobre extremo,61604.74368322434
2025,114,3,3,250101,25,2501,Sierra rural,5,502.8590147180627,2514.2950735903137,26840.982537261265,447.3497089543544,381.5370182708789,235.14666633897423,0,0,No pobre,188737.69783729294
2022,491,19,1,200101,20,2001,Costa urbana,4,1830.3465928434232,7321.386371373693,58935.222974360404,1227.817145299175,396.6522679258237,209.1032903650278,0,0,No pobre,71430.96316571477
2021,255,14,4,130101,13,1301,Selva urbana,2,1472.8434542475438,2945.6869084950877,53336.14120220401,2222.3392167585002,413.5339819312677,269.2864561070629,0,0,No pobre,47035.570062801555
2021,381,16,3,130101,13,1301,Sierra rural,4,635.3209419771886,2541.2837679087543,23412.99533479331,487.7707361415273,435.44152787519874,229.76226096293036,0,0,No pobre,22200.406207218555
2022,380,17,2,200101,20,2001,Lima Metropolitana,6,747.8918732357207,4487.3512394143245,77791.46841040683,1080.4370612556504,392.9480844644854,235.39613259502806,0,0,No pobre,7561.156645452329
2025,30,4,3,010101,01,0101,Selva rural,4,1403.549172528719,5614.196690114876,13933.124001878015,290.273416705792,447.59632961831153,245.3319518617658,1,0,Pobre no extremo,104866.45436539258
2021,264,13,1,150101,15,1501,Sierra urbana,5,1007.8528858719746,5039.264429359873,51997.275539241884,866.6212589873647,464.42764899891796,213.40811731914326,0,0,No pobre,106028.67765210167
2025,98,8,3,250101,25,2501,Callao,3,254.8168675080997,764.4506025242991,60378.7112650691,1677.1864240296973,437.2339610473906,215.55586216517221,0,0,No pobre,142063.0437992377
2024,313,19,2,210101,21,2101,Callao,2,368.7510969167483,737.5021938334966,7852.983972068905,327.20766550287107,409.6901447225224,213.4790897637506,1,0,Pobre no extremo,10723.26482092377
2025,367,5,2,150101,15,1501,Sierra urbana,3,1516.7324986733913,4550.197496020174,86907.3209276727,2414.092247990908,392.13923254858713,226.91258804265698,0,0,No pobre,53245.10715408903
2023,329,2,2,150132,15,1501,Costa rural,4,724.2821041154787,2897.1284164619146,6101.537727053301,127.11536931361043,381.5535062983948,213.97738695204043,1,1,Pobre extremo,18565.402517810737
2023,115,15,2,050101,05,0501,Selva rural,3,1064.5339139638745,3193.6017418916235,37660.282257900064,1046.118951608335,453.18023329982867,264.84771775596727,0,0,No pobre,32798.321801883096
2025,276,2,1,250101,25,2501,Costa rural,4,1556.580808681699,6226.323234726796,17642.5108850429,367.55231010506037,442.84793683127236,250.00198324451685,1,0,Pobre no extremo,7613.83017189107
2023,488,11,3,010101,01,0101,Selva rural,5,1527.2336280414997,7636.168140207499,66910.74309000938,1115.1790515001562,427.62834060353737,262.8484898456083,0,0,No pobre,18417.274202658282
2024,281,13,4,210101,21,2101,Costa rural,5,417.3285510858204,2086.6427554291017,36199.86745978032,603.331124329672,390.19955522201377,259.39388912171387,0,0,No pobre,32738.892726521433
2022,275,10,2,150101,15,1501,Selva urbana,2,286.94834235816705,573.8966847163341,134835.49960898212,5618.145817040921,400.7025181263966,249.22063660944022,0,0,No pobre,53881.397952247884
2023,261,3,4,040101,04,0401,Selva urbana,5,1223.189356633671,6115.946783168355,74837.41462446001,1247.2902437410003,461.51723036866423,216.99223323526115,0,0,No pobre,76871.62327867726
2023,331,5,4,050101,05,0501,Sierra rural,4,1509.1024604693553,6036.409841877421,30292.74383739115,631.098829945649,427.9851468020369,243.07232050005234,0,0,No pobre,178238.33719502104
2025,207,3,3,250101,25,2501,Selva urbana,1,383.17585179127974,383.17585179127974,79579.23844693441,6631.603203911201,476.2832859619373,213.0409202444687,0,0,No pobre,32240.375626282927
2024,384,6,4,150101,15,1501,Selva rural,2,806.7150459218221,1613.4300918436443,24517.136908285593,1021.5473711785663,479.99721473679824,209.27332339571944,0,0,No pobre,22692.29869782697
2022,328,13,4,150101,15,1501,Costa rural,4,1753.5281923385173,7014.112769354069,10094.069492423252,210.29311442548442,460.07071263655877,244.28026693668244,1,1,Pobre extremo,51490.39509067642
2025,211,10,1,210101,21,2101,Selva rural,3,1894.02396896461,5682.071906893831,17824.50796406158,495.1252212239328,405.81836099070944,243.72379154768169,0,0,No pobre,49284.55278896452
2025,215,19,4,050101,05,0501,Sierra rural,2,962.7325458044002,1925.4650916088003,24262.9434677384,1010.9559778224334,403.1114962180122,210.9635499413642,0,0,No pobre,11902.057536231061
2024,411,8,3,130101,13,1301,Sierra rural,1,251.08027465858274,251.08027465858274,1640.8375866408098,136.73646555340082,405.36343204238227,224.6699388213552,1,1,Pobre extremo,10754.724288851638
2022,40,18,4,130101,13,1301,Lima Metropolitana,2,589.623266784517,1179.246533569034,93460.86443748738,3894.202684895308,478.67850788165526,204.63968216997804,0,0,No pobre,359424.52813783276
2024,480,3,3,040101,04,0401,Costa urbana,7,542.6428485995127,3798.499940196589,24653.967831661135,293.4996170435849,413.53404780682916,250.10131795802366,1,0,Pobre no extremo,47716.84248762241
2022,26,17,2,010201,01,0102,Selva urbana,5,554.0310690280082,2770.1553451400414,64063.9057748786,1067.7317629146432,450.64467436446887,269.12469559782807,0,0,No pobre,80538.21190265357
2024,27,8,4,200101,20,2001,Sierra urbana,4,1038.375240220575,4153.5009608823,31084.611478744206,647.5960724738376,475.9017709811361,251.7934308797524,0,0,No pobre,64010.80678648227
2025,190,10,4,250101,25,2501,Sierra urbana,6,1208.1287382139851,7248.77242928391,6719.932387224123,93.3323942670017,461.959614676862,259.0906518702809,1,1,Pobre extremo,58377.667879596636
2025,83,2,4,210101,21,2101,Costa urbana,4,332.7682184918771,1331.0728739675085,28896.651851120463,602.0135802316763,439.76038091306526,233.34402695993035,0,0,No pobre,129069.83062586737
2021,384,12,2,250101,25,2501,Costa rural,5,1789.7764124038354,8948.882062019176,24152.309477439885,402.53849129066475,396.8965524671732,206.6908856816725,0,0,No pobre,339989.95560724224
2023,434,6,1,210101,21,2101,Costa urbana,3,1277.950264234118,3833.8507927023543,14514.027255251583,403.16742375698846,397.49382446783466,250.8624565753712,0,0,No pobre,63488.50214335899
2024,170,2,4,130101,13,1301,Costa rural,4,1234.7782875092103,4939.113150036841,18934.314650240343,394.4648885466738,429.24230855683834,217.95641400915702,1,0,Pobre no extremo,40971.59080497652
2021,413,3,3,210101,21,2101,Callao,2,1975.83009693014,3951.66019386028,27552.876257525597,1148.0365107302332,475.1944495874243,227.18057672802706,0,0,No pobre,100439.2706342999
2023,167,17,1,050101,05,0501,Selva urbana,3,1293.4735572369382,3880.4206717108145,2954.7461990125294,82.07628330590359,470.4493695750655,249.21694749732904,1,1,Pobre extremo,28990.53123666378
2024,188,7,1,010201,01,0102,Selva urbana,1,1865.0223836722514,1865.0223836722514,37199.47079931743,3099.955899943119,396.61920554544173,263.3349168336908,0,0,No pobre,10897.725731429955
2022,169,5,1,040101,04,0401,Sierra rural,3,643.8882474836043,1931.664742450813,46332.54874274793,1287.0152428541091,408.7719744774841,234.03743342994747,0,0,No pobre,69777.94699702173
2023,289,1,4,010101,01,0101,Sierra rural,2,556.2460316583454,1112.4920633166907,42227.52330303842,1759.4801376266007,438.8811315555975,267.3123901166963,0,0,No pobre,14682.027761625677
2025,467,8,2,130101,13,1301,Sierra rural,3,1081.385504966461,3244.156514899383,20883.147505548703,580.0874307096861,427.7430492252965,236.3932469805803,0,0,No pobre,16540.453712720817
2021,229,12,2,010101,01,0101,Callao,5,1066.3570005096656,5331.785002548328,157586.09361992512,2626.4348936654187,391.93628093765125,208.57573139241984,0,0,No pobre,10242.13384638333
2023,467,14,4,010101,01,0101,Sierra rural,3,530.3189340194041,1590.9568020582124,42611.86393489702,1183.6628870804727,416.93071869983197,236.2903622077778,0,0,No pobre,2946.4487467194112
2023,97,16,3,150132,15,1501,Sierra urbana,5,1429.3457481099006,7146.728740549503,18470.47798503299,307.84129975054987,475.4714367655297,260.2439394156577,1,0,Pobre no extremo,9698.457929780501
2025,367,10,3,010201,01,0102,Lima Metropolitana,4,156.30425654971722,625.2170261988689,8822.12937574326,183.79436199465124,475.14422247445026,237.66315931870238,1,1,Pobre extremo,40426.00784646249
2024,16,15,3,200101,20,2001,Sierra rural,4,1412.19789784396,5648.79159137584,7875.923424936386,164.08173801950804,435.94258810265916,252.34287435036921,1,1,Pobre extremo,120613.03687109394
2022,279,15,4,150101,15,1501,Callao,3,968.6379836342702,2905.9139509028105,38556.741048524476,1071.0205846812355,443.52613046772274,238.35703283005128,0,0,No pobre,21288.06029514682
2025,135,10,2,050101,05,0501,Sierra rural,6,1409.1142706056503,8454.6856236339,51517.21447499074,715.5168677082047,402.19062808589575,238.22381922610302,0,0,No pobre,18160.61562718981
2022,26,7,4,210101,21,2101,Sierra rural,2,1006.453198218886,2012.906396437772,30086.801433882993,1253.6167264117914,454.1952726420631,219.93326309080857,0,0,No pobre,34079.2196981592
2024,352,3,2,250101,25,2501,Costa rural,4,1956.9341874809204,7827.736749923682,25567.848642728437,532.6635133901758,385.24961871348813,214.08823391890226,0,0,No pobre,33797.4526344835
2023,12,2,1,200101,20,2001,Selva rural,4,735.9014070959238,2943.605628383695,19827.091411054815,413.0644043969753,402.0682188163931,219.52431570912577,0,0,No pobre,34339.31765081196
2022,72,6,4,250101,25,2501,Sierra rural,3,1966.8885803045378,5900.665740913613,41913.735482288495,1164.2704300635694,380.5883687665008,230.85865236466694,0,0,No pobre,104996.64172142472
2021,133,9,2,040101,04,0401,Callao,3,223.4504907100532,670.3514721301597,13381.271577059137,371.70198825164266,418.5701258751269,256.6713077494689,1,0,Pobre no extremo,26672.248228351058
2021,106,10,1,040101,04,0401,Costa urbana,3,1399.1454720393576,4197.436416118073,26433.722672764463,734.2700742434573,465.0261198702092,258.02937751127024,0,0,No pobre,22259.211502434504
2025,220,4,1,050101,05,0501,Sierra rural,6,963.0164928913331,5778.098957347998,29241.098376524973,406.1263663406246,478.250647710997,211.43644712509027,1,0,Pobre no extremo,36806.72201287463
2024,373,3,4,210101,21,2101,Sierra rural,5,1662.0614885064306,8310.307442532154,45211.4461017665,753.5241016961083,446.7755975380557,238.69984399080158,0,0,No pobre,69689.31520885622
2025,453,9,2,210101,21,2101,Sierra urbana,6,1600.2705324622964,9601.623194773778,12881.406844942992,178.90842840198601,454.48666854264326,229.12194060743997,1,1,Pobre extremo,636495.3027974071
2025,177,17,1,130101,13,1301,Selva rural,3,1620.399347464281,4861.198042392843,10895.481309717637,302.6522586032677,406.274957821494,239.96550079467144,1,0,Pobre no extremo,208118.68777925402
2025,282,14,4,210101,21,2101,Sierra rural,3,280.00333867478747,840.0100160243624,28136.235372848012,781.5620936902226,432.0332693488815,245.33363709119186,0,0,No pobre,46476.551069893016
2021,133,10,1,150101,15,1501,Selva rural,1,1662.49482973646,1662.49482973646,32412.7906606566,2701.06588838805,453.65778988253646,219.57283949031992,0,0,No pobre,21754.044930107124
2021,22,13,3,200101,20,2001,Costa rural,6,506.67629914314574,3040.0577948588743,26775.466350851482,371.8814770951595,429.7275825966779,264.3469667359114,1,0,Pobre no extremo,33332.83006850966
2025,463,12,4,200101,20,2001,Selva urbana,3,148.79250133216607,446.3775039964982,2339.2822825586404,64.98006340440668,388.8546392114046,265.4813708501412,1,1,Pobre extremo,18547.773703852243
2021,269,1,1,250101,25,2501,Selva rural,3,513.7035674003816,1541.110702201145,36290.41081766572,1008.066967157381,454.0864193164309,207.37504197844953,0,0,No pobre,45105.188785665465
2024,412,19,4,150132,15,1501,Selva rural,6,1010.6416989296822,6063.850193578093,271461.67015429505,3770.300974365209,401.9564391874752,249.21129367813532,0,0,No pobre,50147.09123332421
2025,161,19,4,050101,05,0501,Sierra rural,4,1510.0115838317208,6040.046335326883,61474.978286023106,1280.728714292148,389.7697670937656,202.3262443186464,0,0,No pobre,66899.68623981271
2021,107,6,2,050101,05,0501,Lima Metropolitana,4,515.401713582422,2061.606854329688,4626.230860504083,96.37980959383505,427.8057948825382,203.2594658535099,1,1,Pobre extremo,5079.310255532573
2022,279,13,2,150101,15,1501,Sierra rural,2,314.71434137151556,629.4286827430311,18678.75745793271,778.2815607471962,387.4609077799613,267.04599398581155,0,0,No pobre,15137.187948917768
2025,353,19,1,210101,21,2101,Sierra rural,4,1327.3377845454902,5309.351138181961,22566.819279464093,470.1420683221686,442.94436669816537,248.63971944092208,0,0,No pobre,155233.3104233792
2025,235,13,4,150132,15,1501,Sierra urbana,6,1969.4062690840335,11816.4376145042,20154.726559618044,279.92675777247285,444.04732503132453,222.7179140893635,1,0,Pobre no extremo,12064.454311054216
2024,18,4,4,130101,13,1301,Lima Metropolitana,4,1241.6535739626743,4966.614295850697,8821.787331991043,183.78723608314672,405.67019731330095,246.89143674221233,1,1,Pobre extremo,16854.196887872626
2023,242,2,3,130101,13,1301,Selva urbana,3,1413.0089918345013,4239.026975503504,12043.378422394551,334.53828951095977,476.45344218075934,259.2084535457577,1,0,Pobre no extremo,26255.243717206024
2023,117,15,4,200101,20,2001,Sierra urbana,1,1166.218143118198,1166.218143118198,62345.357922047486,5195.446493503957,462.445158674649,260.96324334879125,0,0,No pobre,150455.81679476282
2024,286,12,2,150101,15,1501,Callao,3,1586.4620440341575,4759.386132102472,52703.251690760386,1463.979213632233,390.95869578997275,201.43638453169157,0,0,No pobre,70496.04241789784
2024,282,7,4,010101,01,0101,Sierra urbana,4,1954.028398397945,7816.11359359178,24331.129798492802,506.89853746860007,454.8512127339095,257.2759605187185,0,0,No pobre,27503.83522488553
2024,144,18,2,010101,01,0101,Sierra urbana,1,1133.8455358679512,1133.8455358679512,63151.12402557235,5262.593668797696,415.30746876098345,259.7241900541953,0,0,No pobre,22908.088105973366
2023,205,13,3,210101,21,2101,Lima Metropolitana,4,891.9019723111792,3567.6078892447167,14896.087707853172,310.3351605802744,455.0288521648959,241.68991434289683,1,0,Pobre no extremo,18353.55520364144
2024,39,17,1,200101,20,2001,Costa rural,4,1734.6518162042403,6938.607264816961,19760.75215621571,411.68233658782725,460.07947923526086,233.59326904850155,1,0,Pobre no extremo,10346.90450520752
2021,417,4,2,150101,15,1501,Selva urbana,5,1942.4838531439812,9712.419265719906,19375.897868025662,322.931631133761,395.1378056060462,207.76992420383385,1,0,Pobre no extremo,16129.348541693107
2025,154,14,1,010101,01,0101,Costa rural,1,345.44511765217914,345.44511765217914,6659.036157106939,554.9196797589116,446.1841984837903,216.77296877682295,0,0,No pobre,211340.4827992076
2025,176,13,1,010201,01,0102,Costa rural,5,1198.524834400368,5992.624172001841,21370.184813592656,356.1697468932109,466.27299604893085,234.3339583765797,1,0,Pobre no extremo,160940.38509249428
2022,449,3,1,250101,25,2501,Selva urbana,4,1605.673985837395,6422.69594334958,117488.12986578856,2447.6693722039286,412.3373624050673,260.55557978214574,0,0,No pobre,25768.60477639283
2022,241,18,1,040101,04,0401,Costa rural,3,1113.3448697971426,3340.0346093914277,106479.07058153143,2957.751960598095,388.0328304180964,256.2194049759526,0,0,No pobre,22148.182454739577
2025,422,14,2,250101,25,2501,Lima Metropolitana,7,877.4742395666026,6142.319676966218,29896.4123820402,355.9096712147643,382.7267479939199,234.71507066431155,1,0,Pobre no extremo,113599.16512381149
2021,386,15,3,040101,04,0401,Selva urbana,2,1344.9366601572992,2689.8733203145985,22095.83569820246,920.6598207584358,391.0000960396729,254.99389159813353,0,0,No pobre,19843.41810053073
2023,369,3,4,010201,01,0102,Selva rural,4,613.2433795753618,2452.9735183014473,132194.80923065153,2754.0585256385734,380.4205921283014,253.60133625115162,0,0,No pobre,70758.40776918265
2023,134,1,2,010201,01,0102,Callao,3,763.3541115829019,2290.0623347487053,21547.77263694534,598.5492399151484,412.6945942392828,240.53107459566252,0,0,No pobre,12007.85411395983
2021,46,17,3,150101,15,1501,Selva rural,4,1985.3256518745548,7941.302607498219,16871.280019294827,351.4850004019756,409.93285879624483,215.42278174023767,1,0,Pobre no extremo,42995.08100448471
2023,50,3,4,150132,15,1501,Sierra rural,4,1309.2841353115411,5237.136541246165,63665.31440800692,1326.3607168334775,391.0341267687418,224.36026381318948,0,0,No pobre,22657.92244790939
2024,166,14,1,050101,05,0501,Sierra urbana,2,1758.561866791042,3517.123733582084,5767.580032508361,240.31583468784837,445.1117878102798,211.48451851346928,1,0,Pobre no extremo,57465.930218149035
2025,106,3,4,010101,01,0101,Callao,4,1634.7601747705726,6539.04069908229,24346.29661293542,507.21451276948795,479.190635783961,200.50053544959314,0,0,No pobre,131999.99907873294
2025,216,13,4,150101,15,1501,Selva rural,4,1339.3178533486457,5357.271413394583,25359.495010167513,528.3228127118232,470.09264148445885,205.63678019390056,0,0,No pobre,19823.004660694136
2021,146,15,3,150132,15,1501,Selva rural,5,1697.3852566716691,8486.926283358345,42778.387092572964,712.9731182095494,405.2850599677055,253.17379440751873,0,0,No pobre,12507.003520537935
2023,411,18,4,050101,05,0501,Costa rural,2,645.6011413237849,1291.2022826475697,15787.077640679809,657.7949016949921,456.9981632971547,202.34403055372485,0,0,No pobre,26953.147483997065
2022,425,14,1,150101,15,1501,Selva urbana,3,1310.5212527433669,3931.5637582301006,23085.36988607278,641.2602746131329,473.68632632850193,227.98968471698876,0,0,No pobre,138345.39094754274
2022,72,3,2,210101,21,2101,Costa urbana,4,1222.1466300955638,4888.586520382255,29266.26829196102,609.7139227491879,470.63642370455483,269.0046232170367,0,0,No pobre,41449.034091293295
2023,476,19,2,050101,05,0501,Costa rural,2,1282.5972415073552,2565.1944830147104,21396.558969071157,891.5232903779648,468.45495213112883,255.6667452467154,0,0,No pobre,33698.403716959525
2022,330,8,3,250101,25,2501,Costa rural,4,420.4006615788729,1681.6026463154917,22767.04839022967,474.3135081297848,458.6450512177593,252.54323235274148,0,0,No pobre,115131.91013463434
2021,273,4,1,050101,05,0501,Lima Metropolitana,2,626.76177599633,1253.52355199266,56925.23275459536,2371.88469810814,409.29914761110473,219.22961375812076,0,0,No pobre,60986.456650272914
2021,247,4,1,250101,25,2501,Selva urbana,3,644.6508057058243,1933.9524171174728,45383.0224791104,1260.639513308622,388.3563066210792,244.9211150927601,0,0,No pobre,369781.71782926394
2023,446,19,4,130101,13,1301,Costa urbana,5,1243.6977088882502,6218.488544441251,42881.76508397041,714.6960847328402,428.78193528459553,234.9098293379068,0,0,No pobre,12196.30908586887
2022,413,11,3,040101,04,0401,Costa urbana,5,1947.8390728355937,9739.19536417797,6129.352185368707,102.15586975614512,385.4791134356337,243.6677080922845,1,1,Pobre extremo,35985.580937048
2021,186,1,1,250101,25,2501,Sierra rural,4,1912.7283472460815,7650.913388984326,39609.000358190904,825.1875074623105,479.8473684535029,230.5071283295448,0,0,No pobre,9112.388468906296
2021,70,8,1,010201,01,0102,Costa rural,6,531.6601506804235,3189.9609040825408,12625.145721445642,175.3492461311895,415.83096830647384,237.16741282121978,1,1,Pobre extremo,12202.403947084053
2024,462,15,1,210101,21,2101,Lima Metropolitana,5,679.2059618268678,3396.029809134339,161513.11010320036,2691.885168386673,475.8339918388894,269.1877374312377,0,0,No pobre,135066.4423419543
2024,150,1,2,010101,01,0101,Sierra urbana,4,168.51759533041752,674.0703813216701,26681.666220540337,555.8680462612571,457.31209919009154,223.05189985055753,0,0,No pobre,14727.439196164087
2021,246,7,2,130101,13,1301,Selva rural,7,857.7496207328488,6004.247345129942,22550.56883659449,268.4591528166011,421.12909536908,215.1516941439031,1,0,Pobre no extremo,173829.09822322903
2023,262,11,2,130101,13,1301,Costa rural,4,1685.8808311926907,6743.523324770763,105567.5095020252,2199.3231146255252,391.83114127160394,231.3946109981506,0,0,No pobre,11986.786101226355
2025,26,14,4,200101,20,2001,Sierra urbana,4,1839.9283040736661,7359.713216294665,79835.44183724503,1663.2383716092716,403.7193090344716,236.7024357426337,0,0,No pobre,33105.18208280249
2025,423,16,4,150101,15,1501,Callao,3,549.3433111790929,1648.0299335372788,21731.28193064094,603.6467202955816,447.30445761494025,205.9940185370608,0,0,No pobre,11004.636854944354
2021,140,14,4,150101,15,1501,Sierra urbana,6,605.0094996287945,3630.0569977727673,9330.248025236033,129.58677812827824,462.9935203378755,256.4180415524999,1,1,Pobre extremo,69915.43841352765
2021,99,12,1,150101,15,1501,Callao,3,519.614651366632,1558.8439540998959,5501.261633121633,152.81282314226758,477.94404918313177,229.54369513864248,1,1,Pobre extremo,44552.12301887861
2021,398,17,2,050101,05,0501,Callao,1,765.1967783916996,765.1967783916996,10480.77508311151,873.3979235926258,393.21621840137044,228.92307836817227,0,0,No pobre,127748.147517815
2023,278,14,1,010101,01,0101,Selva urbana,2,1629.042857322035,3258.08571464407,35914.84286846741,1496.451786186142,395.5947345384936,246.11878912782842,0,0,No pobre,84454.47002488909
2024,51,10,1,040101,04,0401,Costa rural,2,1329.0291927804742,2658.0583855609484,23555.126262339712,981.4635942641547,384.24394766901463,254.12710333440427,0,0,No pobre,41080.60053890707
2021,151,14,3,250101,25,2501,Selva urbana,3,1593.28774394103,4779.86323182309,11577.078213252951,321.58550592369306,406.0364525502189,269.0158188844696,1,0,Pobre no extremo,40742.3282588411
2021,432,18,1,150101,15,1501,Sierra rural,5,1207.7591020370817,6038.795510185409,18902.240019770474,315.0373336628412,462.1067438811311,212.14637889466786,1,0,Pobre no extremo,10246.470242675257
2022,455,9,4,130101,13,1301,Sierra urbana,4,589.6928483123789,2358.7713932495158,126156.84832823554,2628.267673504907,399.8256856730908,224.18889784175033,0,0,No pobre,53207.50770897082
2023,104,17,2,250101,25,2501,Costa urbana,2,533.1889424038338,1066.3778848076677,73692.19457683653,3070.5081073681886,434.78647498950687,211.77800881155596,0,0,No pobre,32975.39541672013
2021,434,6,2,010101,01,0101,Sierra urbana,5,117.1013411411246,585.5067057056231,130278.47056881947,2171.3078428136578,424.64071980060197,261.6598519759081,0,0,No pobre,70189.40661444899
2022,89,8,1,130101,13,1301,Sierra rural,4,1583.8660600607377,6335.464240242951,14460.427392703195,301.2589040146499,412.5826242340136,238.39452670635282,1,0,Pobre no extremo,76808.01671139573
2025,141,13,4,010201,01,0102,Sierra urbana,4,1709.5303297129637,6838.121318851855,55618.15471147532,1158.7115564890692,441.8346413454464,259.67080669936985,0,0,No pobre,19103.08554583093
2021,213,18,4,010101,01,0101,Selva urbana,3,1559.7369392939909,4679.210817881973,50661.60481629025,1407.266800452507,430.23257893301957,268.96577037331446,0,0,No pobre,17613.26418423121
2021,233,5,4,050101,05,0501,Callao,6,241.36390968413238,1448.1834581047942,100863.62015238524,1400.8836132275728,413.4763173484582,238.5144676584133,0,0,No pobre,39223.44048761335
2022,394,6,2,150101,15,1501,Costa rural,3,1548.2210916227452,4644.663274868236,27184.807061817664,755.1335294949351,448.8850885120005,208.27062734335018,0,0,No pobre,27951.060223943845
2023,183,19,4,150132,15,1501,Costa urbana,2,186.95816098551168,373.91632197102336,13299.964687651956,554.1651953188315,407.99681910385397,225.28874046276738,0,0,No pobre,8430.352610308464
2021,251,4,4,210101,21,2101,Selva urbana,3,300.6268248421432,901.8804745264297,11949.18740588715,331.92187238575417,444.3183339794481,202.53325080880646,1,0,Pobre no extremo,13311.942083371632
2025,9,7,1,130101,13,1301,Selva rural,5,936.9032085720678,4684.516042860339,26582.979075357387,443.04965125595646,475.7245868341551,259.45106628553737,1,0,Pobre no extremo,106446.74789299953
2021,79,4,3,200101,20,2001,Callao,4,1004.6793169571962,4018.7172678287848,28843.118375546415,600.8982994905504,452.89519791815167,201.252085912483,0,0,No pobre,56859.509297945166
2025,52,11,4,200101,20,2001,Costa rural,2,1650.625409575523,3301.250819151046,34386.67827790707,1432.7782615794613,421.8399559636328,241.45294930909589,0,0,No pobre,35348.89401020454
2024,386,12,1,210101,21,2101,Costa urbana,2,1391.10109487773,2782.20218975546,7659.44544022388,319.1435600093283,454.7559321202525,207.42933001351506,1,0,Pobre no extremo,126782.6548547491
2024,409,14,1,040101,04,0401,Sierra rural,4,391.3083393993109,1565.2333575972436,86206.48150164273,1795.968364617557,460.924181680015,200.52904889759137,0,0,No pobre,34143.365161789494
2025,269,13,4,040101,04,0401,Sierra urbana,4,529.6788881347226,2118.7155525388903,7962.364884001048,165.88260175002185,412.58404669979757,217.93053095829833,1,1,Pobre extremo,73606.41146129376
2023,226,10,3,210101,21,2101,Costa urbana,3,642.7828576915049,1928.3485730745147,85959.46681130136,2387.7629669805933,450.51322156582887,238.62965351262935,0,0,No pobre,34998.671722537656
2021,51,18,2,150132,15,1501,Lima Metropolitana,5,334.97801116423085,1674.8900558211542,20118.40754442739,335.30679240712317,423.43961960734146,205.25615385431882,1,0,Pobre no extremo,38578.380286472595
2021,186,16,3,050101,05,0501,Selva rural,7,646.5252840825383,4525.6769885777685,141633.84033350556,1686.1171468274472,461.85224817818687,243.04215180861362,0,0,No pobre,840158.7780172853
2024,34,5,4,010101,01,0101,Sierra rural,3,1484.3364955254929,4453.009486576479,5589.950412178596,155.27640033829434,409.5377595175361,247.0394554796184,1,1,Pobre extremo,18138.518276691677
2025,291,8,3,150132,15,1501,Costa rural,4,558.6627932038376,2234.6511728153505,77492.90614615132,1614.4355447114858,473.7759670024433,267.87886700794166,0,0,No pobre,62993.075828028464
2021,230,14,1,250101,25,2501,Lima Metropolitana,1,1687.1833294147343,1687.1833294147343,10638.917829003352,886.5764857502794,437.47869372639735,262.9675956271686,0,0,No pobre,61654.24299005384
2021,131,5,1,150101,15,1501,Costa urbana,5,992.0822907378949,4960.411453689475,9975.037711512428,166.25062852520713,415.3303313935715,239.67537718051847,1,1,Pobre extremo,114687.67762127893
2023,490,8,3,040101,04,0401,Sierra rural,3,713.5779463643388,2140.7338390930163,119432.8366163125,3317.5787948975694,421.9371268711822,255.53553660969956,0,0,No pobre,33775.299132841086
2022,120,6,2,130101,13,1301,Costa rural,2,883.5943986428588,1767.1887972857176,52977.47593315496,2207.394830548123,414.77986133140325,225.45487571528943,0,0,No pobre,268633.447740868
2024,443,16,3,040101,04,0401,Lima Metropolitana,5,1448.0438071276337,7240.219035638169,7114.858028405131,118.58096714008552,394.6246335857155,240.99985512444897,1,1,Pobre extremo,25310.824957750556
2024,326,4,4,200101,20,2001,Lima Metropolitana,5,1081.9061361673814,5409.530680836907,32264.355802569007,537.7392633761501,386.84923968874693,228.23479189555516,0,0,No pobre,23190.698730082528
2022,247,12,2,130101,13,1301,Selva urbana,2,113.8294615526103,227.6589231052206,95254.85514120902,3968.9522975503755,412.1778695138261,223.59292331984403,0,0,No pobre,84403.66191800969
2021,432,11,3,250101,25,2501,Sierra urbana,1,1852.4153085116425,1852.4153085116425,44470.32617979337,3705.8605149827804,425.869044107819,250.93476401124605,0,0,No pobre,124279.17134991912
2023,192,3,3,250101,25,2501,Sierra rural,3,225.39240570351825,676.1772171105547,27662.241039370478,768.3955844269577,416.1816939436019,220.76693810007222,0,0,No pobre,10431.848200346007
2023,497,12,2,150101,15,1501,Lima Metropolitana,4,1883.380562747333,7533.522250989332,75795.09917583002,1579.0645661631254,381.39195036673124,226.6386589003554,0,0,No pobre,16808.844524449694
2024,403,5,3,010201,01,0102,Selva urbana,5,153.49036487810386,767.4518243905193,37488.68118894371,624.8113531490618,437.90062459524785,225.70200997565456,0,0,No pobre,43071.515978399366
2023,323,6,4,200101,20,2001,Selva rural,4,1564.860736419152,6259.442945676608,6041.118067283037,125.85662640172994,394.4816479890941,260.9282399030362,1,1,Pobre extremo,65829.29736633565
2022,210,19,1,210101,21,2101,Callao,4,1115.8819455482476,4463.52778219299,29332.323950812504,611.0900823085939,401.1005278561616,211.92831289657008,0,0,No pobre,139883.90343658646
2021,103,18,4,040101,04,0401,Selva rural,5,1060.8797431478015,5304.3987157390075,41597.800801135556,693.2966800189259,392.07485342812004,226.70330543759525,0,0,No pobre,40755.26670201209
2022,329,16,3,150101,15,1501,Costa rural,4,238.2791548336086,953.1166193344344,32869.25419934086,684.7761291529346,432.04327300285166,262.15088542101756,0,0,No pobre,115218.11223591896
2025,372,11,1,150101,15,1501,Lima Metropolitana,4,553.6155196420409,2214.4620785681636,18690.276717093224,389.38076493944214,389.51592924140203,201.07130981150084,1,0,Pobre no extremo,5981.034454126613
2024,460,5,2,010201,01,0102,Lima Metropolitana,4,1577.3399024238647,6309.359609695459,40621.49762959178,846.2812006164954,405.6357249183913,266.3506896729679,0,0,No pobre,10926.407183985273
2023,133,9,4,250101,25,2501,Costa urbana,6,1793.3936768527387,10760.362061116433,31737.738372631826,440.8019218421087,425.1708717619993,262.92302938568383,0,0,No pobre,36037.224245543
2025,323,3,2,200101,20,2001,Lima Metropolitana,3,1105.3254940006611,3315.9764820019836,4479.851342183883,124.44031506066342,396.77088851718713,229.24937024863806,1,1,Pobre extremo,103195.85461137565
2023,139,8,1,130101,13,1301,Sierra urbana,3,771.3524530889312,2314.0573592667934,8154.803069043788,226.52230747343856,424.6241361701833,245.71176963262906,1,1,Pobre extremo,26314.111784744044
2021,121,6,3,200101,20,2001,Costa rural,2,213.89209532200059,427.78419064400117,35565.76827459129,1481.9070114413037,414.2735125717392,269.37466624354033,0,0,No pobre,27143.359839772118
2021,94,4,1,200101,20,2001,Sierra rural,5,1396.139199526047,6980.695997630235,52636.88305093401,877.2813841822335,466.0597177369606,238.84638639432438,0,0,No pobre,53175.12220131909
2021,452,12,1,040101,04,0401,Lima Metropolitana,3,629.0485603039369,1887.1456809118108,13358.358860969141,371.0655239158095,459.49032126282896,206.78290840119257,1,0,Pobre no extremo,28925.109731960034
2023,453,12,2,130101,13,1301,Callao,3,204.52605848507892,613.5781754552368,52226.73876162686,1450.742743378524,479.2854583465532,259.75487094712884,0,0,No pobre,147792.9988131971
2025,129,16,4,150132,15,1501,Sierra urbana,7,1365.118285287382,9555.827997011673,42209.64674844486,502.49579462434355,432.89117329654476,209.39061301900458,0,0,No pobre,40098.90800797074
2021,91,10,1,130101,13,1301,Lima Metropolitana,6,1022.867607714141,6137.205646284846,22694.264936429117,315.1981241170711,437.539709355755,218.0090158924174,1,0,Pobre no extremo,424585.05674069683
2025,92,14,3,150101,15,1501,Selva urbana,7,122.72808443327547,859.0965910329282,39503.49429167904,470.27969394856,474.66458481157326,261.14607471414655,1,0,Pobre no extremo,42266.27732491247
2023,63,13,1,010201,01,0102,Sierra urbana,2,310.75567430205945,621.5113486041189,38723.637376045706,1613.484890668571,419.9592214687518,217.92204482862053,0,0,No pobre,24863.066970378757
2025,29,9,2,200101,20,2001,Selva urbana,6,1428.4836655672939,8570.901993403764,59213.124764711174,822.4045106209885,435.56826845081923,252.15601514569244,0,0,No pobre,39696.00040954061
2023,210,7,4,130101,13,1301,Costa rural,3,220.97553282499823,662.9265984749946,61804.71240492806,1716.7975668035572,417.9085495725474,231.3371575131204,0,0,No pobre,108478.57745308467
2023,12,12,3,150101,15,1501,Callao,1,1745.3298232016814,1745.3298232016814,10533.00826567049,877.7506888058742,434.5860705898093,253.18242619426226,0,0,No pobre,30806.490754382725
2024,333,5,2,010101,01,0101,Lima Metropolitana,3,691.5199270978721,2074.5597812936167,13910.306768483943,386.39741023566506,388.0766432517539,216.26465715274313,1,0,Pobre no extremo,2184.4765526863303
2023,297,18,1,250101,25,2501,Costa urbana,4,268.4662938292068,1073.8651753168272,101613.7203723462,2116.9525077572125,458.3794093343731,229.36958674712312,0,0,No pobre,22609.704895931867
2023,130,4,1,010201,01,0102,Selva rural,2,1543.5390185193244,3087.0780370386487,59551.70562723765,2481.321067801569,478.5279947429044,222.2712937014099,0,0,No pobre,3577.537997405066
2022,293,2,4,050101,05,0501,Sierra urbana,4,1096.4117454607451,4385.6469818429805,47795.86929737515,995.747277028649,386.5740402439554,217.43308293874244,0,0,No pobre,60838.30957454184
2021,173,3,2,210101,21,2101,Costa urbana,5,682.6160615206654,3413.080307603327,54996.27588330669,916.6045980551115,460.10397302314743,222.01009060177734,0,0,No pobre,11836.2362100464
2024,208,12,2,150101,15,1501,Costa urbana,3,871.5868491716091,2614.760547514827,74928.099219374,2081.3360894270554,404.1734800495034,222.60945392289304,0,0,No pobre,38076.209666696355
2024,432,3,4,200101,20,2001,Selva rural,3,140.68355164916917,422.0506549475075,30342.88699122939,842.8579719785942,399.7547053276981,266.87647355594294,0,0,No pobre,8338.646124494051
2024,24,4,3,010201,01,0102,Sierra urbana,3,1359.1272213249151,4077.3816639747456,19126.732101589936,531.2981139330537,449.3370398273456,237.3261232829872,0,0,No pobre,33349.67892292078
2022,99,6,2,250101,25,2501,Lima Metropolitana,6,794.9700090305446,4769.8200541832675,44576.19441189621,619.1138112763363,384.41322485565814,232.34365318292728,0,0,No pobre,43038.44754743758
2023,406,12,4,130101,13,1301,Callao,1,1456.6713824834465,1456.6713824834465,26271.879503928718,2189.3232919940597,426.32393472523603,235.23229989324633,0,0,No pobre,22148.737892369685
2021,356,19,2,010101,01,0101,Sierra urbana,3,1293.5251773098396,3880.5755319295185,108477.48666086872,3013.2635183574644,380.14444659153213,269.7291683251393,0,0,No pobre,34709.06043069954
2025,139,10,4,050101,05,0501,Costa urbana,3,1337.3829532285022,4012.1488596855065,107037.38022506656,2973.2605618074044,435.4394028646474,245.75123734238775,0,0,No pobre,6745.0599522430875
2023,314,1,1,250101,25,2501,Sierra rural,6,1606.4961509084214,9638.976905450529,59985.165923240886,833.1273044894567,426.2081667731623,249.24406490246514,0,0,No pobre,37983.642395431394
2022,174,17,1,010101,01,0101,Sierra rural,2,1299.200348914877,2598.400697829754,8525.63560127113,355.2348167196304,471.54826066806726,221.95352806782273,1,0,Pobre no extremo,19178.695204464206
2023,29,16,2,210101,21,2101,Sierra urbana,3,895.5792655595957,2686.737796678787,10041.051647481814,278.9181013189393,452.02719027844154,233.00763969775088,1,0,Pobre no extremo,39678.11146353435
2023,419,9,2,010201,01,0102,Callao,3,840.8623672958076,2522.587101887423,8237.091592791561,228.80809979976559,392.6006171878941,212.88457726493942,1,0,Pobre no extremo,32196.215700681827
2022,496,9,1,150132,15,1501,Costa urbana,6,327.20600285322604,1963.2360171193563,31821.16654595643,441.96064647161705,415.45399597519474,247.96326189834662,0,0,No pobre,28589.270361058174
2024,143,9,3,040101,04,0401,Costa urbana,3,1580.9424849968593,4742.827454990578,61741.31109274437,1715.0364192428992,473.1579769678812,224.1146168027254,0,0,No pobre,23217.2187815431
2024,316,12,4,010201,01,0102,Costa rural,4,1546.1060393337814,6184.4241573351255,20393.40037352479,424.86250778176645,452.53341472740897,252.3801856033308,1,0,Pobre no extremo,47740.4531649302
2021,351,9,3,050101,05,0501,Costa urbana,2,567.9668974624946,1135.9337949249891,15037.603049073234,626.5667937113848,439.4275114986289,214.92129170944565,0,0,No pobre,192385.60855808406
2021,42,15,3,150132,15,1501,Selva rural,7,1739.0956341264748,12173.669438885323,29537.36314303458,351.63527551231647,435.9071590786902,228.24521197410527,1,0,Pobre no extremo,31781.225829508006
2024,489,2,3,150132,15,1501,Sierra rural,4,1219.1061898021937,4876.424759208775,13286.150569467976,276.79480353058284,419.8098466403877,232.98290379729863,1,0,Pobre no extremo,62357.85194486401
2025,299,11,1,210101,21,2101,Costa rural,4,1009.5050005496778,4038.020002198711,34175.78389117122,711.9954977327337,438.52014626689777,211.65677476391406,0,0,No pobre,173662.9632714056
2023,208,11,2,040101,04,0401,Lima Metropolitana,3,133.24297308844214,399.72891926532645,21613.744413417797,600.3817892616055,457.166441486759,204.87137661088744,0,0,No pobre,54315.52475945752
2025,330,8,3,150132,15,1501,Selva rural,3,827.2082531422009,2481.6247594266024,14893.04228878011,413.69561913278085,392.75376763563673,222.19473881229305,0,0,No pobre,77221.32125925663
2023,433,6,1,150101,15,1501,Lima Metropolitana,3,1317.2744596477598,3951.8233789432797,29844.658535828195,829.0182926618943,476.98306396481246,238.14245004683266,0,0,No pobre,15408.300252755937
2024,192,7,4,250101,25,2501,Sierra rural,4,270.52089160792855,1082.0835664317142,59800.87816990345,1245.8516285396552,403.93648690889745,245.68752639974178,0,0,No pobre,52154.75540921314
2021,160,3,2,150132,15,1501,Selva rural,7,973.1778868863418,6812.245208204392,6855.525508024334,81.6133989050516,424.7742681437375,229.76899402600412,1,1,Pobre extremo,51642.0808583863
2021,64,8,4,150132,15,1501,Selva urbana,3,1987.5283075870327,5962.584922761098,31298.203518361195,869.3945421766998,382.2715624647782,235.01943291735319,0,0,No pobre,214613.30574229913
2025,243,18,3,250101,25,2501,Sierra urbana,6,1461.4234106972283,8768.54046418337,4068.0687000508387,56.50095416737276,435.03459229584854,238.0235082086763,1,1,Pobre extremo,10431.6624411888
2021,258,17,2,130101,13,1301,Callao,2,1139.0546862530484,2278.109372506097,21392.363417145498,891.3484757143957,418.18668472616235,235.83375747340037,0,0,No pobre,319196.9057962901
2024,152,11,3,210101,21,2101,Selva urbana,6,1112.7624813842456,6676.574888305473,50296.20281469858,698.5583724263693,404.97558722729985,206.32299888665378,0,0,No pobre,114657.99545738038
2025,215,2,2,150132,15,1501,Sierra urbana,3,183.1536562905694,549.4609688717081,67513.38996558014,1875.3719434883371,478.55242537823557,228.35007229002392,0,0,No pobre,95380.96097711383
2023,322,19,3,150132,15,1501,Sierra rural,3,1918.8974310750787,5756.692293225236,16776.49296434563,466.0136934540453,422.81411426722747,214.30319963290103,0,0,No pobre,11513.98918881032
2021,166,7,4,040101,04,0401,Sierra rural,4,1863.5375545415818,7454.150218166327,16616.462425594473,346.1763005332182,421.4296363593897,237.3615182002828,1,0,Pobre no extremo,14692.875218492978
2022,31,18,4,010101,01,0101,Selva urbana,5,1396.5689502833484,6982.844751416742,21874.389704127974,364.5731617354662,426.3103264480976,253.065337659688,1,0,Pobre no extremo,67848.21656642851
2021,371,8,3,130101,13,1301,Callao,5,288.1221343949449,1440.6106719747245,9974.73942164186,166.24565702736433,391.6153779066161,240.56404095138802,1,1,Pobre extremo,4534.866726125037
2023,232,14,2,200101,20,2001,Selva rural,4,494.8844038239326,1979.5376152957303,31144.26058993434,648.8387622902987,419.30961098149453,215.52752960267966,0,0,No pobre,8058.661720151273
2025,282,7,4,130101,13,1301,Callao,4,449.42811816361194,1797.7124726544478,10912.623429928508,227.34632145684392,413.64042591055613,214.54298199182628,1,0,Pobre no extremo,80497.4085616773
2023,29,4,2,250101,25,2501,Lima Metropolitana,1,1087.1991216923159,1087.1991216923159,44393.75841124625,3699.479867603854,426.5124458762554,202.5898691290998,0,0,No pobre,119387.17978232108
2022,195,17,2,040101,04,0401,Sierra urbana,3,494.82736155377256,1484.4820846613177,14114.325231910338,392.0645897752872,465.6621166841282,229.84666175071635,1,0,Pobre no extremo,309343.9820003311
2024,334,5,4,210101,21,2101,Sierra urbana,3,1422.0210669339767,4266.06320080193,20177.1227504882,560.4756319580056,399.2785394559107,230.30030753137018,0,0,No pobre,25995.662320678875
2021,256,12,1,010201,01,0102,Costa rural,4,1135.9367833418391,4543.747133367357,42168.87815510217,878.5182948979618,440.7739325719623,216.55054417352164,0,0,No pobre,15264.571652626722
2025,281,9,1,040101,04,0401,Costa urbana,4,133.55053638104542,534.2021455241817,47663.20245814848,992.98338454476,383.7637089751928,253.4980927377582,0,0,No pobre,16849.887767286968
2024,304,13,2,050101,05,0501,Selva rural,5,1513.7087503677378,7568.543751838689,45751.45697815058,762.5242829691763,411.6792502100021,227.05406876224114,0,0,No pobre,57064.174163106516
2023,321,18,4,250101,25,2501,Selva rural,5,458.77459964250215,2293.8729982125105,34106.987486660204,568.4497914443367,427.26576190926926,246.85809786527793,0,0,No pobre,29709.263583244334
2025,437,9,1,010101,01,0101,Costa rural,3,1667.281727393286,5001.845182179858,10117.480174614471,281.04111596151307,387.4279150797556,244.8049232556645,1,0,Pobre no extremo,9369.477098012045
2024,323,4,3,050101,05,0501,Sierra rural,5,774.5863305336601,3872.9316526683006,26151.747918224515,435.86246530374194,434.3967934623501,242.33183194767622,0,0,No pobre,61374.92871032526
2025,346,8,2,050101,05,0501,Selva urbana,1,743.3773919651093,743.3773919651093,23000.53933815986,1916.7116115133215,411.032562107208,263.5646312338781,0,0,No pobre,13019.683129168574
2022,402,1,1,210101,21,2101,Callao,5,122.45293797860002,612.2646898930001,18422.74484578015,307.0457474296692,479.28100135923125,201.11230810521033,1,0,Pobre no extremo,76478.43529770881
2022,393,17,4,200101,20,2001,Selva rural,2,1976.6850675537326,3953.370135107465,28757.802753695825,1198.2417814039927,443.09695021856714,204.76261175904105,0,0,No pobre,73585.67378556803
2021,294,9,4,010201,01,0102,Sierra urbana,5,1262.8082444265413,6314.041222132706,12386.073260500547,206.43455434167578,404.4175196015717,250.54984552449912,1,1,Pobre extremo,26989.120113326982
2021,87,13,2,150132,15,1501,Costa rural,4,903.1873157533823,3612.7492630135293,26075.51605844027,543.2399178841723,390.26732454475354,224.74681432854007,0,0,No pobre,48316.96173547693
2022,149,2,4,150101,15,1501,Selva urbana,3,283.5806684765442,850.7420054296326,20542.091715812217,570.6136587725616,384.071977937154,269.05656767257796,0,0,No pobre,27125.477238437703
2025,249,13,3,150132,15,1501,Lima Metropolitana,4,1428.381321886932,5713.525287547728,17824.825272606016,371.3505265126253,389.07732643752115,215.14889057727936,1,0,Pobre no extremo,33834.008812010725
2022,321,9,3,050101,05,0501,Selva urbana,1,637.1878929846838,637.1878929846838,9849.858221838536,820.8215184865447,448.00595270289335,212.83933266642276,0,0,No pobre,10084.628925503297
2021,405,6,1,130101,13,1301,Selva rural,3,1977.733554913505,5933.200664740515,9617.740925015869,267.1594701393297,465.499227599434,241.17552772158825,1,0,Pobre no extremo,1218.4311802321345
2022,283,1,4,150101,15,1501,Costa urbana,4,1906.0399823837138,7624.159929534855,90045.48630066066,1875.9476312637637,395.6733114711078,219.55976952220698,0,0,No pobre,32021.089396368756
2022,362,5,3,210101,21,2101,Callao,5,1497.0636897252982,7485.318448626491,29831.655026308283,497.1942504384714,420.21344535527544,223.83450895483148,0,0,No pobre,13435.35734517489
2025,379,3,2,010201,01,0102,Sierra urbana,3,1945.036667537641,5835.110002612923,137454.39025934268,3818.177507203963,415.4235343195892,264.47170267879903,0,0,No pobre,15444.365889318227
2024,198,4,4,210101,21,2101,Selva urbana,3,300.7043386621494,902.1130159864481,143721.00691251937,3992.250192014427,444.45180911880726,201.83698680534084,0,0,No pobre,14547.270067750118
2021,44,1,1,250101,25,2501,Lima Metropolitana,4,631.8391850194358,2527.3567400777433,81363.63640999222,1695.0757585415047,398.267788172367,237.1881593942051,0,0,No pobre,93982.03885617388
2025,356,14,2,010101,01,0101,Sierra urbana,4,581.1622487032403,2324.648994812961,8487.434502989348,176.82155214561143,475.3319310447511,223.44295996136745,1,1,Pobre extremo,106487.84020196911
2022,28,9,2,050101,05,0501,Selva rural,3,236.82405107267473,710.4721532180242,95790.45559444455,2660.8459887345707,452.85563818906564,224.21943831673025,0,0,No pobre,51078.509199331034
2022,429,4,2,130101,13,1301,Costa rural,6,1947.230536145766,11683.383216874598,24008.90777877035,333.45705248292154,475.5071878884645,217.34661669218212,1,0,Pobre no extremo,26193.01021667723
2024,17,18,3,210101,21,2101,Lima Metropolitana,4,213.95076462909833,855.8030585163933,20954.542112401206,436.55296067502513,407.73692449533667,209.43950607447158,0,0,No pobre,50557.233805448835
2021,127,14,2,150101,15,1501,Selva urbana,1,1727.7089175892263,1727.7089175892263,18427.017925857406,1535.5848271547839,438.77156378585556,202.41371632075413,0,0,No pobre,108902.10031644245
2021,379,4,3,050101,05,0501,Lima Metropolitana,3,1559.5067066959946,4678.520120087984,19623.525498171686,545.097930504769,453.22679371103357,269.1386854367968,0,0,No pobre,191275.26373060717
2023,168,10,2,010201,01,0102,Selva rural,4,814.147466195773,3256.589864783092,38540.533655706466,802.9277844938847,451.0956222767734,246.22562175793945,0,0,No pobre,17051.400005750646
2021,244,3,3,130101,13,1301,Selva urbana,4,135.73398899661808,542.9359559864723,213160.93881776542,4440.85289203678,382.13460994283633,254.40437146622537,0,0,No pobre,7954.900519689682
2024,387,7,4,200101,20,2001,Lima Metropolitana,3,111.58221946555209,334.74665839665624,6152.401558227327,170.90004328409242,479.8289163489885,204.55016095099577,1,1,Pobre extremo,49497.72478016655
2023,76,10,3,200101,20,2001,Costa rural,7,487.5882973184541,3413.1180812291786,154672.60186281768,1841.3404983668772,472.8059972768785,201.0386189453344,0,0,No pobre,6030.615850032746
2023,231,13,3,150101,15,1501,Lima Metropolitana,3,1038.3655020642068,3115.0965061926204,104629.90874789527,2906.386354108202,391.97520812726106,242.0202081123611,0,0,No pobre,47903.78508184842
2022,204,4,4,010101,01,0101,Sierra urbana,4,970.0289585517876,3880.1158342071503,22926.81939232106,477.6420706733554,434.35667742951705,250.6681972463463,0,0,No pobre,45376.59848072596
2022,450,18,2,200101,20,2001,Sierra urbana,1,1212.0558954733622,1212.0558954733622,17190.411118656626,1432.5342598880522,411.4556455319416,227.64063863577556,0,0,No pobre,31794.53464822886
2021,248,11,4,050101,05,0501,Selva urbana,6,1566.7226883554479,9400.336130132688,8003.456922244503,111.15912392006254,467.88940159242867,227.14285760787493,1,1,Pobre extremo,217518.03155461096
2023,302,4,2,010201,01,0102,Selva rural,5,816.9737682343908,4084.868841171954,11881.041189418262,198.01735315697104,449.7519630588154,226.91356649292902,1,1,Pobre extremo,39225.98313191204
2022,214,14,3,010101,01,0101,Costa rural,2,404.691021467703,809.382042935406,15576.69822990933,649.0290929128888,402.3517156732393,210.69290935727147,0,0,No pobre,63124.76683332882
2024,215,18,2,150132,15,1501,Sierra rural,6,1620.0929419740055,9720.557651844032,24517.57416860307,340.5218634528204,383.38611453672905,252.77394578405148,1,0,Pobre no extremo,115463.13691472988
2022,158,8,3,010201,01,0102,Sierra urbana,3,732.1122945293006,2196.336883587902,26196.898082208743,727.6916133946874,409.17418026147743,215.0634912638272,0,0,No pobre,33875.44071230339
2022,69,10,2,050101,05,0501,Lima Metropolitana,4,645.0756058073664,2580.3024232294656,53371.07814765291,1111.8974614094357,383.8137272807838,222.70873471834037,0,0,No pobre,24481.085330219554
2023,393,5,3,050101,05,0501,Sierra rural,5,1552.192873015547,7760.964365077735,48350.122965161194,805.8353827526865,394.1310712998362,246.98818162959085,0,0,No pobre,25247.526594609397
2023,85,7,3,250101,25,2501,Lima Metropolitana,5,1874.8649323579746,9374.324661789873,33349.82030414259,555.8303384023765,443.61380416137115,200.00732975587005,0,0,No pobre,55385.910721850196
2025,267,12,1,010101,01,0101,Selva urbana,6,1838.426435820438,11030.558614922627,25867.378093891268,359.2691401929343,454.5085068118025,253.63800301719857,1,0,Pobre no extremo,50101.99659011839
2024,69,3,2,010201,01,0102,Sierra rural,6,361.1406091286393,2166.8436547718356,75268.64276489265,1045.3978161790646,426.80169000057595,262.93663237867304,0,0,No pobre,201178.36481245226
2023,99,4,2,010101,01,0101,Selva rural,7,1056.0004915916693,7392.0034411416855,57272.9824871657,681.8212200853059,440.0287870694129,203.61321626842874,0,0,No pobre,19249.5017980949
2021,347,10,1,150101,15,1501,Lima Metropolitana,2,276.45353908352945,552.9070781670589,40153.6927812065,1673.0705325502706,395.5885036266009,241.41366645221993,0,0,No pobre,28699.727161650073
2024,497,4,3,040101,04,0401,Selva rural,3,1925.8543219221594,5777.562965766479,18672.802098789893,518.6889471886082,411.67951705327073,228.5921278870038,0,0,No pobre,94312.62088771274
2024,450,15,3,010101,01,0101,Lima Metropolitana,4,508.9329831659948,2035.7319326639793,72771.7295263557,1516.0776984657439,451.2883847277754,205.49243739754306,0,0,No pobre,70018.06546042181
2023,216,10,1,200101,20,2001,Sierra rural,5,475.116192054972,2375.58096027486,57032.89303859705,950.5482173099509,416.4891116085095,247.7561691124206,0,0,No pobre,34306.07620031843
2024,415,16,1,050101,05,0501,Selva rural,4,1788.882778712311,7155.531114849244,21560.940656292187,449.1862636727539,414.88112235877895,242.86230358671355,0,0,No pobre,29869.248238971897
2023,161,15,4,250101,25,2501,Sierra urbana,2,1938.9160547317333,3877.8321094634666,4789.867262717965,199.57780261324854,399.39926370260457,244.98622290514928,1,1,Pobre extremo,21993.247824576174
2022,423,19,3,150132,15,1501,Selva urbana,5,1425.5012926609877,7127.506463304939,29304.75854050986,488.41264234183103,439.4824876065241,256.9446755525931,0,0,No pobre,14700.408961969246
2025,94,19,4,250101,25,2501,Sierra rural,7,329.90956402852726,2309.366948199691,14427.893272179128,171.76063419260868,460.9538606019198,220.08432829268799,1,1,Pobre extremo,35426.35227675764
2022,174,18,2,010201,01,0102,Lima Metropolitana,3,1023.1256600272803,3069.376980081841,51303.74931833763,1425.1041477316007,426.94450286056355,247.39476500040672,0,0,No pobre,65119.14591637698
2023,165,12,4,150101,15,1501,Sierra urbana,3,1651.549678717047,4954.649036151141,32673.452160502504,907.5958933472917,391.55392564710894,252.03223862082942,0,0,No pobre,52554.21813911796
2023,115,16,1,150101,15,1501,Lima Metropolitana,1,1187.706649045666,1187.706649045666,5970.236212894357,497.51968440786305,463.83674319094496,211.81704752199573,0,0,No pobre,33444.4052951714
2022,220,1,1,150132,15,1501,Sierra rural,3,351.93022398383584,1055.7906719515076,35076.625729325926,974.3507147034979,387.1397104601533,266.9946812543709,0,0,No pobre,49933.40798849065
2021,444,16,1,010101,01,0101,Lima Metropolitana,4,426.5867240561329,1706.3468962245315,125944.92724563759,2623.8526509507833,427.17273732012006,223.7986731281693,0,0,No pobre,13996.520032325727
2021,31,2,1,010101,01,0101,Sierra urbana,6,1741.8691840861295,10451.215104516778,23446.764615911776,325.6495085543302,406.1077336157246,249.95957585371744,1,0,Pobre no extremo,64014.379077206104
2021,11,15,4,010201,01,0102,Selva rural,2,1101.3554110062184,2202.710822012437,26700.962616025878,1112.5401090010782,473.63181563200845,252.78140884001178,0,0,No pobre,8675.823411709827
2023,343,7,4,010201,01,0102,Selva rural,4,1441.0898701567535,5764.359480627014,19756.885119443334,411.6017733217361,453.7543197948539,235.28216435144628,1,0,Pobre no extremo,46862.33691747012
2024,377,1,4,130101,13,1301,Callao,4,808.8187998428231,3235.2751993712923,28706.278362047717,598.0474658759941,436.64089829679205,209.0102114291595,0,0,No pobre,65612.78391546557
2023,130,5,1,010101,01,0101,Callao,3,1111.7226075457988,3335.1678226373965,107593.72453831085,2988.714570508635,446.77554406893563,219.29640526923038,0,0,No pobre,40329.90487136519
2024,488,10,1,010201,01,0102,Selva urbana,4,1956.4959667366143,7825.983866946457,69562.16429885324,1449.2117562261092,433.27272628124905,216.39728666301085,0,0,No pobre,36551.84027927792
2022,105,4,3,150101,15,1501,Lima Metropolitana,5,726.4357702394624,3632.178851197312,16022.788721326257,267.04647868877095,394.76009452194097,236.30496309423117,1,0,Pobre no extremo,12596.653006302924
2025,27,14,3,040101,04,0401,Selva rural,5,1382.0982022657215,6910.491011328608,25197.677547492505,419.96129245820845,450.90986799965384,218.2888209697905,1,0,Pobre no extremo,34757.36850884787
2024,227,13,1,050101,05,0501,Costa rural,4,427.7605586709365,1711.042234683746,26715.487879810764,556.5726641627242,429.26739522694913,238.27393338704584,0,0,No pobre,263637.8968683546
2021,2,1,3,010101,01,0101,Sierra urbana,5,331.30578199463326,1656.5289099731663,38968.0231764716,649.4670529411934,443.4309271322734,220.17447280709231,0,0,No pobre,33932.40425908137
2023,359,16,2,130101,13,1301,Sierra urbana,3,1588.9162113921566,4766.74863417647,39619.513447808364,1100.542040216899,384.520166397727,200.068539357383,0,0,No pobre,27547.790760112624
2022,101,9,2,050101,05,0501,Sierra rural,3,1703.8055989756147,5111.416796926844,24679.57210190746,685.5436694974294,394.2034792563253,225.4279713647828,0,0,No pobre,7213.830718893891
2021,21,16,1,200101,20,2001,Selva urbana,2,1369.7922211638895,2739.584442327779,8774.718782620741,365.61328260919754,438.93704759319905,242.4795597232407,1,0,Pobre no extremo,52329.73708717437
2022,58,19,4,040101,04,0401,Costa urbana,3,400.57209133450266,1201.716274003508,24265.482521674287,674.0411811576191,425.9428903082949,254.1587743576119,0,0,No pobre,56247.02967172282
2025,389,15,2,250101,25,2501,Callao,1,557.1171347208233,557.1171347208233,19414.768257471813,1617.8973547893177,402.6873668953654,201.98551226859826,0,0,No pobre,22564.431274969218
2023,180,14,2,010101,01,0101,Callao,3,1831.233845380712,5493.701536142136,11995.632236456528,333.21200656823686,404.07609205335547,218.08191004736148,1,0,Pobre no extremo,28433.504976982116
2023,429,10,4,250101,25,2501,Selva rural,4,648.537692719537,2594.150770878148,54696.173099261505,1139.5036062346146,443.16583125559424,268.98234840333674,0,0,No pobre,9610.378290883253
2025,341,12,3,130101,13,1301,Callao,4,1655.8349807745233,6623.339923098093,27372.47880715627,570.259975149089,385.8967026929074,218.3270771971385,0,0,No pobre,41081.24880470471
2023,349,1,4,010101,01,0101,Costa urbana,2,643.280848929763,1286.561697859526,10620.350323139022,442.51459679745926,423.4258344223573,254.40383595769043,0,0,No pobre,59708.78813980979
2024,20,17,3,130101,13,1301,Costa rural,3,1884.9788817145256,5654.936645143577,159848.51729398227,4440.236591499507,432.31035047266096,235.65615328852812,0,0,No pobre,3798.328511667529
2022,255,9,3,210101,21,2101,Selva urbana,4,1837.4605343903058,7349.842137561223,39137.94275946467,815.3738074888473,410.8142602742334,208.55217888387475,0,0,No pobre,35004.15170860294
2021,317,19,4,130101,13,1301,Sierra urbana,3,182.2000298946971,546.6000896840914,54871.36855450761,1524.2046820696557,462.0549828492336,245.03800902965375,0,0,No pobre,204917.54579418554
2025,38,18,3,010201,01,0102,Costa urbana,3,1563.7865750480762,4691.359725144229,69096.66642831692,1919.3518452310257,385.67695825688435,267.6438596578059,0,0,No pobre,42215.681628315615
2024,148,7,2,010201,01,0102,Costa rural,5,421.97734444537343,2109.8867222268673,18169.236731066623,302.82061218444375,466.57827852469507,262.0780322924299,1,0,Pobre no extremo,59389.69811159367
2021,498,9,1,250101,25,2501,Selva urbana,1,509.01608922212483,509.01608922212483,43883.3900529307,3656.9491710775583,452.3262992887771,248.32049514870945,0,0,No pobre,104683.57580433512
2021,25,12,3,210101,21,2101,Costa rural,3,973.705903429804,2921.117710289412,4736.9256615159375,131.5812683754427,424.6254378933197,235.85037868605943,1,1,Pobre extremo,64126.63770318393
2025,386,7,2,130101,13,1301,Selva rural,2,1195.0044845239552,2390.0089690479103,63967.11229662401,2665.296345692667,472.4467390212508,222.35331038846837,0,0,No pobre,25367.71378209173
2024,121,14,4,200101,20,2001,Callao,2,719.0194660439348,1438.0389320878696,25304.471531095784,1054.3529804623242,450.22382964947167,224.98766385965075,0,0,No pobre,7191.564294404116
2021,416,15,3,250101,25,2501,Costa urbana,7,1193.2283945529975,8352.598761870982,43219.75359955656,514.5208761851972,473.1045349659044,224.23447186209614,0,0,No pobre,541898.0261916817
2021,26,15,2,050101,05,0501,Sierra rural,3,424.25090554815955,1272.7527166444786,25256.180621302614,701.5605728139615,427.2589779415566,264.5457386538108,0,0,No pobre,76567.93528558566
2024,454,6,3,010201,01,0102,Sierra rural,4,142.44154332397045,569.7661732958818,138127.48147627592,2877.6558640890817,425.2973100995386,214.7918721319906,0,0,No pobre,84464.07970262456
2023,169,14,4,050101,05,0501,Selva urbana,5,1185.32633788735,5926.63168943675,80963.44520731816,1349.3907534553027,433.0742631446179,226.46208891787754,0,0,No pobre,102783.59670926088
2021,323,2,1,050101,05,0501,Costa rural,1,1083.088993928406,1083.088993928406,2566.2106309605797,213.85088591338163,386.54267039858024,230.2374264936642,1,1,Pobre extremo,111205.8542461421
2022,225,8,3,210101,21,2101,Sierra urbana,3,1410.3425317442575,4231.027595232772,44244.69072517455,1229.019186810404,470.8494251336636,228.62306967626895,0,0,No pobre,80456.86830947551
2024,1,13,1,250101,25,2501,Costa urbana,5,1334.6619177388666,6673.309588694333,20872.703372911572,347.8783895485262,446.7717051641851,200.29387734883636,1,0,Pobre no extremo,37373.49835441608
2021,307,6,3,150101,15,1501,Sierra rural,6,1805.2241224445154,10831.344734667093,45846.066341532816,636.750921410178,441.75856779093687,218.96815038409136,0,0,No pobre,26378.171708882208
2025,261,5,3,250101,25,2501,Sierra rural,3,972.9903783069371,2918.9711349208114,45276.764878402304,1257.6879132889528,472.64635364705634,234.8997986788933,0,0,No pobre,75515.3465615878
2022,13,5,4,150101,15,1501,Costa rural,3,115.90200191658985,347.7060057497696,13784.684045837468,382.9078901621519,479.36371776083865,253.23453206005786,1,0,Pobre no extremo,41987.755998910296
2021,403,1,3,130101,13,1301,Sierra rural,5,1298.2400950340227,6491.200475170113,24240.600954607675,404.0100159101279,396.3393390658477,239.8631789766411,0,0,No pobre,40662.70694430256
2022,396,9,2,150101,15,1501,Lima Metropolitana,3,1382.751616246115,4148.254848738345,10748.763599796215,298.576766661006,454.8996984905024,226.94034032092327,1,0,Pobre no extremo,97294.48679656976
2022,48,6,2,010101,01,0101,Callao,2,1090.8404798523425,2181.680959704685,102482.33541010524,4270.097308754385,437.9945174488386,246.55986138290913,0,0,No pobre,295619.2830311201
2023,409,7,1,130101,13,1301,Costa rural,3,1409.6792534583099,4229.037760374929,36118.36755796542,1003.2879877212617,426.099718859028,246.6125245512437,0,0,No pobre,14169.952957100717
2022,313,9,1,150101,15,1501,Costa urbana,3,714.8092451486901,2144.4277354460705,39704.42888465321,1102.900802351478,477.76126016471454,217.3547277924164,0,0,No pobre,58694.71037156748
2023,371,5,2,200101,20,2001,Costa rural,2,382.7357760630504,765.4715521261008,35367.454811280724,1473.6439504700302,465.02630111551133,207.26419030208558,0,0,No pobre,13280.608853942414
2024,291,14,1,050101,05,0501,Sierra rural,4,1362.6519615171726,5450.60784606869,10364.790283400165,215.9331309041701,449.6749984093469,256.2228455842509,1,1,Pobre extremo,44152.11791377746
2023,332,5,1,130101,13,1301,Costa rural,5,565.8542155095045,2829.2710775475225,47549.965820582234,792.4994303430373,418.267616719014,237.08476655335846,0,0,No pobre,6760.270530456062
2025,94,8,2,050101,05,0501,Sierra rural,4,967.0002276399892,3868.000910559957,134140.59733417095,2794.595777795228,446.60408041546845,212.35673333630328,0,0,No pobre,18083.08993531992
2021,261,7,2,150132,15,1501,Selva rural,2,1034.0831881621325,2068.166376324265,6630.996547839817,276.29152282665905,433.1694123559404,218.34497460451638,1,0,Pobre no extremo,37070.30419574805
2024,482,13,2,250101,25,2501,Selva urbana,3,1006.6791458899381,3020.0374376698146,28919.309663678578,803.314157324405,404.9368449742699,253.6497144808826,0,0,No pobre,105852.23686798371
2024,278,13,4,150101,15,1501,Sierra rural,5,1237.0533729919161,6185.266864959581,53297.771668563466,888.2961944760577,425.0381323145674,245.7290669224939,0,0,No pobre,8263.81044879794
2025,359,8,4,050101,05,0501,Lima Metropolitana,2,155.96204695913184,311.9240939182637,13716.252886479959,571.510536936665,401.22119681017125,266.1616594825276,0,0,No pobre,56020.90930908925
2023,205,11,2,150101,15,1501,Lima Metropolitana,2,1980.3967403671675,3960.793480734335,52003.69519574405,2166.820633156002,430.04202932051845,232.54631903936635,0,0,No pobre,35040.77600634594
2021,185,18,3,050101,05,0501,Lima Metropolitana,3,1460.9899004832855,4382.969701449856,28014.82348417932,778.1895412272033,452.02380759451205,203.65306409106677,0,0,No pobre,156940.1280803361
2023,175,19,2,200101,20,2001,Lima Metropolitana,2,908.2367854176491,1816.4735708352982,14167.118070551725,590.2965862729885,383.6646223819129,249.02960071958427,0,0,No pobre,24237.90517036539
2022,438,6,4,040101,04,0401,Sierra rural,6,463.52705755146417,2781.162345308785,2811.254853389405,39.04520629707507,456.5379709318652,217.84375284781305,1,1,Pobre extremo,56060.747118392246
2023,387,2,1,200101,20,2001,Sierra rural,4,252.33691264237694,1009.3476505695078,24602.205018776225,512.5459378911713,381.9993992008343,222.66981874203057,0,0,No pobre,31066.674051036127
2024,380,13,3,010201,01,0102,Selva urbana,3,1377.1617991896317,4131.485397568895,25185.206746566895,699.5890762935248,431.72777029593254,213.76537776367377,0,0,No pobre,13672.839234329853
2021,309,11,3,150101,15,1501,Selva rural,5,702.2156684212607,3511.0783421063034,87798.39741128086,1463.3066235213478,437.34767071501636,221.62547796853653,0,0,No pobre,20492.934140082005
2023,468,1,1,200101,20,2001,Callao,3,536.0090706747492,1608.0272120242475,36495.76924440975,1013.7713679002708,456.1243459627791,258.0636332929439,0,0,No pobre,17041.697047790363
2021,415,2,3,010101,01,0101,Sierra urbana,2,821.9133355134335,1643.826671026867,16697.94181161926,695.7475754841358,456.1028823340817,240.36993135076082,0,0,No pobre,6337.495118694572
2021,69,17,1,150101,15,1501,Sierra rural,3,1226.5538668346492,3679.6616005039477,6540.6490536196125,181.68469593387812,421.7455445842906,207.64076202906608,1,1,Pobre extremo,170465.58171992513
2022,472,8,4,210101,21,2101,Sierra urbana,4,1376.2399116996023,5504.959646798409,59106.250385228755,1231.3802163589323,386.63725108984346,241.06225713740955,0,0,No pobre,25378.009912970032
2022,104,2,3,250101,25,2501,Costa urbana,2,1325.8231317736072,2651.6462635472144,29902.366776425424,1245.931949017726,449.35001527758175,244.3494348887658,0,0,No pobre,58562.64001438775
2024,246,6,3,250101,25,2501,Selva rural,3,1740.2046086347498,5220.613825904249,18870.926419346175,524.1924005373937,431.0986007392418,261.93765839050087,0,0,No pobre,12011.610201441827
2025,161,5,1,010201,01,0102,Callao,3,515.639119033219,1546.917357099657,16530.397360889387,459.1777044691496,413.3058456663102,260.1751810518336,0,0,No pobre,38038.330273100815
2021,200,16,1,010101,01,0101,Costa rural,3,1309.8177100745575,3929.4531302236724,82380.21367708103,2288.3392688078065,403.487378275299,204.40125813678515,0,0,No pobre,60264.38253039024
2025,216,8,4,010201,01,0102,Sierra urbana,4,292.1173147535788,1168.4692590143152,94104.63756772914,1960.5132826610236,391.9758213110476,260.6688666483478,0,0,No pobre,39619.2860371208
2024,434,19,1,130101,13,1301,Lima Metropolitana,5,1141.0759108084378,5705.379554042189,15305.199499191127,255.08665831985212,409.5142497208605,203.56193138065598,1,0,Pobre no extremo,15833.215613154847
2021,212,16,1,150101,15,1501,Selva rural,5,1209.5209647303755,6047.604823651877,3399.9786727416354,56.66631121236059,425.8489625125293,210.78853889488497,1,1,Pobre extremo,81543.9986002718
2021,16,13,4,010101,01,0101,Costa urbana,4,510.85086797492994,2043.4034718997198,22201.633385704332,462.53402886884027,427.76091681792525,207.80850014531475,0,0,No pobre,4682.568814049393
2025,498,7,2,150132,15,1501,Selva rural,6,844.21694698335,5065.3016819001,32974.450526685105,457.97847953729314,438.2738931414786,212.7188068435587,0,0,No pobre,7506.348747113251
2023,372,16,2,050101,05,0501,Costa rural,2,1671.6664902092245,3343.332980418449,28715.465010626962,1196.4777087761233,416.24685693540505,256.2283395964983,0,0,No pobre,32337.814200659115
2022,332,16,1,210101,21,2101,Sierra rural,2,381.97720213063053,763.9544042612611,6523.006463010737,271.7919359587807,471.98978692387965,248.02835412574078,1,0,Pobre no extremo,3308.818953370331
2023,205,12,4,150101,15,1501,Sierra rural,3,925.5617754700963,2776.6853264102892,106910.60685894995,2969.739079415276,429.5869613082618,248.08737061298262,0,0,No pobre,16565.99366047583
2025,365,14,2,210101,21,2101,Lima Metropolitana,3,1872.1928353017586,5616.578505905276,5042.259321196416,140.06275892212267,422.37250401184554,264.5489333075279,1,1,Pobre extremo,22666.33943010771
2022,490,18,4,010101,01,0101,Sierra rural,3,1057.8069626292418,3173.4208878877253,13711.133164636818,380.8648101288005,384.8167968351483,227.42957227079782,1,0,Pobre no extremo,166196.16808701452
2023,39,18,1,050101,05,0501,Selva urbana,3,1477.7540524832452,4433.262157449735,10724.111405766307,297.8919834935085,439.90150821328837,200.23012101785494,1,0,Pobre no extremo,18768.35748911869
2022,89,16,1,010201,01,0102,Selva urbana,2,1671.0454751555467,3342.0909503110934,10226.022189225676,426.08425788440314,440.28689360667187,244.78379164482826,1,0,Pobre no extremo,21542.878316788676
2021,430,16,4,150101,15,1501,Selva urbana,4,487.17131220643563,1948.6852488257425,3773.072629919084,78.60567978998093,438.3289630030703,260.76520704979544,1,1,Pobre extremo,5713.617021864081
2023,256,13,3,050101,05,0501,Lima Metropolitana,6,514.6127475125716,3087.6764850754294,28412.1951710386,394.61382181998056,468.759691760822,268.33821263927314,1,0,Pobre no extremo,39190.60997072078
2022,480,9,1,210101,21,2101,Selva urbana,3,1541.3237665869287,4623.971299760786,96093.57293555359,2669.2659148764888,456.290083258929,225.47249112211793,0,0,No pobre,36677.65416244337
2022,254,9,1,040101,04,0401,Costa urbana,1,1531.2828025351619,1531.2828025351619,23196.851620389763,1933.0709683658135,466.74056195924265,257.55065319101664,0,0,No pobre,12176.999195427958
2022,216,13,1,010101,01,0101,Callao,5,214.34830921527623,1071.7415460763812,10863.166904108664,181.0527817351444,385.9422556909931,259.44594000370626,1,1,Pobre extremo,90566.74634870172
2023,368,4,1,010101,01,0101,Lima Metropolitana,3,712.7466573204323,2138.2399719612968,95667.51731843581,2657.431036623217,411.8126432254842,210.11064887610698,0,0,No pobre,84854.0998300652
2024,303,9,4,210101,21,2101,Selva rural,3,857.2117346260321,2571.6352038780965,57261.56889813846,1590.5991360594016,411.87119436947046,244.20489886789656,0,0,No pobre,20758.17100085006
2023,172,15,4,210101,21,2101,Costa urbana,3,1675.176766595192,5025.530299785576,12580.755199416735,349.46542220602043,445.704505776862,212.11980693986084,1,0,Pobre no extremo,5298.1702687792185
2025,137,14,4,130101,13,1301,Sierra rural,5,901.5382853165012,4507.691426582506,35958.02165317031,599.3003608861719,424.86150487045103,231.26415727075857,0,0,No pobre,12429.395189485615
2023,488,19,4,010201,01,0102,Costa rural,5,1859.2648917661631,9296.324458830815,71048.66730793889,1184.1444551323148,457.7472603252042,261.5486843443977,0,0,No pobre,168453.468348976
2022,498,12,3,210101,21,2101,Selva urbana,4,1993.554776567216,7974.219106268864,11926.275029832195,248.46406312150407,418.4430566655695,255.26269785102343,1,1,Pobre extremo,41742.232541167636
2021,471,6,4,200101,20,2001,Selva rural,3,1583.3797148192643,4750.139144457793,30017.282168919148,833.8133935810874,402.1607577312409,239.92376199222227,0,0,No pobre,16880.620683098477
2023,384,3,4,250101,25,2501,Costa rural,3,1366.1347101777892,4098.404130533368,18965.309293926013,526.8141470535004,409.09510682942783,256.60964150401924,0,0,No pobre,142376.62943677104
2023,178,16,1,250101,25,2501,Lima Metropolitana,2,844.6046153755333,1689.2092307510666,9198.064425333172,383.2526843888822,398.24697261508146,210.69792561908113,1,0,Pobre no extremo,30174.18485605109
2022,77,17,3,150101,15,1501,Lima Metropolitana,6,227.37494749886343,1364.2496849931806,31244.935583432212,433.95743865878075,399.78926917629,213.64435573106402,0,0,No pobre,36803.83248780342
2021,188,16,1,150132,15,1501,Costa urbana,4,1188.963637152648,4755.854548610592,39701.13821957302,827.1070462411045,401.68389154306516,214.62053540898563,0,0,No pobre,396657.7413174107
2021,480,6,3,150101,15,1501,Selva urbana,1,787.2393205335827,787.2393205335827,27990.06058740131,2332.505048950109,381.60947115072247,254.32094887774971,0,0,No pobre,91231.13022463307
2025,498,8,2,130101,13,1301,Lima Metropolitana,4,766.7063440814528,3066.8253763258112,12905.410446101027,268.8627176271047,451.60880347625454,262.3675853177833,1,0,Pobre no extremo,27295.788046304417
2023,15,19,3,050101,05,0501,Costa urbana,3,1406.6475801479276,4219.942740443783,178207.63092305785,4950.21197008494,419.9602342271136,239.3985424308258,0,0,No pobre,52571.635648211675
2021,292,2,3,150132,15,1501,Costa urbana,7,980.914781333608,6866.403469335256,17315.514129477673,206.1370729699723,382.26713318818287,267.0580137314973,1,1,Pobre extremo,63005.47335778465
2021,497,14,1,050101,05,0501,Sierra urbana,5,1528.978305065755,7644.891525328775,44469.6429659922,741.16071609987,417.00075444658404,250.96211758438224,0,0,No pobre,82580.43923969106
2024,319,12,3,250101,25,2501,Selva rural,2,856.5291231022204,1713.0582462044408,55637.0581649373,2318.2107568723873,470.5368127115412,239.45786836881604,0,0,No pobre,12879.595717729691
2024,325,17,3,250101,25,2501,Costa urbana,5,386.640432424469,1933.202162122345,2858.8435653441156,47.64739275573526,431.12443169674447,242.81133687969105,1,1,Pobre extremo,185279.26066646705
2021,214,15,1,250101,25,2501,Sierra rural,4,976.5602997614684,3906.2411990458736,56751.11237212199,1182.3148410858748,478.6752011346351,259.4673907272492,0,0,No pobre,150892.758304442
2025,208,18,2,210101,21,2101,Lima Metropolitana,2,1906.9237772181903,3813.8475544363805,27120.62339800075,1130.0259749166978,433.9959431878056,206.31264951946258,0,0,No pobre,14343.683152551399
2021,169,16,2,130101,13,1301,Costa urbana,4,1622.8967953214608,6491.587181285843,21230.830086667953,442.30896013891567,476.2798999051064,211.76122408988692,1,0,Pobre no extremo,35795.21882917252
2022,330,13,2,200101,20,2001,Selva urbana,4,490.9235846393968,1963.6943385575871,24083.97380099628,501.7494541874225,400.1800728804413,218.64064886425572,0,0,No pobre,39133.83267513797
2023,280,17,3,150101,15,1501,Lima Metropolitana,1,843.4709531253911,843.4709531253911,45460.166344054174,3788.347195337848,408.9934812719368,262.63430991932114,0,0,No pobre,42630.59702435642
2025,466,8,1,050101,05,0501,Callao,4,1862.8049809190218,7451.219923676087,3448.4891074232205,71.8435230713171,449.99701101797615,266.14614797844587,1,1,Pobre extremo,78863.15278295879
2022,305,1,2,040101,04,0401,Callao,4,335.02821158047635,1340.1128463219054,27687.88625037597,576.8309635494994,478.6821616999447,224.93193839280633,0,0,No pobre,26059.923434886863
2025,146,3,2,150101,15,1501,Lima Metropolitana,2,582.5054595433784,1165.0109190867568,39653.331637298004,1652.2221515540834,462.5297411019376,264.670005820787,0,0,No pobre,55938.163611658674
2022,263,16,2,010101,01,0101,Sierra rural,3,598.223027156603,1794.669081469809,188143.0506661479,5226.195851837441,435.3705276675751,238.27934606770043,0,0,No pobre,68396.46096941712
2023,4,2,2,010201,01,0102,Costa urbana,4,1184.7724637577685,4739.089855031074,7980.887864320418,166.26849717334204,388.51526143589155,233.12916209251316,1,1,Pobre extremo,59613.93036385276
2023,90,15,1,150132,15,1501,Sierra rural,2,880.3933074515132,1760.7866149030265,40097.026629152824,1670.7094428813677,416.4379109999794,258.29352745507197,0,0,No pobre,58434.53280127477
2024,453,1,2,050101,05,0501,Costa urbana,6,251.75428059296976,1510.5256835578186,17402.998215413918,241.70830854741553,388.6425700596591,238.22584058200948,1,0,Pobre no extremo,63256.24638645439
2022,60,9,3,130101,13,1301,Selva rural,1,1295.4447636964626,1295.4447636964626,41608.134269708746,3467.344522475729,411.12813618665047,231.81376092075166,0,0,No pobre,45026.84863469849
2024,311,16,3,250101,25,2501,Sierra rural,2,288.2479425882854,576.4958851765708,58687.0684870523,2445.294520293846,405.87921006653244,201.11744529892343,0,0,No pobre,5334.714859627666
2022,16,4,1,010101,01,0101,Costa rural,2,1252.1883707602485,2504.376741520497,13881.992436587703,578.4163515244876,418.85552966367186,200.90283636827357,0,0,No pobre,13173.858836524802
2024,227,12,4,010201,01,0102,Sierra urbana,4,1063.315922429449,4253.263689717796,156313.29608636053,3256.5270017991775,463.7276589989919,243.9313980087123,0,0,No pobre,9963.077966556084
2023,474,1,2,050101,05,0501,Sierra rural,4,1037.970455378094,4151.881821512376,88381.06985958228,1841.2722887412974,395.037667131038,205.13918515928412,0,0,No pobre,12406.424652902479
2025,466,1,2,200101,20,2001,Selva urbana,3,228.24286606853664,684.72859820561,54687.71467475664,1519.1031854099065,410.60639488536077,251.58617161153842,0,0,No pobre,13501.393785165063
2024,29,7,3,250101,25,2501,Callao,3,1314.5188490787182,3943.5565472361545,19514.34485275709,542.0651347988081,406.11172443216077,243.56390243044012,0,0,No pobre,102387.53270269567
2022,151,18,1,050101,05,0501,Sierra urbana,5,919.5084913197285,4597.542456598642,16332.71188845438,272.211864807573,409.6141647136908,232.04106728985082,1,0,Pobre no extremo,137891.75704595612
2022,245,15,4,040101,04,0401,Sierra urbana,2,881.1016323428045,1762.203264685609,39960.50142452156,1665.0208926883981,416.0623474807092,249.68625501781807,0,0,No pobre,69091.69566766481
2023,270,13,3,040101,04,0401,Costa urbana,3,1233.2576531952197,3699.772959585659,18869.03482410652,524.1398562251811,404.43117499336387,269.5149941128614,0,0,No pobre,13451.034106467174
2022,79,16,4,130101,13,1301,Sierra rural,1,1251.8713138984401,1251.8713138984401,16792.006242798558,1399.3338535665464,474.25812722231234,217.24497415427643,0,0,No pobre,14439.718386619725
2021,433,7,1,040101,04,0401,Selva rural,1,128.56326194777822,128.56326194777822,150797.63797835697,12566.469831529748,422.0101713912655,238.99389901030824,0,0,No pobre,19034.368327630655
2025,289,16,1,200101,20,2001,Lima Metropolitana,3,337.92921228609265,1013.7876368582779,44037.2647697083,1223.2573547141194,391.4113265197268,258.99991343450324,0,0,No pobre,17458.298823411536
2024,153,13,1,130101,13,1301,Sierra urbana,2,549.3846196049692,1098.7692392099384,56454.83163617081,2352.2846515071174,426.7658610027321,201.18124331778318,0,0,No pobre,136024.0358091606
2025,277,14,3,150132,15,1501,Selva urbana,3,1388.1569333573602,4164.47080007208,145645.9739579031,4045.721498830642,398.4431901861359,214.24558300917585,0,0,No pobre,9346.099665347132
2023,401,17,1,200101,20,2001,Callao,5,1195.808141356254,5979.04070678127,28992.92502923735,483.21541715395585,401.61306425013197,236.46710593119226,0,0,No pobre,49706.5136764887
2024,279,12,3,130101,13,1301,Selva rural,2,1539.4953515310322,3078.9907030620643,15226.058480658787,634.4191033607827,408.5041417644833,238.65722174527502,0,0,No pobre,10158.172313974716
2024,57,13,3,200101,20,2001,Callao,5,1507.1548305333283,7535.774152666641,10268.513515956927,171.14189193261547,392.4759856025947,206.04332848366505,1,1,Pobre extremo,59636.52201336415
2021,491,15,2,040101,04,0401,Callao,4,1721.0474514916864,6884.189805966746,91036.326294997,1896.5901311457708,452.111893258,228.52006679664888,0,0,No pobre,24780.941693090233
2023,465,4,3,150132,15,1501,Selva rural,3,815.9482364175865,2447.8447092527595,19233.761605775973,534.2711557159993,459.1946474731249,236.38493305903268,0,0,No pobre,11825.897805201375
2022,186,2,3,200101,20,2001,Selva urbana,4,755.6213457482752,3022.4853829931008,1883.9394638525239,39.24873883026091,419.42849219156,229.60829891672412,1,1,Pobre extremo,20783.556842919865
2021,398,18,2,150132,15,1501,Lima Metropolitana,3,1678.9292658015802,5036.787797404741,2451.515860372858,68.09766278813494,448.8992539433545,249.04173790626552,1,1,Pobre extremo,59901.105078796325
2021,93,2,4,010201,01,0102,Selva urbana,2,551.4429143476506,1102.8858286953011,7129.932241617289,297.080510067387,418.89542901706955,253.99547220510573,1,0,Pobre no extremo,7130.532105125528
2025,276,15,2,200101,20,2001,Costa urbana,6,976.2275099798533,5857.365059879119,19184.368662347846,266.4495647548312,396.4077323636364,232.2183133479744,1,0,Pobre no extremo,19388.274806865345
2025,158,19,2,150101,15,1501,Callao,4,469.2187388422745,1876.874955369098,21941.278085309015,457.1099601106045,419.7168061331278,229.79618094866794,0,0,No pobre,30120.04022098083
2025,275,15,1,250101,25,2501,Costa rural,6,1836.2974100645058,11017.784460387034,43191.72493217328,599.8850685024067,435.6987395481639,249.3754569550286,0,0,No pobre,9170.380224726225
2021,181,10,1,040101,04,0401,Lima Metropolitana,5,874.8257248835882,4374.128624417941,9669.780625753769,161.16301042922947,384.0994314076889,238.87116512209857,1,1,Pobre extremo,14011.522832064038
2022,359,11,2,050101,05,0501,Sierra rural,2,503.72510663857383,1007.4502132771477,32746.563346863666,1364.4401394526528,445.448439068237,260.9307612629778,0,0,No pobre,155249.93604829325
2024,440,10,1,150132,15,1501,Sierra urbana,3,1414.8254420809328,4244.476326242799,59617.052283250894,1656.0292300903027,454.26079690047857,233.6802305990271,0,0,No pobre,9674.470335650087
2025,77,5,2,040101,04,0401,Sierra rural,2,564.8248885999094,1129.6497771998188,23633.63676403028,984.7348651679284,465.9970257708561,240.2029232970514,0,0,No pobre,21255.68505043384
2022,466,9,1,010101,01,0101,Selva rural,5,1892.6568460234246,9463.284230117122,17707.312784470814,295.12187974118024,390.2770560249307,209.01636421984958,1,0,Pobre no extremo,58951.50250544573
2023,151,19,3,150101,15,1501,Sierra urbana,6,798.4723281378817,4790.83396882729,12332.812708596475,171.28906539717326,380.0093593858272,258.5198069291455,1,1,Pobre extremo,33692.75761415199
2025,446,13,1,040101,04,0401,Lima Metropolitana,4,1362.8173529934904,5451.269411973962,75459.12367482566,1572.065076558868,387.32663690221625,229.5604492178662,0,0,No pobre,20510.619093642108
2024,238,18,1,250101,25,2501,Costa urbana,2,755.9653691990854,1511.930738398171,7840.359008195494,326.68162534147893,472.4116803786108,250.33443049525252,1,0,Pobre no extremo,79590.65670860404
2023,289,17,3,150101,15,1501,Callao,2,1633.7666076876,3267.5332153752,111216.8621526083,4634.035923025346,456.5555721041261,230.06379243567918,0,0,No pobre,4552.383085606793
2023,231,6,2,250101,25,2501,Callao,5,1804.153207943274,9020.76603971637,26362.087227097876,439.3681204516313,463.5435646761167,200.0708560815848,1,0,Pobre no extremo,73106.10025803355
2024,488,10,1,040101,04,0401,Sierra rural,6,1597.0448828880938,9582.269297328563,10563.813829410083,146.71963651958447,431.7013797165972,228.02871751864814,1,1,Pobre extremo,14050.206485711364
2025,18,2,1,150101,15,1501,Costa urbana,2,1712.148135582288,3424.296271164576,57335.92848655369,2388.9970202730706,432.6719874563875,210.3251536554996,0,0,No pobre,2818.838653691292
2021,73,6,3,050101,05,0501,Costa urbana,1,293.57357308150836,293.57357308150836,42503.23652357323,3541.9363769644356,409.85055898391846,227.9030555511167,0,0,No pobre,313502.6316014757
2024,417,13,3,050101,05,0501,Lima Metropolitana,3,1855.722886362826,5567.168659088478,39110.34966060923,1086.3986016835897,464.27530519681636,222.49407581593618,0,0,No pobre,37698.86764601327
2024,416,18,3,250101,25,2501,Sierra rural,1,1286.1713848630327,1286.1713848630327,50697.33493419918,4224.777911183265,462.9769583083784,214.1783165072921,0,0,No pobre,78333.47418803436
2024,189,7,4,250101,25,2501,Sierra rural,5,1751.5133111157793,8757.566555578896,31125.229841255208,518.7538306875869,419.21713457221614,208.6640468016392,0,0,No pobre,106474.05781325318
2023,438,2,3,010201,01,0102,Lima Metropolitana,4,1400.4298519522893,5601.719407809157,40655.64305878174,846.9925637246196,412.9267070471474,250.99928555745842,0,0,No pobre,14407.607186088604
2022,17,14,2,050101,05,0501,Lima Metropolitana,4,483.51057023304975,1934.042280932199,91551.51864121672,1907.3233050253484,453.83732712530247,252.8402211609768,0,0,No pobre,27997.418352112316
2021,19,5,1,050101,05,0501,Sierra urbana,3,1258.1546931267853,3774.464079380356,32282.326623602097,896.7312951000582,382.6168138337934,218.54982536520103,0,0,No pobre,35047.27274068188
2025,219,18,1,150132,15,1501,Selva rural,3,272.79785547396784,818.3935664219035,56257.54114955265,1562.7094763764626,465.99488985183876,234.66331573017732,0,0,No pobre,17982.89584605722
2025,326,11,4,130101,13,1301,Selva rural,3,1421.8737574145014,4265.621272243504,3715.8667393498713,103.21852053749643,424.6247989314173,232.48496632221617,1,1,Pobre extremo,119166.07606442201
2022,483,10,1,200101,20,2001,Lima Metropolitana,5,877.1021680530882,4385.510840265441,36020.645578724776,600.3440929787463,424.1344246542861,224.86732997399014,0,0,No pobre,137513.98634699205
2024,120,11,1,150132,15,1501,Selva urbana,4,388.293028890397,1553.172115561588,260553.47741010578,5428.1974460438705,446.90778473873945,219.43460272577283,0,0,No pobre,31904.036959020505
2021,101,2,2,250101,25,2501,Costa urbana,3,1960.5366501499868,5881.609950449961,5387.928918165275,149.66469217125763,444.57493603105314,213.02222198771855,1,1,Pobre extremo,59805.96536061174
2025,34,15,1,210101,21,2101,Callao,3,1812.060406000294,5436.181218000882,162813.17166759167,4522.588101877546,406.59740660563665,261.102483404805,0,0,No pobre,85358.27736893398
2025,84,7,2,200101,20,2001,Selva rural,1,1797.7330554661821,1797.7330554661821,51479.771217216155,4289.980934768013,474.32786045140966,258.3318741360141,0,0,No pobre,48124.63433741591
2024,409,9,4,210101,21,2101,Costa rural,2,1598.7585820692805,3197.517164138561,5840.299155943685,243.3457981643202,478.6329979332656,229.20255871657017,1,0,Pobre no extremo,20409.837336833367
2022,196,5,2,010101,01,0101,Lima Metropolitana,4,1414.7641377726834,5659.056551090734,27900.592644156073,581.2623467532516,432.5989014296185,250.48408795692853,0,0,No pobre,3030.800303867944
2021,330,7,3,250101,25,2501,Lima Metropolitana,4,1344.6510125552659,5378.6040502210635,38636.646621021646,804.9301379379509,436.1380798170347,234.8832457679453,0,0,No pobre,39912.69800167112
2022,202,2,3,040101,04,0401,Sierra urbana,3,301.57829163732504,904.7348749119751,61094.37342705815,1697.065928529393,435.43179634236236,205.976828570491,0,0,No pobre,80430.30640533051
2022,344,3,4,130101,13,1301,Lima Metropolitana,5,1811.0758471050628,9055.379235525314,18182.43634788027,303.0406057980045,428.5787408178261,257.5673355910136,1,0,Pobre no extremo,14130.151032493552
2021,341,2,1,210101,21,2101,Sierra urbana,4,1774.1439529787597,7096.575811915039,50342.87309226129,1048.8098560887768,474.51870536778256,215.3490080809869,0,0,No pobre,43115.03469674131
2021,11,19,2,200101,20,2001,Selva urbana,3,1520.9199903972215,4562.759971191665,93595.38376584042,2599.871771273345,404.4752448977412,249.47722575097004,0,0,No pobre,56703.126277687414
2025,347,4,3,250101,25,2501,Selva urbana,2,1861.8984222427327,3723.7968444854655,59744.23653697884,2489.343189040785,390.7958176255389,236.9178575440616,0,0,No pobre,57015.476686585964
2025,400,7,2,150132,15,1501,Lima Metropolitana,5,1150.8585576561848,5754.292788280924,78737.49906293265,1312.2916510488774,472.95472843248314,248.337797887015,0,0,No pobre,41146.604780042086
2021,218,7,3,010201,01,0102,Costa urbana,4,950.5204359633551,3802.0817438534204,18015.814305949378,375.3294647072787,401.30383142111526,232.9842139006774,1,0,Pobre no extremo,13368.357445300308
2023,445,17,2,150101,15,1501,Sierra urbana,2,1939.1000641159296,3878.2001282318593,49851.045783783484,2077.126907657645,454.9155353542086,249.17928039338906,0,0,No pobre,121299.38524135292
2025,253,19,1,050101,05,0501,Sierra urbana,4,981.8492568155465,3927.397027262186,213160.37184875182,4440.841080182329,400.3873309232115,202.29687870615604,0,0,No pobre,34722.26844388826
2023,222,16,4,130101,13,1301,Costa rural,3,1318.5164380275996,3955.549314082799,10178.942962592902,282.74841562758064,476.01860156223586,202.85970573706385,1,0,Pobre no extremo,21224.88387431767
2021,383,3,1,130101,13,1301,Costa urbana,5,808.818079031034,4044.09039515517,39333.42291850378,655.5570486417296,459.112177033731,262.7437975650857,0,0,No pobre,7031.482619378553
2025,369,15,2,050101,05,0501,Costa urbana,6,1309.019829437483,7854.118976624897,9862.275506704878,136.97604870423442,471.8718172114859,252.478581118009,1,1,Pobre extremo,54406.3926988314
2022,80,14,3,050101,05,0501,Selva rural,4,1468.1880916888067,5872.752366755227,83219.59054996166,1733.741469790868,475.0984820111659,257.99272639180316,0,0,No pobre,423521.9259368621
2021,7,15,3,050101,05,0501,Selva urbana,5,1286.8454980482456,6434.227490241228,4540.711453814189,75.67852423023648,388.44243842689997,231.960977084492,1,1,Pobre extremo,28698.125988402753
2024,272,14,4,010201,01,0102,Selva rural,2,1077.6695883107757,2155.3391766215514,16136.873366171085,672.3697235904618,423.33888558249475,232.17528033180142,0,0,No pobre,22308.640014682358
2023,227,7,1,010101,01,0101,Callao,4,670.2105154879424,2680.8420619517697,214539.62084473213,4469.575434265253,444.81003370283094,237.38028248857512,0,0,No pobre,35861.1043063885
2021,16,3,1,010201,01,0102,Costa urbana,5,1323.3067846588244,6616.533923294122,17237.85452016564,287.29757533609404,460.2456104126231,217.05634327318953,1,0,Pobre no extremo,33674.9119279299
2021,424,17,1,150132,15,1501,Lima Metropolitana,4,1826.0149009965894,7304.059603986358,25465.42582842628,530.5297047588808,404.14717444144026,251.3451748941993,0,0,No pobre,25145.20348405733
2025,12,10,3,010101,01,0101,Costa rural,4,113.13392322236798,452.53569288947193,82604.38646125881,1720.924717942892,471.46048593892885,258.06180823803925,0,0,No pobre,289383.5855239033
2025,291,15,4,150101,15,1501,Lima Metropolitana,6,354.46515211641173,2126.7909126984705,23747.549193628645,329.8270721337312,402.09763290981346,263.50568648587773,1,0,Pobre no extremo,37963.60891424961
2025,241,6,3,050101,05,0501,Lima Metropolitana,2,327.56900114972586,655.1380022994517,4319.508117234281,179.9795048847617,466.6176401540687,236.1923693862849,1,1,Pobre extremo,9867.25784534029
2024,21,17,1,010201,01,0102,Costa urbana,2,1854.0900754964227,3708.1801509928455,10267.916928591683,427.82987202465347,431.271257966419,229.02035540091393,1,0,Pobre no extremo,11185.07262149944
2025,178,17,2,040101,04,0401,Selva rural,4,1359.220609028968,5436.882436115872,88106.72155970526,1835.5566991605263,431.542217187019,258.16532710414737,0,0,No pobre,113462.69231255952
2021,427,14,3,150132,15,1501,Sierra rural,5,1908.397402293286,9541.98701146643,101145.44343929694,1685.757390654949,417.4005615481991,252.68660460450621,0,0,No pobre,48247.351352396116
2025,228,18,4,150101,15,1501,Lima Metropolitana,6,1207.3452191036138,7244.071314621682,4418.438269056933,61.36719818134629,390.3505231418691,260.70912537964347,1,1,Pobre extremo,25550.36352843237
2022,496,5,1,150101,15,1501,Lima Metropolitana,4,977.292504602582,3909.170018410328,11446.706188496813,238.47304559368362,414.70900631195383,245.9011740216686,1,1,Pobre extremo,23510.089480464572
2025,273,8,2,200101,20,2001,Sierra rural,5,1605.4515324472886,8027.257662236443,14689.924957797906,244.8320826299651,422.6736714982473,261.83193124310066,1,1,Pobre extremo,72922.27727082059
2024,288,7,3,200101,20,2001,Costa rural,5,405.79030820292667,2028.9515410146332,19098.189936095278,318.303165601588,427.9021056552971,206.23291662317249,1,0,Pobre no extremo,16494.609352889387
2022,297,4,2,150101,15,1501,Selva urbana,2,824.5424210029106,1649.0848420058212,11660.78515048005,485.86604793666874,453.90952904101334,247.5693104379847,0,0,No pobre,31269.27245116749
2021,134,18,2,010101,01,0101,Sierra urbana,5,985.9210570150251,4929.605285075126,29593.818277002956,493.23030461671596,415.20701104650584,206.21565619410552,0,0,No pobre,75262.60819922978
2021,472,5,4,250101,25,2501,Costa urbana,2,667.0709495730246,1334.1418991460491,16063.350949710783,669.3062895712826,420.65928603139866,252.42353503054602,0,0,No pobre,17271.089633486143
2023,283,16,3,150132,15,1501,Selva rural,3,805.4426635761091,2416.327990728327,18293.811221873035,508.1614228298065,470.60986023221193,243.9910709093058,0,0,No pobre,129549.3932824438
2022,404,14,4,200101,20,2001,Callao,3,248.3998551563947,745.1995654691841,9706.013805778164,269.61149460494903,455.25672946335953,201.11944151071035,1,0,Pobre no extremo,7061.4347922530405
2023,153,19,1,130101,13,1301,Selva urbana,3,476.16881995416014,1428.5064598624804,54468.740939954005,1513.020581665389,382.28557695037915,241.94826902514112,0,0,No pobre,37728.558904127465
2022,66,14,2,050101,05,0501,Selva rural,3,737.4437686287639,2212.331305886292,7719.802326021097,214.43895350058602,461.20887577230377,210.23958659910716,1,0,Pobre no extremo,39189.297921772384
2022,137,9,4,150132,15,1501,Selva urbana,2,1612.1918231429552,3224.3836462859103,37932.6505806115,1580.5271075254793,478.99439243503593,209.9687993845349,0,0,No pobre,4341.826763298485
2024,92,6,4,150101,15,1501,Costa urbana,3,446.7449742014414,1340.234922604324,66368.25191606628,1843.5625532240633,473.9767741367822,210.53241081596323,0,0,No pobre,17280.27399984813
2023,437,17,1,150101,15,1501,Sierra urbana,1,758.6167105700268,758.6167105700268,161432.00532504826,13452.667110420689,463.59558994960895,233.86765215727897,0,0,No pobre,65943.53908055124
2024,317,19,3,040101,04,0401,Costa urbana,4,223.34854757417685,893.3941902967074,42211.1440694009,879.3988347791854,442.9173747337267,208.08641778223125,0,0,No pobre,17663.093657415488
2022,422,12,4,250101,25,2501,Sierra urbana,5,1158.4982551705514,5792.491275852757,32977.58798648528,549.6264664414214,407.8192122165261,208.79590239169093,0,0,No pobre,27875.440980032003
2021,259,4,2,050101,05,0501,Selva rural,6,1261.3766874677628,7568.260124806577,5876.319847127745,81.61555343232979,445.4430611380096,217.93175902937136,1,1,Pobre extremo,24184.039041361517
2022,468,16,2,130101,13,1301,Costa rural,5,1744.481280578117,8722.406402890585,101261.2629779455,1687.6877162990918,449.5592470875864,200.0600756679432,0,0,No pobre,96172.18438316153
2024,454,11,2,210101,21,2101,Sierra urbana,3,1656.3203971537316,4968.961191461195,30596.983018047165,849.9161949457546,408.1558161030671,219.30528368701565,0,0,No pobre,51156.07662165846
2023,103,4,2,200101,20,2001,Callao,5,642.218113899373,3211.0905694968646,35540.06933166925,592.3344888611541,405.53296244084396,243.2885436761423,0,0,No pobre,23154.796771085166
2023,481,17,4,040101,04,0401,Selva urbana,3,360.2120094607335,1080.6360283822005,38402.63616460291,1066.739893461192,419.692385909227,242.1099392416756,0,0,No pobre,17734.568024385415
2024,55,8,2,150101,15,1501,Costa rural,2,396.5580461997671,793.1160923995342,29816.715292572317,1242.3631371905133,444.1146969033535,267.8673553715252,0,0,No pobre,86357.01543886287
2023,257,14,4,250101,25,2501,Selva rural,4,1941.0314917768446,7764.1259671073785,27095.206508530257,564.4834689277137,409.3062269282374,208.3741055285844,0,0,No pobre,41951.022546741355
2025,101,2,3,010101,01,0101,Sierra rural,4,1379.129046613979,5516.516186455916,19377.876794693548,403.7057665561156,435.56665221785335,260.58999320259056,1,0,Pobre no extremo,99453.69116130915
2021,198,11,2,040101,04,0401,Costa rural,5,180.88449682615467,904.4224841307733,51755.84909980714,862.5974849967857,469.9237401854183,227.38328319276118,0,0,No pobre,67350.01325009883
2021,301,11,3,250101,25,2501,Sierra urbana,4,359.8805845856797,1439.5223383427187,6972.595260875589,145.26240126824143,409.51003248792495,227.0925401573152,1,1,Pobre extremo,1382.8362022838146
2021,226,6,4,150132,15,1501,Callao,2,1023.0201236918159,2046.0402473836318,6839.7644439982205,284.99018516659254,476.59737361275114,224.41676185370406,1,0,Pobre no extremo,106108.28337405673
2023,431,14,1,150132,15,1501,Costa rural,6,494.8747281569276,2969.2483689415653,12551.368066068477,174.3245564731733,427.3347978673216,208.7315572010071,1,1,Pobre extremo,41144.764998733604
2023,463,10,3,010201,01,0102,Callao,4,1626.9520715000358,6507.808286000143,82771.62156683447,1724.4087826423847,390.0908337645894,233.49535259692632,0,0,No pobre,46447.54556405287
2022,237,8,2,040101,04,0401,Callao,5,1189.1125233817934,5945.562616908966,40164.57646234879,669.4096077058132,385.50393937295735,255.11645785429099,0,0,No pobre,4884.817879355687
2022,26,7,1,150132,15,1501,Selva rural,5,1264.001194799667,6320.005973998335,15196.540164924092,253.27566941540152,413.8674514299315,261.2802685003389,1,1,Pobre extremo,22310.152318245135
2021,121,8,3,150101,15,1501,Costa rural,3,979.3685412935025,2938.1056238805077,13088.132588868575,363.55923857968264,405.87589567298727,267.40014806891537,1,0,Pobre no extremo,38494.285586577134
2025,398,8,4,150132,15,1501,Selva rural,2,586.5192733099994,1173.038546619999,25047.295458398905,1043.637310766621,464.3713327203252,254.97047399903167,0,0,No pobre,10065.763717170474
2022,182,2,4,250101,25,2501,Sierra rural,2,1219.8668650848383,2439.7337301696766,38570.539912651875,1607.1058296938281,453.76384214169565,243.61641939583382,0,0,No pobre,136930.23426176692
2022,199,16,4,210101,21,2101,Sierra urbana,2,1462.2430877053905,2924.486175410781,91564.99339183049,3815.208057992937,468.4546286870058,234.8273645794198,0,0,No pobre,76610.17569898524
2023,302,9,3,200101,20,2001,Lima Metropolitana,3,804.8013474973171,2414.4040424919513,170675.40496226156,4740.983471173932,438.92534982118696,261.2428076120977,0,0,No pobre,24305.11209658336
2025,255,13,4,150101,15,1501,Selva urbana,4,1059.392898173887,4237.571592695548,24021.309039669664,500.44393832645136,423.5457247590501,251.76595248007123,0,0,No pobre,222745.18322855778
2021,122,12,3,050101,05,0501,Costa rural,6,1695.3995438968632,10172.397263381179,195223.19278549508,2711.433233131876,407.05679280857373,211.288072318006,0,0,No pobre,52565.34915725958
2022,31,17,2,250101,25,2501,Lima Metropolitana,6,382.49534746267454,2294.9720847760473,28902.294892091344,401.42076239015756,438.31088344232495,247.77853449573445,1,0,Pobre no extremo,143248.63176321657
2025,472,2,2,210101,21,2101,Costa urbana,5,1135.9263966207907,5679.631983103954,35316.346694920365,588.6057782486728,441.80247782361533,230.17270185510083,0,0,No pobre,16058.773237744843
2025,315,13,3,150132,15,1501,Selva urbana,1,761.9840574755335,761.9840574755335,64918.86858716413,5409.90571559701,419.29475637418665,241.70597741952702,0,0,No pobre,58574.42840671996
2021,479,1,3,130101,13,1301,Costa rural,3,1435.3100406127378,4305.930121838213,73974.54941639799,2054.848594899944,473.659542182739,262.88471586722005,0,0,No pobre,139039.81544500036
2025,285,19,1,010201,01,0102,Selva urbana,4,135.73946200854985,542.9578480341994,111063.95410491514,2313.832377185732,443.9954588349516,245.67993841137329,0,0,No pobre,118663.76633106767
2025,106,11,4,210101,21,2101,Lima Metropolitana,2,1373.8992696260586,2747.7985392521173,8457.742996345523,352.40595818106345,463.74812006015327,265.7106999623396,1,0,Pobre no extremo,99605.12017036745
2025,224,5,2,150132,15,1501,Costa urbana,5,295.50569463075607,1477.5284731537804,30031.164782422966,500.51941304038274,442.0390747368956,260.6458772684853,0,0,No pobre,126036.52904561773
2022,273,1,2,210101,21,2101,Selva urbana,6,223.0587306879502,1338.3523841277013,83250.89769127576,1156.2624679343855,411.6536785331705,209.02308758144133,0,0,No pobre,167267.26940158714
2021,398,13,1,210101,21,2101,Lima Metropolitana,3,1476.7842718213647,4430.3528154640935,10288.443571438624,285.79009920662844,453.66191578787,200.81563396452677,1,0,Pobre no extremo,3612.9334607861883
2025,232,8,3,250101,25,2501,Selva urbana,5,1316.6500905177395,6583.250452588698,4989.932030200116,83.1655338366686,403.0254530883665,226.9087986054217,1,1,Pobre extremo,23712.54384479344
2025,420,6,3,130101,13,1301,Costa urbana,2,1800.3782686960517,3600.7565373921034,7061.583313578161,294.2326380657567,439.66093649986084,260.57309918510964,1,0,Pobre no extremo,6358.986179460578
2022,256,17,1,150132,15,1501,Callao,4,1087.3444160212257,4349.377664084903,24112.56557827296,502.34511621402,420.23663430194017,216.1088194897118,0,0,No pobre,6445.893929049649
2021,442,12,4,130101,13,1301,Costa urbana,1,1107.0464085016174,1107.0464085016174,165953.67730525343,13829.473108771119,394.988486880437,248.39799453296473,0,0,No pobre,21559.994321052003
2023,496,1,3,040101,04,0401,Costa urbana,2,1443.333887595446,2886.667775190892,6921.346804827559,288.3894502011483,421.32405755278927,233.31967584561076,1,0,Pobre no extremo,23654.232802865976
2022,24,3,3,250101,25,2501,Callao,5,714.4553950711772,3572.276975355886,9421.835196763766,157.03058661272945,411.0280829454089,252.22544323003467,1,1,Pobre extremo,141594.13610616035
2021,109,14,4,200101,20,2001,Callao,5,170.13366530167187,850.6683265083593,17103.228220378904,285.0538036729817,391.2222081708421,211.548381528457,1,0,Pobre no extremo,11029.476342998129
2025,191,8,4,200101,20,2001,Sierra rural,4,537.08706886621,2148.34827546484,11003.75171140245,229.24482732088438,462.3828228659859,216.73637272883718,1,0,Pobre no extremo,43442.67386868286
2021,347,11,1,210101,21,2101,Selva rural,4,552.2254826030966,2208.9019304123863,9349.083517780315,194.7725732870899,429.8582556434583,216.97671286476668,1,1,Pobre extremo,179407.5499036114
2021,25,14,1,150101,15,1501,Selva rural,4,737.7518155285684,2951.0072621142735,4295.087085964873,89.48098095760152,414.63562722714204,238.39260694557476,1,1,Pobre extremo,31165.129660101058
2021,187,8,1,010201,01,0102,Lima Metropolitana,5,1892.5791927768796,9462.895963884399,16724.35944981301,278.7393241635502,430.4964249702951,220.27371204635187,1,0,Pobre no extremo,255742.94791842523
2023,288,3,3,040101,04,0401,Costa urbana,7,1629.201317459981,11404.409222219867,157024.45827562283,1869.33878899551,455.45831175084567,256.8205660984282,0,0,No pobre,5567.535865714183
2021,116,7,1,250101,25,2501,Lima Metropolitana,6,1878.3168658898649,11269.90119533919,44325.006127649,615.6250851062362,381.829539321925,224.27559533729186,0,0,No pobre,15533.161818145029
2023,338,19,3,150101,15,1501,Selva rural,5,1997.3582212147007,9986.791106073504,77549.14027322698,1292.4856712204496,434.6751760573621,246.25958041532712,0,0,No pobre,169893.89706529802
2025,366,4,2,010101,01,0101,Selva urbana,4,924.1801077653846,3696.7204310615384,15609.829683558139,325.20478507412787,427.91507832839676,266.39513202677637,1,0,Pobre no extremo,18449.508192825037
2023,402,16,4,010201,01,0102,Costa urbana,4,531.4393016925787,2125.757206770315,12603.33032754131,262.5693818237773,469.30701915150735,242.48466023765747,1,0,Pobre no extremo,28571.189324096107
2025,37,13,4,200101,20,2001,Callao,2,1164.0079063849732,2328.0158127699465,43013.93959449181,1792.2474831038253,435.59716587878137,216.950746554969,0,0,No pobre,193177.6930032919
2025,282,19,2,200101,20,2001,Costa rural,2,1774.1553865014257,3548.3107730028514,29013.148040126427,1208.8811683386011,393.73228425390676,258.1319671194834,0,0,No pobre,70574.15861295557
2023,137,5,1,150101,15,1501,Costa urbana,5,984.8905359276986,4924.452679638493,25590.810458206735,426.5135076367789,418.868321528514,200.87797644877838,0,0,No pobre,7013.692091613312
2022,227,5,3,040101,04,0401,Callao,5,1060.2586748872816,5301.293374436408,121729.50007606467,2028.8250012677445,442.10693720525853,217.95760130017297,0,0,No pobre,67319.70946201464
2024,320,4,3,010201,01,0102,Costa urbana,4,355.43430126287075,1421.737205051483,13034.425468195846,271.55053058741345,384.5933807055785,227.12433419834488,1,0,Pobre no extremo,17911.671335755098
2021,328,2,3,150101,15,1501,Selva rural,3,898.865435878746,2696.5963076362377,11509.682612595983,319.713405905444,468.4649097397613,213.71852029575086,1,0,Pobre no extremo,22174.298997198064
2024,404,13,4,010101,01,0101,Lima Metropolitana,1,835.2901386362985,835.2901386362985,57897.811588269855,4824.817632355821,386.77823407129546,242.28126647773075,0,0,No pobre,33078.128209142735
2021,182,16,1,250101,25,2501,Sierra urbana,3,768.2081554443542,2304.6244663330626,51293.566070757406,1424.8212797432614,383.05911278463736,239.06004318581762,0,0,No pobre,20364.2054142443
2021,362,2,3,150101,15,1501,Selva urbana,3,1785.8674728559797,5357.602418567939,10512.72002157942,292.02000059942833,380.201557410022,228.45475979071387,1,0,Pobre no extremo,59272.04961743436
2025,86,19,3,210101,21,2101,Callao,4,212.6727231034326,850.6908924137304,28886.5116234392,601.8023254883167,448.3744491632855,220.60656126580764,0,0,No pobre,15189.357119040304
2021,467,17,3,150132,15,1501,Callao,6,1947.0796475049592,11682.477885029755,5355.299124719256,74.37915450998966,425.5920087222668,230.37350703534153,1,1,Pobre extremo,49203.96599787612
2021,414,5,2,210101,21,2101,Callao,2,115.66896801895845,231.3379360379169,35179.35389828417,1465.8064124285072,390.2817694229101,220.38415796989148,0,0,No pobre,77400.9175082968
2023,53,18,3,010201,01,0102,Selva rural,4,1896.6286265046372,7586.514506018549,17651.00349148398,367.7292394059163,465.6208522655561,215.48809557948465,1,0,Pobre no extremo,33986.091554902996
2024,348,18,2,130101,13,1301,Lima Metropolitana,3,1141.2902553932327,3423.870766179698,21562.15889548536,598.9488582079267,400.27202740924065,224.58890926165427,0,0,No pobre,38918.34541664867
2023,355,8,3,210101,21,2101,Lima Metropolitana,7,1434.64596436022,10042.52175052154,9643.713560542976,114.8061138159878,412.6324158971069,242.16349073655527,1,1,Pobre extremo,39750.25585521054
2021,235,15,3,150132,15,1501,Selva urbana,6,455.5524144207341,2733.314486524405,78849.11974918065,1095.1266631830647,397.7721473848277,245.38735997033442,0,0,No pobre,41305.07185075317
2025,447,13,3,210101,21,2101,Lima Metropolitana,3,1343.0019241315533,4029.00577239466,34068.11177888,946.3364383022222,472.6756297722607,220.8143012744538,0,0,No pobre,32755.92944327081
2023,267,13,2,150101,15,1501,Callao,7,1775.719570202692,12430.036991418845,65793.28346402138,783.2533745716831,455.8066783172036,266.31786254307065,0,0,No pobre,31215.192063743096
2023,287,16,3,150132,15,1501,Costa rural,4,365.01226568393804,1460.0490627357522,24480.264515236006,510.00551073408343,452.39533966442724,218.33714609423228,0,0,No pobre,32149.048818096955
2022,433,13,1,250101,25,2501,Callao,2,341.45506331925094,682.9101266385019,78492.36439422194,3270.5151830925806,384.3996030072793,249.84924771248077,0,0,No pobre,43742.16512429089
2021,496,2,3,130101,13,1301,Sierra rural,4,677.5580273839983,2710.232109535993,5008.269645173197,104.33895094110828,432.2701704239366,205.70360398286,1,1,Pobre extremo,23567.779552916094
2025,487,3,2,150101,15,1501,Sierra urbana,3,407.2791957032565,1221.8375871097696,27044.45001863882,751.2347227399673,437.545243674474,246.53911822688661,0,0,No pobre,31367.480700617056
2023,100,15,2,010101,01,0101,Costa rural,4,310.2271113773595,1240.908445509438,78872.68850837772,1643.1810105912025,418.25208400826824,232.19641240612196,0,0,No pobre,97898.26986938044
2023,478,19,1,010101,01,0101,Costa rural,6,1388.8061683720543,8332.837010232326,4523.666249312754,62.82869790712159,412.1756250297647,239.83754912503767,1,1,Pobre extremo,270149.04552427423
2025,87,13,4,010201,01,0102,Callao,5,506.27056643373254,2531.3528321686626,30221.968256174045,503.6994709362341,465.19428602187867,212.8850861659706,0,0,No pobre,425522.4215792214
2021,403,5,1,050101,05,0501,Selva urbana,3,1367.3283088637738,4101.984926591322,45225.986547411114,1256.2774040947531,382.3016591354532,230.34947780057416,0,0,No pobre,41514.20827979647
2022,396,6,1,210101,21,2101,Sierra urbana,3,1737.665531520051,5212.9965945601525,19034.401890962596,528.7333858600721,442.5354848277067,253.63944995900076,0,0,No pobre,12950.210963905993
2023,15,14,2,150132,15,1501,Selva urbana,2,1338.8471036847009,2677.6942073694017,65846.91128856018,2743.6213036900076,419.4246913957767,253.6959382961108,0,0,No pobre,28466.249770897877
2022,415,4,3,150101,15,1501,Sierra rural,3,326.7974328392617,980.3922985177851,66449.77211978586,1845.827003327385,446.595068114329,216.62891728621173,0,0,No pobre,42014.28488370628
2024,427,19,3,010101,01,0101,Lima Metropolitana,2,1189.7973906901454,2379.594781380291,15423.724757373006,642.6551982238752,399.7917545795037,224.68194925791204,0,0,No pobre,107173.74813988834
2021,101,7,4,130101,13,1301,Selva urbana,4,847.8945000019465,3391.578000007786,18993.850525808008,395.7052192876668,403.8659354628688,200.2669488774471,1,0,Pobre no extremo,17721.59759550512
2024,165,4,4,050101,05,0501,Costa urbana,5,752.40477977274,3762.0238988636997,9458.697815483767,157.6449635913961,438.6853806676801,206.29735220367232,1,1,Pobre extremo,32079.050559819774
2024,463,2,4,130101,13,1301,Selva urbana,5,705.2097903966811,3526.0489519834055,35806.667557598084,596.7777926266348,477.99385462858015,208.87112468541284,0,0,No pobre,13214.586361951857
2024,29,7,4,210101,21,2101,Lima Metropolitana,2,1865.9212252573266,3731.842450514653,32281.280547057282,1345.0533561273867,477.4683582986317,220.555592812713,0,0,No pobre,192204.64993204235
2021,114,3,1,040101,04,0401,Costa urbana,3,1510.7641676876829,4532.292503063049,26959.7643090721,748.8823419186695,404.89809838106856,253.13108407197268,0,0,No pobre,62484.813673728706
2021,107,15,1,050101,05,0501,Costa rural,3,354.3127002025605,1062.9381006076815,29454.574626574118,818.1826285159477,390.23510303257103,235.71750925091908,0,0,No pobre,25469.101612402672
2025,410,1,3,200101,20,2001,Sierra rural,2,1004.4104114916812,2008.8208229833624,12438.16062429695,518.2566926790396,439.03432379299966,255.48256955865745,0,0,No pobre,38719.056150881515
2022,364,2,1,040101,04,0401,Lima Metropolitana,3,704.6238429824472,2113.8715289473416,7435.50533692757,206.54181491465474,421.99826080736284,252.84339953179304,1,1,Pobre extremo,9415.500805312922
2022,130,10,3,040101,04,0401,Selva rural,3,1958.0827938373207,5874.248381511962,40126.03567453888,1114.6121020705243,456.16867129707464,241.0996746655373,0,0,No pobre,57221.60936408219
2025,84,16,3,210101,21,2101,Costa urbana,4,1958.255048611022,7833.020194444088,22509.292923399735,468.9436025708278,432.7983725278499,234.9902140837255,0,0,No pobre,53382.41255171948
2025,271,15,3,130101,13,1301,Sierra rural,6,707.1155012327664,4242.693007396599,10636.125996400451,147.72397217222849,431.0586805995641,265.1924603084496,1,1,Pobre extremo,6177.456787384537
2024,244,15,3,250101,25,2501,Selva urbana,4,769.014920676364,3076.059682705456,14009.29963451239,291.8604090523415,444.6459868220819,239.84891558300905,1,0,Pobre no extremo,17511.917720565027
2025,388,14,2,010101,01,0101,Selva rural,5,1238.8869935594366,6194.434967797183,61493.664153364065,1024.8944025560677,392.6418444848984,233.79767892309965,0,0,No pobre,26932.772061577667
2023,214,14,3,150132,15,1501,Selva urbana,2,1010.6833272222502,2021.3666544445005,58413.48332652892,2433.895138605372,447.71617296665676,260.83845666778853,0,0,No pobre,27197.654842812983
2022,306,6,1,150132,15,1501,Lima Metropolitana,6,504.89165710103873,3029.3499426062326,48856.923367030155,678.568380097641,428.85197006554534,205.0007100326614,0,0,No pobre,21881.364291653823
2025,166,14,1,150101,15,1501,Costa rural,2,1354.7831172783617,2709.5662345567234,25922.236796467216,1080.0931998528006,462.01470656344424,245.9218423662533,0,0,No pobre,41251.319726171954
2023,279,17,1,150101,15,1501,Lima Metropolitana,2,734.8444233629531,1469.6888467259062,14561.940449726068,606.7475187385861,393.87068337048186,207.91190751118177,0,0,No pobre,146431.1682079211
2023,59,18,1,040101,04,0401,Callao,2,1342.0613468311185,2684.122693662237,88437.86970332584,3684.9112376385765,410.07470491164037,257.38751395202735,0,0,No pobre,58623.23670693502
2023,90,19,2,040101,04,0401,Lima Metropolitana,3,828.9948924228195,2486.9846772684587,20109.40895232953,558.5946931202648,475.0246374015524,255.48663295347473,0,0,No pobre,117973.6216564897
2023,371,17,4,250101,25,2501,Lima Metropolitana,4,1430.3987983269162,5721.595193307665,34321.743794869886,715.0363290597893,435.30728792900214,235.25200239772727,0,0,No pobre,52283.54313362619
2024,331,16,4,210101,21,2101,Selva urbana,7,1368.818994690336,9581.732962832351,12512.8509683007,148.96251152738927,472.930099975399,246.27309050601949,1,1,Pobre extremo,26393.145885848455
2023,412,8,3,010101,01,0101,Costa urbana,5,1066.7442362499014,5333.721181249507,21710.925312276057,361.84875520460093,448.9035103111879,254.08351839129153,1,0,Pobre no extremo,30419.013533401358
2024,194,7,3,150132,15,1501,Costa rural,3,1439.0059823505785,4317.017947051736,2440.9939268220974,67.80538685616938,472.6431364935126,233.83127090114567,1,1,Pobre extremo,81045.22491648063
2024,123,12,1,250101,25,2501,Sierra rural,4,975.8347848408289,3903.3391393633156,15277.303286872244,318.2771518098384,411.782628436048,263.41705396525293,1,0,Pobre no extremo,62358.040095705546
2023,136,9,1,150132,15,1501,Costa rural,4,320.6627693352335,1282.651077340934,6827.887361515528,142.24765336490682,389.05337583691573,230.59210064810404,1,1,Pobre extremo,137746.38131070838
2022,413,14,4,200101,20,2001,Callao,5,446.0018813409738,2230.009406704869,32712.430533936455,545.2071755656076,460.2241764898099,262.44157606208864,0,0,No pobre,36569.55235403177
2023,139,1,4,150101,15,1501,Sierra rural,5,567.3869549146644,2836.934774573322,15737.759411545112,262.2959901924185,460.4468752462337,240.79208341938872,1,0,Pobre no extremo,8996.43264128016
2023,229,10,1,200101,20,2001,Sierra urbana,4,220.13496362882353,880.5398545152941,20506.95145424026,427.2281552966721,441.88267946423144,229.83702847576785,1,0,Pobre no extremo,29888.276364669393
2023,274,17,3,010101,01,0101,Costa urbana,4,1451.6243191982733,5806.497276793093,183014.63268879408,3812.80484768321,437.9570203161832,200.28682740188216,0,0,No pobre,8164.098371817903
2022,439,17,2,010101,01,0101,Callao,5,798.0414309800749,3990.2071549003745,10729.489295986668,178.8248215997778,471.4908170676284,220.68891443895325,1,1,Pobre extremo,31743.932102016613
2021,50,17,2,210101,21,2101,Costa urbana,2,277.6942630212949,555.3885260425898,30023.0844728264,1250.9618530344333,397.64984670215307,260.7545044639161,0,0,No pobre,11229.44025650552
2021,398,4,4,050101,05,0501,Sierra rural,3,1657.9204293786024,4973.761288135807,32775.93287317476,910.4425798104099,441.6537971370767,230.00989523445867,0,0,No pobre,33085.84960120932
2024,118,17,4,040101,04,0401,Selva urbana,4,1398.9431404807924,5595.77256192317,11443.373817172373,238.4036211910911,384.97706108222104,229.5027969021826,1,0,Pobre no extremo,42083.38134688246
2024,202,18,4,150101,15,1501,Selva rural,6,959.2260505426317,5755.35630325579,72629.92494306543,1008.7489575425755,394.08649367576294,234.2587476746973,0,0,No pobre,32175.232211434097
2022,483,2,2,250101,25,2501,Selva urbana,3,570.108136676195,1710.3244100285851,118384.8387998908,3288.467744441411,423.7272348443299,220.04128220658046,0,0,No pobre,27569.20260348036
2025,393,8,2,210101,21,2101,Sierra urbana,7,388.3171982064088,2718.220387444862,79184.10079655107,942.6678666256079,462.12073693884156,234.4085888830229,0,0,No pobre,24738.335804704802
2021,483,13,1,250101,25,2501,Sierra rural,3,970.9109643346178,2912.7328930038534,11401.984862174068,316.7218017270574,453.3132690750059,226.30341815080538,1,0,Pobre no extremo,112821.94139643793
2024,395,15,3,050101,05,0501,Sierra urbana,3,1781.9669117200685,5345.900735160206,14291.95826798125,396.99884077725693,477.40643910459943,263.6609771302759,1,0,Pobre no extremo,48146.31638620496
2021,191,9,4,210101,21,2101,Sierra rural,3,457.9511142167429,1373.8533426502286,4340.872199616939,120.57978332269275,384.4848648469899,239.4776739837588,1,1,Pobre extremo,7938.654623914403
2022,364,3,1,130101,13,1301,Sierra urbana,6,1180.4525350838271,7082.715210502963,22844.55884380015,317.2855394972243,418.1352218826235,258.3905678399697,1,0,Pobre no extremo,41477.659951366615
2022,460,3,2,150132,15,1501,Sierra rural,3,1927.2033909222864,5781.610172766859,24364.06345832504,676.7795405090288,395.8790801575161,248.08118669034386,0,0,No pobre,165669.2268638566
2025,323,2,1,040101,04,0401,Costa urbana,4,1310.5214920527646,5242.085968211059,54257.86363924131,1130.3721591508606,383.6961284049502,214.88220888392686,0,0,No pobre,22891.632218593742
2025,181,1,2,040101,04,0401,Callao,2,935.9329872961498,1871.8659745922996,131531.71641449907,5480.488183937461,406.43975562944746,260.73659267906226,0,0,No pobre,24717.157064011713
2022,423,14,3,040101,04,0401,Sierra urbana,4,1461.108648583926,5844.434594335704,8665.199654606065,180.52499280429302,404.44718441872163,206.10895581719666,1,1,Pobre extremo,68311.8183798433
2024,78,17,2,200101,20,2001,Sierra urbana,6,1666.6980461355422,10000.188276813253,30473.457406827823,423.24246398371974,422.00277184621916,231.40465024010226,0,0,No pobre,15441.60538976667
2021,440,13,1,150101,15,1501,Callao,3,1221.980965985,3665.9428979550003,21953.551779740865,609.8208827705796,394.0081207900593,216.74087978724313,0,0,No pobre,11150.473840101235
2023,412,19,3,210101,21,2101,Sierra rural,5,1756.481482086686,8782.407410433429,23476.51148562932,391.27519142715533,428.85675792261173,237.62887958425432,1,0,Pobre no extremo,7593.426146132881
2025,75,15,2,210101,21,2101,Costa rural,6,1077.7243428139016,6466.346056883409,109957.94269058347,1527.193648480326,472.0098327314242,221.00347056113577,0,0,No pobre,71666.90605331045
2023,295,14,4,200101,20,2001,Costa rural,2,1677.0551041918877,3354.1102083837754,29323.449125682186,1221.8103802367577,454.8188931598315,250.59783814572367,0,0,No pobre,86638.35331430206
2024,281,2,2,010101,01,0101,Costa urbana,5,1908.8365567708208,9544.182783854105,44124.74572264596,735.412428710766,464.21773294932666,265.5843090807663,0,0,No pobre,20225.87284322134
2025,21,7,3,150101,15,1501,Selva urbana,3,1052.3625873446824,3157.087762034047,41216.45772167549,1144.9016033798748,460.47285933215335,249.63629847506658,0,0,No pobre,11446.095329245798
2023,394,17,1,050101,05,0501,Selva urbana,2,1249.503259612118,2499.006519224236,32737.311001535145,1364.0546250639643,418.96263364406343,224.8717256743064,0,0,No pobre,86684.93214922889
2024,171,18,3,050101,05,0501,Costa urbana,4,1257.9883316046864,5031.953326418746,13488.940555778916,281.01959491206077,450.8961036297835,242.00489731605677,1,0,Pobre no extremo,32025.683091418145
2021,15,6,1,040101,04,0401,Selva urbana,5,1584.7262408367521,7923.631204183761,145004.79974089563,2416.7466623482605,455.42562394229975,262.1968264258685,0,0,No pobre,4880.869286679846
2024,211,8,2,210101,21,2101,Callao,3,1663.6350963371033,4990.90528901131,26092.23988735773,724.7844413154925,400.56481056992357,218.90198728508338,0,0,No pobre,52672.52730430809
2025,48,2,2,010201,01,0102,Selva rural,1,151.73570079151537,151.73570079151537,43391.32014508678,3615.9433454238983,466.02623666197735,208.27433346167896,0,0,No pobre,48598.65351753085
2022,86,1,3,010101,01,0101,Callao,6,1493.383171771737,8960.299030630422,33807.17119216139,469.5440443355749,425.77473985222633,209.15347920276943,0,0,No pobre,145579.85915569894
2021,149,16,4,250101,25,2501,Selva rural,5,1589.2489647974517,7946.244823987258,4022.1061989097866,67.03510331516311,381.6359739509384,234.63971072403433,1,1,Pobre extremo,84066.38515446243
2023,188,7,2,040101,04,0401,Selva rural,3,1430.81593497065,4292.44780491195,10530.765125245885,292.52125347905235,444.33841086138506,251.249538279089,1,0,Pobre no extremo,88949.86493405655
2025,372,11,4,050101,05,0501,Lima Metropolitana,4,1456.0217527138825,5824.08701085553,29809.329531769552,621.0276985785323,447.6763091917965,246.00804194604845,0,0,No pobre,15100.131247066887
2022,492,15,4,050101,05,0501,Lima Metropolitana,1,178.66543245011195,178.66543245011195,12523.95934696118,1043.6632789134317,435.17622966768334,231.77226503392774,0,0,No pobre,9387.599973876502
2024,480,13,3,150101,15,1501,Selva rural,3,939.8734577029215,2819.6203731087644,38666.401415293694,1074.0667059803804,401.24153008471563,251.0508628126954,0,0,No pobre,60631.51829824339
2022,306,2,2,010101,01,0101,Sierra rural,4,1654.5413344713072,6618.165337885229,11859.108315366851,247.06475657014275,428.22780273560653,244.37789692987118,1,0,Pobre no extremo,36992.25690930505
2025,151,14,4,010101,01,0101,Costa rural,4,1874.613568460697,7498.454273842788,27315.602047567263,569.0750426576514,420.0127450245507,243.97615289205933,0,0,No pobre,69312.5245023534
2025,141,6,2,010201,01,0102,Costa urbana,3,535.989049086676,1607.967147260028,5786.393605528817,160.7331557091338,477.46860738439256,214.16634781059435,1,1,Pobre extremo,41177.88191765283
2022,69,9,1,050101,05,0501,Callao,5,1200.4703866703105,6002.351933351552,57086.2634028575,951.4377233809583,462.4678434755938,221.88084031183973,0,0,No pobre,153988.65933046944
2024,260,7,4,150132,15,1501,Sierra rural,3,1628.227455146109,4884.682365438327,40371.90901983213,1121.4419172175592,456.18996050872147,224.10970277024472,0,0,No pobre,23595.72521875003
2022,476,18,3,150101,15,1501,Selva rural,4,1529.574521432453,6118.298085729812,42104.092919977134,877.1686024995237,398.1073703000163,256.5733530798727,0,0,No pobre,37869.84146785349
2025,334,9,3,210101,21,2101,Costa urbana,3,1275.8912222621502,3827.6736667864507,24794.91005247396,688.7475014576099,413.1040017421217,254.25773436757527,0,0,No pobre,19280.227008937203
2025,456,4,4,150132,15,1501,Costa rural,3,135.51325769780044,406.5397730934013,14365.705414374226,399.04737262150627,417.971183556922,217.68709301904332,1,0,Pobre no extremo,15138.700777945352
2023,9,9,2,130101,13,1301,Selva urbana,3,1475.383096211975,4426.149288635925,111319.5376790263,3092.209379972953,429.26275323004796,203.86065920169858,0,0,No pobre,136622.27866388444
2023,121,4,1,150101,15,1501,Sierra rural,4,1569.1607562297484,6276.643024918993,120552.73747362896,2511.5153640339367,383.02245120654715,253.7448666444519,0,0,No pobre,32423.92472425314
2021,371,12,1,250101,25,2501,Costa rural,3,1473.4140625887064,4420.242187766119,25228.013682338158,700.7781578427266,439.30092280746516,228.6906325156023,0,0,No pobre,427312.0325997406
2025,419,4,3,210101,21,2101,Costa urbana,1,1555.0374068309177,1555.0374068309177,16087.26462516383,1340.6053854303193,415.78565439721064,215.38622182931988,0,0,No pobre,9475.73296142444
2023,101,14,3,010101,01,0101,Sierra urbana,1,918.7382960898345,918.7382960898345,5678.215361466337,473.18461345552805,436.1677145425915,208.19118093997668,0,0,No pobre,40022.452054557
2022,149,7,2,210101,21,2101,Sierra rural,4,1988.129077258243,7952.516309032972,32946.61239311263,686.3877581898464,380.89783842567067,200.89702554119506,0,0,No pobre,42645.07760530986
2024,442,13,3,150101,15,1501,Callao,2,1564.495140158052,3128.990280316104,14740.592594708558,614.1913581128566,412.14331389975234,229.94107443697203,0,0,No pobre,126361.80430556045
2022,146,8,2,050101,05,0501,Lima Metropolitana,4,1199.4920100319725,4797.96804012789,17471.70761541318,363.9939086544412,456.8666056012989,223.78346700707777,1,0,Pobre no extremo,15035.495672398325
2024,353,5,4,130101,13,1301,Costa urbana,3,1874.9634125185855,5624.890237555756,64062.28653950777,1779.5079594307713,430.108155252704,248.7529105495098,0,0,No pobre,20009.585304045922
2023,456,12,1,010101,01,0101,Callao,4,1825.5768449702348,7302.307379880939,11314.981272796289,235.72877651658936,458.8887328345638,268.36658025311857,1,1,Pobre extremo,8825.303933200033
2021,243,13,4,150132,15,1501,Costa urbana,7,1647.6774241351034,11533.741968945724,151290.66209059168,1801.0793106022818,449.89603925173867,214.47478337313078,0,0,No pobre,157164.40137758997
2022,241,14,3,200101,20,2001,Lima Metropolitana,4,1171.020346069156,4684.081384276624,10771.429431024444,224.40477981300924,465.4920575150977,217.0125298261756,1,0,Pobre no extremo,6491.983125250595
2022,337,18,1,130101,13,1301,Costa rural,5,1101.4919363787556,5507.459681893778,4263.066257550082,71.05110429250136,380.74435885521734,223.61118038050776,1,1,Pobre extremo,40989.00623246877
2022,43,4,1,010201,01,0102,Callao,5,724.5450707515894,3622.725353757947,14879.432073889686,247.9905345648281,406.13254918443937,232.61563444183136,1,0,Pobre no extremo,441360.35628840746
2024,95,18,4,200101,20,2001,Callao,6,576.6681602975019,3460.0089617850117,37090.21357527024,515.1418552120866,434.88017266010814,248.83890867383747,0,0,No pobre,113292.27989369091
2023,226,7,2,250101,25,2501,Costa urbana,3,1073.4830822526644,3220.449246757993,30423.01864342865,845.0838512063515,474.10180766521825,224.64220652870247,0,0,No pobre,124425.93269904685
2022,6,15,1,150132,15,1501,Sierra rural,5,1197.7853472527502,5988.926736263751,31719.98100167662,528.6663500279436,447.9790180132539,207.29403800795453,0,0,No pobre,201522.54408417537
2022,214,6,2,250101,25,2501,Selva rural,6,564.6002197718066,3387.601318630839,20965.711317117475,291.19043495996493,425.6588786281849,251.12391460734185,1,0,Pobre no extremo,43181.84041327203
2021,206,16,4,210101,21,2101,Lima Metropolitana,3,1852.9423629416096,5558.827088824829,17137.004923167646,476.0279145324346,393.0141330507683,255.6249174612497,0,0,No pobre,42905.41551687423
2021,67,8,4,050101,05,0501,Sierra rural,3,1158.8205937952052,3476.4617813856157,8816.741090114614,244.90947472540594,429.32153547574524,217.33540589115398,1,0,Pobre no extremo,36209.18838004806
2023,396,16,2,210101,21,2101,Lima Metropolitana,7,1100.3601182260784,7702.520827582549,30227.965301660734,359.8567297816754,424.1086972456066,209.57293706196145,1,0,Pobre no extremo,33620.258244886114
2023,100,16,4,050101,05,0501,Costa urbana,4,927.7129378956664,3710.8517515826657,69639.31464726337,1450.81905515132,457.8443274688702,236.94607360260252,0,0,No pobre,19683.11983148481
2025,12,3,1,040101,04,0401,Costa rural,3,210.33546186203503,631.0063855861051,27248.14834829023,756.8930096747285,421.3348640496548,214.58200106099426,0,0,No pobre,144734.9523638369
2021,237,17,4,040101,04,0401,Sierra rural,5,1776.5625354737135,8882.812677368567,13565.489126541068,226.09148544235114,411.8838074833333,226.191440334404,1,1,Pobre extremo,21445.254890033713
2025,322,9,4,250101,25,2501,Sierra urbana,3,702.2890302417566,2106.86709072527,30679.908466599725,852.2196796277701,388.9719682468821,254.41528540901953,0,0,No pobre,27380.712577126993
2024,258,3,1,010201,01,0102,Selva rural,2,1320.6746354897593,2641.3492709795187,100452.00925996597,4185.500385831915,384.65010639253666,215.37249302292122,0,0,No pobre,9658.22074913824
2025,399,7,2,250101,25,2501,Lima Metropolitana,4,1254.1237620430672,5016.495048172269,22390.199816712848,466.4624961815177,423.9134427522377,256.43814827830977,0,0,No pobre,83303.53359373526
2022,407,18,4,040101,04,0401,Selva urbana,4,1210.524968230601,4842.099872922404,8840.114787908187,184.16905808142056,414.68619795021846,247.18139914714172,1,1,Pobre extremo,178544.58552041353
2025,413,12,2,200101,20,2001,Costa rural,5,1098.8531838220097,5494.265919110048,32788.52165052859,546.4753608421432,435.53241695128594,215.38081046165306,0,0,No pobre,3901.164975725399
2023,337,19,1,200101,20,2001,Costa rural,4,444.7356835195234,1778.9427340780935,45736.09369351156,952.8352852814909,451.1928437115068,236.84832207322583,0,0,No pobre,170694.49122886252
2024,480,16,2,010201,01,0102,Selva urbana,5,633.1509079911345,3165.754539955673,58717.82524959091,978.6304208265152,384.0006813573803,242.9849533754387,0,0,No pobre,75974.43084001291
2022,135,17,2,010201,01,0102,Selva urbana,3,1095.9573354135703,3287.872006240711,50387.74663149225,1399.6596286525626,429.6217109702815,214.01932264695503,0,0,No pobre,129367.9623346035
2025,222,15,3,010201,01,0102,Sierra rural,4,1599.7506580341594,6399.002632136638,31240.83978579692,650.8508288707692,466.197189418198,210.14645350687618,0,0,No pobre,52754.274228809176
2024,156,1,3,250101,25,2501,Costa urbana,3,920.7790442357954,2762.337132707386,12703.282304667488,352.8689529074302,425.51665861403285,237.18175540983853,1,0,Pobre no extremo,66204.62171699526
2024,142,2,4,150132,15,1501,Costa urbana,3,487.4528507876486,1462.3585523629458,11103.9376005187,308.44271112551945,432.1242210950774,248.56888162949627,1,0,Pobre no extremo,50624.341608481875
2022,428,8,3,150101,15,1501,Sierra urbana,6,267.0944071303093,1602.566442781856,19844.6143292774,275.6196434621861,428.6791840716676,232.55481880500838,1,0,Pobre no extremo,13369.321856361074
2025,158,2,3,010101,01,0101,Selva rural,3,1359.720906638646,4079.1627199159384,46804.27922056383,1300.1188672378842,418.97929184834106,204.90274739723444,0,0,No pobre,32173.61013785517
2024,465,19,3,010201,01,0102,Lima Metropolitana,5,904.3459441802127,4521.729720901063,14980.475684587655,249.67459474312759,391.01195239233726,264.76488946877583,1,1,Pobre extremo,22254.29910547281
2024,416,9,2,010101,01,0101,Costa urbana,3,338.2046959830196,1014.6140879490588,17299.528594878197,480.5424609688388,392.63562156825265,248.64758120981574,0,0,No pobre,107569.58882980412
2021,494,9,2,150132,15,1501,Callao,1,1381.4870719752691,1381.4870719752691,12126.487549959576,1010.540629163298,397.9089241737693,243.48374000508264,0,0,No pobre,27737.523100738086
2024,326,13,3,150101,15,1501,Sierra urbana,2,494.399588623309,988.799177246618,109613.45275718073,4567.227198215864,459.2564640897655,245.0538908351474,0,0,No pobre,59194.66991550412
2021,371,6,1,010201,01,0102,Sierra urbana,5,1067.1304917769864,5335.6524588849325,22028.897737066938,367.1482956177823,407.5332300561713,227.90239206356486,1,0,Pobre no extremo,12234.911643854966
2025,344,15,3,010201,01,0102,Costa rural,3,681.7571526460349,2045.2714579381047,49240.596861329424,1367.7943572591507,474.81237817754106,268.9080349514271,0,0,No pobre,229325.3122282728
2025,262,19,1,010201,01,0102,Costa rural,4,1870.2111224246007,7480.844489698403,111554.21191760211,2324.0460816167106,461.0170166536629,209.28754482029584,0,0,No pobre,47149.41591986559
2025,283,15,2,200101,20,2001,Selva rural,4,533.7473259152147,2134.9893036608587,11424.262268692164,238.00546393108675,448.4540668198681,251.73989642382585,1,1,Pobre extremo,9379.744324549247
2023,338,18,1,150132,15,1501,Sierra rural,3,897.8451909298541,2693.535572789562,53267.43961026034,1479.6511002850095,452.039362939574,229.4613172186969,0,0,No pobre,99734.42278551994
2025,344,7,2,010101,01,0101,Callao,4,1923.037833973211,7692.151335892844,24739.806078594087,515.4126266373768,384.7632208678351,261.6767233325688,0,0,No pobre,46673.633646322596
2024,229,11,1,050101,05,0501,Selva urbana,3,705.5778418827992,2116.7335256483975,95330.856232569,2648.079339793583,436.8389366986545,250.20828919519334,0,0,No pobre,80110.56250773111
2022,376,8,2,050101,05,0501,Selva urbana,6,1324.7270097209002,7948.362058325401,13186.038263294564,183.1394203235356,474.105690992173,239.35765563517845,1,1,Pobre extremo,846743.3505091559
2021,280,6,2,150132,15,1501,Selva rural,3,701.7813830420179,2105.3441491260537,32625.645081420826,906.2679189283563,383.9110183392509,265.63855440717265,0,0,No pobre,114199.95127573783
2023,358,8,3,010201,01,0102,Sierra urbana,2,310.2824603227731,620.5649206455462,47617.364837269,1984.0568682195417,409.101651851354,263.8710352657816,0,0,No pobre,108444.96162953853
2025,290,2,4,050101,05,0501,Selva rural,3,1292.3397421001564,3877.019226300469,14529.118266901916,403.5866185250532,385.1511492133935,203.6633797166572,0,0,No pobre,25456.901539677932
2025,168,19,4,010101,01,0101,Selva urbana,4,1840.4599170421468,7361.839668168587,22317.355884747984,464.944914265583,436.97415778661656,213.48116327175748,0,0,No pobre,40428.033394153026
2022,47,16,2,050101,05,0501,Sierra urbana,4,959.8728677447745,3839.491470979098,23703.42347127453,493.8213223182194,391.6200627170529,247.3232609433205,0,0,No pobre,25425.908306563168
2022,463,7,3,010101,01,0101,Selva urbana,6,1289.7354311156876,7738.412586694125,72000.56812852799,1000.0078906739998,427.9250156224399,264.5287598554259,0,0,No pobre,9795.082842900132
2023,203,10,4,010201,01,0102,Sierra rural,6,1256.9069851875838,7541.441911125503,198030.57726135835,2750.424684185533,451.99494367875445,230.12310017745997,0,0,No pobre,23645.16213918741
2021,214,12,4,010201,01,0102,Costa rural,3,888.6704349929643,2666.011304978893,111214.04556161471,3089.2790433781865,396.4438534935468,202.68136717522856,0,0,No pobre,113009.53505823194
2025,246,17,3,250101,25,2501,Costa rural,4,1268.3036136529881,5073.2144546119525,98155.97827375167,2044.916214036493,455.53644370782706,245.0308081986026,0,0,No pobre,53210.64679664393
2023,24,7,3,040101,04,0401,Sierra urbana,5,592.7043603960472,2963.521801980236,621.7059590616043,10.361765984360071,386.02044619498986,213.62808980688004,1,1,Pobre extremo,11309.642594331788
2024,321,8,4,200101,20,2001,Selva rural,6,818.272018745799,4909.632112474794,30315.613912498768,421.05019322914956,394.96244802569964,238.66252133216787,0,0,No pobre,32602.507898359956
2024,274,7,4,150101,15,1501,Selva urbana,3,940.4058270885128,2821.2174812655385,28497.256489779946,791.590458049443,408.01103631822235,226.92782810371872,0,0,No pobre,16554.629712046866
2023,44,4,1,150101,15,1501,Costa urbana,3,1741.616498768713,5224.8494963061385,55305.78827764877,1536.2718966013547,459.6099067412087,239.0618927371422,0,0,No pobre,57884.939336185074
2025,332,3,1,210101,21,2101,Sierra rural,6,761.8325001831844,4570.995001099106,7355.7510444349355,102.16320895048521,465.0136889123401,265.270542362438,1,1,Pobre extremo,18322.20880434492
2023,313,19,2,200101,20,2001,Selva urbana,3,1306.7603914200702,3920.2811742602107,51676.00899249816,1435.44469423606,402.03798143662374,234.00604133100805,0,0,No pobre,20847.7591615788
2025,363,15,4,010201,01,0102,Lima Metropolitana,4,505.4672910959075,2021.86916438363,4118.311603830878,85.7981584131433,389.5783825525496,202.41701766404861,1,1,Pobre extremo,10041.466628317554
2022,156,4,3,150101,15,1501,Costa urbana,6,579.8824852024608,3479.2949112147644,67825.72897319822,942.0240135166418,464.79537823472515,240.66425903956107,0,0,No pobre,191879.73990951577
2023,488,9,3,010101,01,0101,Sierra rural,5,1332.0148633739575,6660.074316869787,6102.571620648824,101.70952701081373,444.9367437522107,222.80218711227226,1,1,Pobre extremo,34466.03684104215
2025,380,13,4,210101,21,2101,Sierra rural,3,1548.388861996547,4645.16658598964,81015.33399172686,2250.425944214635,395.78554363986814,254.46944190770637,0,0,No pobre,32426.861427260577
2023,199,18,2,050101,05,0501,Costa rural,3,978.0226353999349,2934.0679061998044,77444.46218629259,2151.2350607303497,435.7716785150752,232.8949929206273,0,0,No pobre,50699.58809671948
2023,407,16,3,050101,05,0501,Sierra urbana,3,736.6894238777564,2210.0682716332694,19922.817930093635,553.4116091692676,467.2371432885535,251.89595164821495,0,0,No pobre,54529.4837728425
2025,469,1,4,210101,21,2101,Selva urbana,6,1829.5159562713177,10977.095737627906,39915.844271693946,554.3867259957492,386.9514942051763,263.61746967438194,0,0,No pobre,18300.572331920812
2025,162,4,4,040101,04,0401,Sierra rural,7,358.03484859318115,2506.243940152268,26825.87627705058,319.35566996488785,388.37212336482804,225.35917938907156,1,0,Pobre no extremo,46003.51018933932
2021,395,18,2,130101,13,1301,Selva urbana,5,1469.3570515337594,7346.785257668797,7109.536822481578,118.49228037469297,407.3607760662568,269.25645386735624,1,1,Pobre extremo,39820.11352538565
2023,470,8,4,010101,01,0101,Sierra rural,4,1411.3244245194956,5645.297698077982,44643.52575196902,930.0734531660213,445.22623255986565,210.48690061578495,0,0,No pobre,100877.48195569919
2024,234,16,3,150101,15,1501,Selva rural,1,1411.465809182809,1411.465809182809,78317.85122123352,6526.48760176946,397.80085094705987,245.0752177325232,0,0,No pobre,77021.73541571124
2023,163,11,1,040101,04,0401,Callao,4,1877.2988444046962,7509.195377618785,20126.190348004104,419.2956322500855,461.6367204317164,202.43373221918714,1,0,Pobre no extremo,35975.919443005805
2023,116,19,2,010101,01,0101,Costa rural,3,1483.5615718635052,4450.684715590515,47800.65283761001,1327.7959121558335,455.043017679496,214.91396660957952,0,0,No pobre,37203.54440866545
2025,93,19,4,250101,25,2501,Sierra urbana,4,672.9738598782097,2691.895439512839,12218.047441829935,254.54265503812363,436.10048536279805,244.36450140196027,1,0,Pobre no extremo,29369.665048483756
2023,42,18,2,150101,15,1501,Costa urbana,4,771.4775260413876,3085.9101041655504,61470.480904737335,1280.6350188486945,391.6067704370343,203.23342176927676,0,0,No pobre,40491.219922117314
2023,284,19,4,250101,25,2501,Costa urbana,4,843.1108490797992,3372.443396319197,27150.551752501226,565.6364948437755,478.82198283121977,207.1250959701851,0,0,No pobre,35152.22037567859
2024,379,11,1,010201,01,0102,Selva rural,6,158.5364807864015,951.2188847184091,26544.370884478238,368.6718178399755,429.0033629562825,220.370741644065,1,0,Pobre no extremo,42566.13816205194
2025,210,3,2,200101,20,2001,Lima Metropolitana,1,1835.6695992756884,1835.6695992756884,41038.28212173048,3419.85684347754,425.207314786728,240.29459951875756,0,0,No pobre,8366.281110839327
2023,206,8,4,010201,01,0102,Costa rural,5,239.7499473431274,1198.749736715637,106538.0847613526,1775.6347460225434,479.55690796673156,201.11877887738044,0,0,No pobre,19147.44642633871
2022,466,19,1,050101,05,0501,Sierra rural,3,1429.6091359851962,4288.827407955589,43211.632135248314,1200.3231148680088,466.3868263471336,233.76479803044685,0,0,No pobre,152775.66075793045
2021,220,10,3,040101,04,0401,Costa rural,5,1487.3059092022922,7436.529546011461,10157.529817381443,169.29216362302404,425.63677340314814,243.80206241215734,1,1,Pobre extremo,18781.976175277458
2024,280,16,4,210101,21,2101,Sierra urbana,4,1703.0585961980253,6812.234384792101,14096.291399216567,293.6727374836785,421.88029859362723,228.17659521826306,1,0,Pobre no extremo,31600.03300758629
2023,136,5,1,010201,01,0102,Callao,1,1151.3882856314929,1151.3882856314929,25216.239407809473,2101.3532839841228,389.5909382566986,204.73478652352352,0,0,No pobre,44851.22341570198
2022,106,9,1,040101,04,0401,Costa urbana,3,1478.00240532742,4434.00721598226,42047.77661314942,1167.993794809706,472.65117463890795,242.76122446374947,0,0,No pobre,30580.23816071118
2023,118,8,2,150132,15,1501,Selva urbana,2,675.173556485307,1350.347112970614,9456.855302476804,394.0356376032002,464.3774847719198,242.40847778401272,1,0,Pobre no extremo,20639.3967409261
2023,237,11,4,050101,05,0501,Costa urbana,2,1516.609620734301,3033.219241468602,36841.58147711568,1535.06589487982,411.0002492879911,235.42296485241522,0,0,No pobre,91187.07937400616
2025,309,16,3,150101,15,1501,Lima Metropolitana,5,752.4899007975832,3762.449503987916,59887.993819000396,998.1332303166732,455.33212875687775,248.5201832916878,0,0,No pobre,12873.459061144427
2025,456,7,4,040101,04,0401,Lima Metropolitana,3,1815.3931090107226,5446.179327032168,17150.55335000929,476.4042597224803,456.2729426273924,214.5461213207299,0,0,No pobre,4634.776192595372
2025,388,15,1,010101,01,0101,Lima Metropolitana,4,410.4254347561273,1641.7017390245092,158556.0205019837,3303.2504271246603,402.7910717226615,247.49785196453905,0,0,No pobre,131758.21659203654
2022,475,17,3,150101,15,1501,Lima Metropolitana,3,699.9388902805117,2099.816670841535,13789.134334521199,383.0315092922555,441.3655469938683,211.30183177551768,1,0,Pobre no extremo,9997.245152746726
2023,100,6,1,050101,05,0501,Sierra urbana,4,1047.6619579547482,4190.647831818993,32252.48607769202,671.9267932852505,405.50288034122116,227.48855417243507,0,0,No pobre,74924.02897535129
2021,261,15,2,010201,01,0102,Sierra rural,5,1574.116058581386,7870.58029290693,4106.396556196618,68.43994260327696,458.9886051935911,204.72966523950186,1,1,Pobre extremo,24643.833875381635
2024,481,8,4,150132,15,1501,Costa rural,3,1522.7182996957606,4568.154899087282,20229.730200625538,561.936950017376,395.3809702482914,257.3389132456145,0,0,No pobre,163122.42528969483
2025,305,7,1,250101,25,2501,Costa urbana,4,500.3620612165566,2001.4482448662263,23530.27615879797,490.21408664162436,446.89059986872775,237.67633947104585,0,0,No pobre,28339.768106023173
2025,354,2,1,130101,13,1301,Lima Metropolitana,5,374.0478235624131,1870.2391178120656,18305.094738339172,305.0849123056529,412.60117116517614,267.9734441654582,1,0,Pobre no extremo,21133.286546844567
2023,286,13,4,150101,15,1501,Costa urbana,2,677.5422481587867,1355.0844963175734,13857.98900321653,577.4162084673554,383.61820575352687,265.96286207539566,0,0,No pobre,88220.81900973432
2023,328,6,3,150101,15,1501,Lima Metropolitana,5,1019.1328881842148,5095.664440921074,16889.432582484118,281.49054304140196,392.3704644210893,269.89927953622964,1,0,Pobre no extremo,125463.86861763522
2022,103,5,1,210101,21,2101,Selva urbana,3,1124.1095851689263,3372.328755506779,47585.228856237896,1321.811912673275,445.4899138183594,207.08863191975678,0,0,No pobre,183437.67349696349
2022,63,1,4,010201,01,0102,Costa rural,2,915.3614228150303,1830.7228456300606,4786.398729117729,199.43328037990537,403.99143032219825,242.46062649756635,1,1,Pobre extremo,2945.478118868207
2025,175,18,2,150101,15,1501,Selva urbana,4,1359.8712216312133,5439.484886524853,5042.686158428959,105.05596163393665,443.10353725846716,228.53026481439124,1,1,Pobre extremo,5014.396113169286
2023,282,15,2,210101,21,2101,Selva urbana,3,912.3619928347516,2737.085978504255,17285.618434549007,480.15606762636133,421.4822166001287,237.2865211182537,0,0,No pobre,12220.639567002752
2021,441,10,4,050101,05,0501,Lima Metropolitana,5,1898.0251188837099,9490.125594418549,24104.157180352217,401.7359530058703,449.27134638762465,221.61371562023228,1,0,Pobre no extremo,11875.88318649114
2024,293,3,1,150101,15,1501,Callao,1,595.8408111649184,595.8408111649184,13301.499129582246,1108.4582607985205,429.294862218548,203.36481866409008,0,0,No pobre,22177.5623081376
2023,226,5,4,150132,15,1501,Sierra rural,2,1292.00702927318,2584.01405854636,28479.23153369216,1186.6346472371733,410.8547097161171,249.54251887248964,0,0,No pobre,38206.84643703663
2023,7,13,4,010101,01,0101,Costa urbana,4,1261.6180834542504,5046.4723338170015,47013.38831127508,979.4455898182308,394.5819179857602,267.60719516832194,0,0,No pobre,43981.832617346954
2022,127,8,1,130101,13,1301,Callao,4,634.9919715763397,2539.9678863053587,64920.92394316128,1352.51924881586,414.109825242128,237.26672782590836,0,0,No pobre,63184.45107586775
2024,424,2,3,050101,05,0501,Selva rural,5,882.2064865766519,4411.032432883259,88514.51656993915,1475.2419428323192,443.4894077926753,223.07059653233267,0,0,No pobre,18077.195234828152
2025,92,9,3,250101,25,2501,Costa rural,3,794.3998769359446,2383.1996308078337,8168.6044788627305,226.90567996840917,454.04735051974353,265.6794774112381,1,1,Pobre extremo,33188.661599134975
2023,423,17,2,010201,01,0102,Callao,5,427.7482140389297,2138.7410701946483,13437.471699755026,223.95786166258375,396.03396748399905,225.52665706323992,1,1,Pobre extremo,34112.430870190154
2025,190,18,3,010201,01,0102,Sierra rural,7,1006.8609039999335,7048.026327999534,12216.499154766372,145.43451374721872,446.4272408888117,264.01704349182677,1,1,Pobre extremo,36933.408933305436
2023,359,13,4,010201,01,0102,Selva rural,4,834.6582807414987,3338.633122965995,66830.09876254835,1392.2937242197575,397.92795096515124,259.8983598377549,0,0,No pobre,21904.52794037775
2025,476,1,1,150132,15,1501,Sierra rural,5,438.8029841276028,2194.0149206380142,15223.4060173967,253.7234336232783,402.18193434899837,237.0097704024119,1,0,Pobre no extremo,44923.61308113718
2024,462,12,2,050101,05,0501,Callao,4,954.7720862937468,3819.0883451749874,35466.691330149384,738.8894027114455,433.1317240280015,247.38108666679202,0,0,No pobre,12870.534015556941
2022,53,5,3,150101,15,1501,Lima Metropolitana,2,901.5035396916044,1803.0070793832087,7529.067271264113,313.7111363026714,408.92023019760745,249.02222105309275,1,0,Pobre no extremo,202917.94315679464
2024,242,8,4,150132,15,1501,Lima Metropolitana,3,349.59478755297346,1048.7843626589204,15073.858732877803,418.71829813549454,446.15954412364863,244.87641935190803,1,0,Pobre no extremo,15079.9920097812
2021,486,15,2,210101,21,2101,Sierra rural,2,349.2563296442206,698.5126592884412,12001.85660272774,500.07735844698914,475.57766242415386,211.2524968480371,0,0,No pobre,53926.54715558141
2022,132,3,1,010201,01,0102,Callao,7,1330.2640217068251,9311.848151947775,49765.19693342101,592.4428206359644,394.8892201337394,248.49433481947744,0,0,No pobre,26252.673725316617
2024,490,6,3,250101,25,2501,Sierra urbana,3,1442.5035289624975,4327.5105868874925,8760.271315298158,243.34086986939326,437.0510832309417,200.22526588781787,1,0,Pobre no extremo,22213.669342918238
2021,466,13,4,210101,21,2101,Sierra urbana,4,1888.242797826919,7552.971191307676,134077.9433399993,2793.2904862499854,472.3299182673193,249.7025772865484,0,0,No pobre,8005.997294402706
2023,364,12,1,130101,13,1301,Sierra rural,3,265.30891187608967,795.926735628269,32662.965255381965,907.3045904272768,397.6528976651612,238.83852942376404,0,0,No pobre,21125.436890207515
2023,112,19,4,150101,15,1501,Sierra urbana,4,323.9368355186816,1295.7473420747265,13969.027022233295,291.021396296527,416.6850903384858,218.18322954999869,1,0,Pobre no extremo,28501.36703230008
2025,409,18,4,150101,15,1501,Costa rural,3,198.45444408903091,595.3633322670928,36576.920958971794,1016.025582193661,392.3616834989787,256.2635041320694,0,0,No pobre,20357.303483441356
2022,7,1,4,040101,04,0401,Costa urbana,5,1111.2340184381671,5556.170092190836,12934.905800072667,215.58176333454446,444.2037718313948,228.36952572135647,1,1,Pobre extremo,71321.34660626725
2023,230,7,1,250101,25,2501,Selva rural,2,1283.2185671609304,2566.437134321861,10341.234230993537,430.88475962473075,446.91429276947014,234.00440292312928,1,0,Pobre no extremo,193203.84711029846
2022,156,12,2,150132,15,1501,Lima Metropolitana,6,866.6945586710996,5200.167352026598,50435.51885416308,700.4933174189316,446.4182319435637,201.93721884069942,0,0,No pobre,33834.40765843122
2023,197,10,4,150132,15,1501,Costa rural,5,1616.0142198261522,8080.071099130761,92229.391233257,1537.1565205542834,434.2127048363345,228.09237800365682,0,0,No pobre,60577.792258476366
2025,323,12,2,200101,20,2001,Costa urbana,4,1404.7289284072203,5618.915713628881,37906.9543423504,789.7282154656333,454.6260867797772,211.7153954738212,0,0,No pobre,125386.8911941657
2024,364,11,2,130101,13,1301,Sierra urbana,2,1973.096799799034,3946.193599598068,8901.879721871006,370.9116550779586,383.587729637998,219.33003182843206,1,0,Pobre no extremo,12459.90804870162
2025,223,4,3,010201,01,0102,Selva rural,3,362.00046826938944,1086.0014048081684,12906.203727637949,358.5056591010541,475.7513487445306,217.64976490807175,1,0,Pobre no extremo,213824.38312777499
2021,367,19,3,040101,04,0401,Costa rural,6,210.79976225075256,1264.7985735045154,106524.88355224644,1479.5122715589782,402.20962079293537,203.22145556138656,0,0,No pobre,9707.638065679135
2023,490,6,2,210101,21,2101,Selva urbana,2,622.1270405818368,1244.2540811636736,54990.96322761037,2291.2901344837655,392.1561968691743,232.23461816733325,0,0,No pobre,36271.048578323105
2021,250,9,3,150101,15,1501,Lima Metropolitana,2,136.1953711020037,272.3907422040074,9752.129097652693,406.33871240219554,474.1136042941932,236.5814689190922,1,0,Pobre no extremo,71269.24358138311
2021,404,10,3,200101,20,2001,Sierra rural,4,1871.961712946374,7487.846851785496,14156.467694542054,294.9264103029595,463.0436916361583,239.97438400769218,1,0,Pobre no extremo,170340.18810094355
2022,83,5,2,200101,20,2001,Lima Metropolitana,3,677.5081515075333,2032.5244545225999,31846.599200833934,884.6277555787204,456.487041929168,232.35538393446484,0,0,No pobre,35945.14803230689
2023,240,13,1,130101,13,1301,Costa urbana,3,1149.6173172457718,3448.851951737315,23635.022324027595,656.5283978896555,390.47457089389815,260.86688258119517,0,0,No pobre,40268.941097211304
2021,380,9,3,010101,01,0101,Costa urbana,4,704.3323024696097,2817.3292098784386,176329.29510935608,3673.5269814449184,460.7529213676166,202.63758215760498,0,0,No pobre,185402.51452041825
2024,395,2,3,150101,15,1501,Selva urbana,3,567.0363817787646,1701.1091453362938,13926.72223158233,386.85339532173134,440.9023523009783,242.96660240552822,1,0,Pobre no extremo,8073.67383508057
2021,360,18,1,150132,15,1501,Selva urbana,2,389.49297555227196,778.9859511045439,46138.37522995894,1922.4323012482891,453.1908611011845,260.6292175748198,0,0,No pobre,13274.585904075228
2024,323,1,1,210101,21,2101,Sierra rural,4,708.6952486253576,2834.7809945014305,35157.33530759546,732.4444855749053,477.80702798183927,202.87281686386524,0,0,No pobre,10670.934073776323
2022,471,12,1,010201,01,0102,Sierra urbana,3,1269.2959677751517,3807.887903325455,6040.531610414264,167.79254473372956,399.4441177118,234.74148995969676,1,1,Pobre extremo,12274.108553912527
2021,263,10,2,010201,01,0102,Lima Metropolitana,5,1946.080279406303,9730.401397031514,3121.627758699101,52.027129311651684,430.438196081853,241.2319035017329,1,1,Pobre extremo,14408.657221173107
2025,407,2,1,250101,25,2501,Costa rural,2,1160.3748766975839,2320.7497533951678,19029.91973319373,792.9133222164054,455.3351946459115,213.36340247036745,0,0,No pobre,124590.59532402709
2022,189,9,2,010101,01,0101,Callao,4,1112.1472255881097,4448.588902352439,39205.51586619475,816.781580545724,423.3656350771698,217.67500761823294,0,0,No pobre,166080.1356660409
2024,455,2,4,130101,13,1301,Callao,3,166.99973439977904,500.9992031993371,112515.3312097431,3125.4258669373085,385.46530829182086,254.99153362803466,0,0,No pobre,53133.0015945548
2022,366,14,4,010201,01,0102,Costa rural,3,1696.1881297686161,5088.564389305849,13301.521709762159,369.48671416006,391.1438898875521,239.71784471966643,1,0,Pobre no extremo,96803.37531453003
2021,290,11,1,040101,04,0401,Costa rural,3,185.19861249538914,555.5958374861674,41238.98041992417,1145.5272338867826,440.2091972545623,222.1045088069444,0,0,No pobre,82246.69261373434
2023,362,11,1,010201,01,0102,Sierra urbana,1,1821.8413207966105,1821.8413207966105,20719.01236666207,1726.584363888506,408.50041463907564,253.53286555940892,0,0,No pobre,36379.660183615146
2023,403,17,4,050101,05,0501,Lima Metropolitana,5,1123.476278177764,5617.3813908888205,127343.69428522704,2122.394904753784,393.78406473025933,252.2700901942972,0,0,No pobre,91740.42106463644
2024,58,4,2,040101,04,0401,Lima Metropolitana,3,420.08654994466735,1260.2596498340022,25951.923786809548,720.8867718558208,413.98919975245826,224.17812497158724,0,0,No pobre,77437.1434981259
2024,9,13,2,210101,21,2101,Callao,4,958.2440448122716,3832.9761792490863,18108.293029569642,377.2561047827009,400.0980932044786,234.20533413144918,1,0,Pobre no extremo,69314.55549636991
2023,304,7,1,250101,25,2501,Sierra rural,6,1990.4705132980769,11942.82307978846,31362.88983890626,435.5956922070314,382.39394665747744,246.5163253476318,0,0,No pobre,39713.43904251405
2024,115,16,1,010201,01,0102,Costa rural,4,679.6574188837767,2718.629675535107,32002.00137193416,666.708361915295,395.1813988567166,224.0274452517411,0,0,No pobre,43798.93877496938
2022,210,1,1,150132,15,1501,Costa urbana,3,611.9735602422995,1835.9206807268986,94535.72053885995,2625.992237190554,468.3077960917673,244.0306587700824,0,0,No pobre,30651.106002426746
2025,41,13,4,040101,04,0401,Costa urbana,3,324.2112005807612,972.6336017422836,27026.398644760353,750.7332956877876,381.2037282502716,217.5751611512241,0,0,No pobre,6248.859454168721
2025,304,1,3,250101,25,2501,Costa urbana,6,1234.5704627025939,7407.422776215563,39627.41068368829,550.3807039401152,457.38503035940954,220.44145792417814,0,0,No pobre,34066.299562752996
2022,173,11,1,200101,20,2001,Selva urbana,4,269.5312981265295,1078.125192506118,6071.429294370999,126.48811029939581,455.34611058715836,221.74708503621108,1,1,Pobre extremo,38325.5624080704
2025,234,6,2,050101,05,0501,Selva urbana,4,1555.4153212277465,6221.661284910986,9510.665721277413,198.13886919327945,436.4237688358989,265.523833929086,1,1,Pobre extremo,14852.173051916183
2021,281,3,3,050101,05,0501,Sierra urbana,3,1846.5246772280602,5539.57403168418,19172.01359203913,532.5559331121981,400.84477657083704,258.3570499475355,0,0,No pobre,22487.860457566854
2022,372,12,2,210101,21,2101,Costa rural,5,1870.5551113094489,9352.775556547243,29536.40382759271,492.27339712654515,467.80592243002314,239.56161829124176,0,0,No pobre,73202.08108518252
2024,78,5,3,040101,04,0401,Selva urbana,5,305.0408804671318,1525.2044023356589,13554.81978336692,225.91366305611533,427.5075568793943,239.47105465880773,1,1,Pobre extremo,87265.42601428315
2022,108,9,4,150132,15,1501,Costa urbana,3,1160.6989349706407,3482.096804911922,34723.77515609827,964.5493098916187,397.32062290477353,203.93025654385997,0,0,No pobre,6902.211736236327
2023,281,12,3,010101,01,0101,Selva urbana,4,284.5087243141166,1138.0348972564664,16798.135717516197,349.96116078158747,422.90225924892263,245.4655644289358,1,0,Pobre no extremo,18106.802478882877
2024,403,10,2,150132,15,1501,Lima Metropolitana,3,1186.8306688201649,3560.492006460495,124053.54382832423,3445.931773009006,399.4917227744253,222.9683900129774,0,0,No pobre,80513.7264998611
2023,39,19,3,250101,25,2501,Costa urbana,1,1648.463111898204,1648.463111898204,22336.313271248437,1861.359439270703,417.60078411299247,242.86095534910558,0,0,No pobre,10251.082990361147
2024,119,5,4,010201,01,0102,Costa rural,5,1121.801308376241,5609.006541881205,39645.89129808384,660.764854968064,429.66877710101204,258.81636234398655,0,0,No pobre,31875.725212000383
2025,335,5,2,150101,15,1501,Lima Metropolitana,2,1756.902269602694,3513.804539205388,22105.210919284742,921.0504549701976,415.99008897020497,203.18488141019893,0,0,No pobre,10454.746171991208
2022,336,9,1,210101,21,2101,Sierra urbana,4,1623.1812742138175,6492.72509685527,24742.70292792635,515.4729776651324,445.7044274072701,242.49444523876517,0,0,No pobre,14922.284213296503
2021,27,17,3,150101,15,1501,Sierra rural,3,625.4418648858639,1876.3255946575916,43989.921740384394,1221.9422705662332,473.5917804088438,239.4940430196734,0,0,No pobre,51677.43709430878
2024,104,10,2,040101,04,0401,Sierra rural,3,1297.194337476639,3891.5830124299173,30460.618255811696,846.1282848836582,414.8149347646964,214.47365886606036,0,0,No pobre,68020.14731172108
2024,74,1,3,010101,01,0101,Lima Metropolitana,4,114.08304030464971,456.33216121859886,16822.47567791783,350.46824328995484,415.5739513836486,245.25030642752753,1,0,Pobre no extremo,103540.95729574078
2023,191,16,4,050101,05,0501,Costa urbana,7,852.4796402572423,5967.357481800696,36370.90086306652,432.98691503650616,453.83024706022655,238.83846637617037,1,0,Pobre no extremo,595156.2715695078
2025,324,15,2,050101,05,0501,Selva urbana,3,552.1243187901608,1656.3729563704824,23326.964605498506,647.9712390416252,433.05909315210846,253.71240868156227,0,0,No pobre,30044.81409915928
2023,499,17,1,200101,20,2001,Selva urbana,2,1880.5210572926237,3761.0421145852474,45449.70824355397,1893.7378434814154,422.8839439620741,207.74329977045446,0,0,No pobre,31616.098204666392
2023,147,13,1,250101,25,2501,Costa urbana,4,870.239122274004,3480.956489096016,75573.41963130343,1574.4462423188215,461.38081884565025,231.05251475928145,0,0,No pobre,130685.99539130196
2025,255,1,3,250101,25,2501,Callao,3,1342.722414002713,4028.1672420081395,65698.36147605207,1824.954485445891,469.1036067191411,269.8553053637721,0,0,No pobre,111992.66782423067
2021,284,8,4,150132,15,1501,Costa rural,2,1490.7650576198537,2981.5301152397074,10342.915698722065,430.95482078008604,439.05866060471834,248.24965937431293,1,0,Pobre no extremo,62606.2961388479
2023,213,5,4,250101,25,2501,Lima Metropolitana,2,1569.1038234948644,3138.207646989729,1761.906771091034,73.41278212879308,398.5103272755506,247.9008755845542,1,1,Pobre extremo,24705.259699387567
2023,123,6,3,150132,15,1501,Costa urbana,1,1497.9728648333048,1497.9728648333048,205224.25228026774,17102.021023355646,426.62858890019777,222.25097702466402,0,0,No pobre,76204.185765224
2024,495,14,2,150132,15,1501,Callao,3,649.413615876696,1948.240847630088,43137.875150887114,1198.2743097468642,430.4370662148134,206.5721672954828,0,0,No pobre,20150.93589459675
2025,206,11,2,010201,01,0102,Costa rural,3,1403.5286237855219,4210.585871356566,37782.158294744826,1049.5043970762451,423.2207357110859,266.46460626652146,0,0,No pobre,18778.048699471194
2022,417,6,3,210101,21,2101,Sierra urbana,2,1143.1180162983383,2286.2360325966765,14177.680422707486,590.7366842794786,406.2431878865384,207.38299820780156,0,0,No pobre,47909.13586230004
2021,240,11,2,150101,15,1501,Sierra urbana,5,1235.0080631152857,6175.040315576429,4251.244329781119,70.85407216301864,427.23218077238545,269.4894417423032,1,1,Pobre extremo,287474.9415281873
2021,394,13,2,010201,01,0102,Lima Metropolitana,2,101.54777288663426,203.09554577326853,4435.1792894524015,184.79913706051673,424.65461520976896,208.8046680695355,1,1,Pobre extremo,27331.679083974934
2025,339,12,2,010101,01,0101,Costa urbana,6,590.6894418104274,3544.1366508625642,19859.551661708127,275.82710641261286,400.94935239519384,211.96351439681496,1,0,Pobre no extremo,38510.08417970892
2024,286,2,3,010101,01,0101,Sierra urbana,4,1868.2990237597455,7473.196095038982,30875.763830586122,643.2450798038775,470.3430652336065,221.58568685350224,0,0,No pobre,7509.141329088168
2024,22,3,1,010101,01,0101,Selva urbana,1,651.144558280879,651.144558280879,122602.37905144064,10216.864920953387,468.5340950847468,235.86626354426767,0,0,No pobre,14689.28021940021
2025,259,4,4,050101,05,0501,Costa rural,7,932.2294922743209,6525.606445920246,33485.55845068608,398.63760060340576,455.961642845059,255.3281156477536,1,0,Pobre no extremo,52242.50051365983
2024,357,17,1,050101,05,0501,Sierra rural,3,454.68056617190797,1364.041698515724,49156.60804831919,1365.4613346755332,420.0946577612281,267.9705811354387,0,0,No pobre,58621.77718944183
2021,105,6,2,210101,21,2101,Callao,3,363.34484861701054,1090.0345458510317,16657.904134097742,462.71955928049283,417.03419078921354,225.11774166702028,0,0,No pobre,252798.56485370712
2021,466,7,3,010101,01,0101,Sierra rural,3,496.4710404135397,1489.4131212406191,17818.293106672907,494.95258629646963,451.64653773959645,201.42891652576114,0,0,No pobre,12747.261113479217
2022,459,15,4,040101,04,0401,Sierra urbana,5,1151.9299248472487,5759.649624236244,7143.9090219000545,119.0651503650009,440.8119235003069,243.16756660970623,1,1,Pobre extremo,41674.429433165584
2025,432,11,2,040101,04,0401,Callao,4,1846.1544376412055,7384.617750564822,8906.540671909888,185.55293066478933,440.05983239467577,249.75529028741389,1,1,Pobre extremo,23072.321262123165
2023,258,3,4,200101,20,2001,Costa rural,2,719.7784418027616,1439.5568836055231,8828.011985051127,367.83383271046364,392.41115274948567,227.82109508749667,1,0,Pobre no extremo,48262.06536331892
2023,204,6,4,010201,01,0102,Selva urbana,2,714.4751091951449,1428.9502183902898,19398.305528927598,808.2627303719833,441.82837802954487,212.84332342834963,0,0,No pobre,21263.378890392185
2022,310,2,1,150101,15,1501,Sierra rural,5,1171.8671150850498,5859.335575425249,6018.065727565094,100.30109545941824,470.1863011123366,221.42109163166262,1,1,Pobre extremo,6412.994603516668
2022,262,14,2,050101,05,0501,Selva urbana,3,777.811163616957,2333.433490850871,12963.001509141057,360.08337525391823,388.5816470670433,245.9059796523939,1,0,Pobre no extremo,68991.03611618515
2024,107,9,4,250101,25,2501,Selva urbana,2,1829.7904911695773,3659.5809823391546,25971.475330738755,1082.144805447448,413.91712990707873,234.59280088375777,0,0,No pobre,17290.40927117636
2022,251,18,1,150101,15,1501,Sierra rural,4,817.9112810202976,3271.6451240811903,3094.2153492975303,64.46281977703188,430.9014291447072,252.03968200565777,1,1,Pobre extremo,28743.600959999214
2022,424,19,3,130101,13,1301,Sierra rural,5,1031.8402797869874,5159.201398934937,102128.16138093104,1702.1360230155174,448.6009494831487,215.27191711663198,0,0,No pobre,38857.51563450043
2023,492,12,4,210101,21,2101,Callao,3,1113.4396395437807,3340.318918631342,133700.63364525247,3713.906490145902,388.9634929556251,258.93899328126014,0,0,No pobre,35394.714432204266
2024,221,13,2,210101,21,2101,Sierra urbana,3,1585.9288107478953,4757.786432243686,68163.20241011746,1893.4222891699294,467.2806193288844,210.9119442737707,0,0,No pobre,1863.2237415275756
2022,379,12,3,010101,01,0101,Callao,5,1171.421284888279,5857.106424441395,38280.359115737905,638.0059852622984,384.05456204081514,223.09408002387107,0,0,No pobre,7384.661269635104
2022,222,12,4,040101,04,0401,Lima Metropolitana,2,554.3946902799158,1108.7893805598317,36078.03627437471,1503.2515114322796,465.76896668072425,241.3845340898655,0,0,No pobre,27520.956336777544
2024,258,18,4,010101,01,0101,Costa rural,4,335.5756925900979,1342.3027703603916,43403.93688526887,904.2486851097682,382.7651755865255,251.58042341567287,0,0,No pobre,363512.33615382924
2025,201,9,2,150101,15,1501,Costa urbana,7,1881.7716387090315,13172.401470963221,29071.32034430283,346.08714695598604,395.3523304327356,218.6327029842816,1,0,Pobre no extremo,14283.05217762943
2024,367,17,4,040101,04,0401,Costa rural,5,1622.969689814304,8114.84844907152,31691.318109110787,528.1886351518465,460.03238271536736,266.36838148372885,0,0,No pobre,24983.132770825392
2023,258,16,2,010101,01,0101,Callao,2,143.6338995489399,287.2677990978798,6033.0750992856365,251.37812913690152,466.0164437203778,249.42778982378476,1,0,Pobre no extremo,139410.39706549194
2025,349,17,2,150101,15,1501,Costa urbana,3,1660.9050702147404,4982.715210644221,29868.012843821365,829.6670234394824,478.2265829286226,215.23725222312385,0,0,No pobre,73439.98741678684
2021,225,8,2,130101,13,1301,Callao,2,1222.1358084190606,2444.271616838121,42141.402074557096,1755.8917531065456,391.57148283436754,250.8035874939999,0,0,No pobre,55463.48298289332
2024,202,11,2,200101,20,2001,Sierra rural,6,1085.8990465663924,6515.394279398354,36478.16767474646,506.64121770481194,432.6451116090632,248.7433586302524,0,0,No pobre,40998.63234841491
2023,226,2,4,010201,01,0102,Selva urbana,7,123.23544014476194,862.6480810133336,75604.43357104676,900.0527806076994,387.7155826539691,252.68788502680914,0,0,No pobre,5412.763028676273
2025,236,8,3,200101,20,2001,Costa rural,3,1583.6417071303888,4750.925121391167,100950.21709825362,2804.1726971737116,395.64076259638495,264.1116507308505,0,0,No pobre,7479.908858468327
2024,183,12,3,130101,13,1301,Callao,4,476.3235270583752,1905.2941082335008,16767.17190515858,349.3160813574704,397.4493857906363,249.82020297654395,1,0,Pobre no extremo,14538.371726237117
2022,200,1,1,200101,20,2001,Selva urbana,5,1483.16430506875,7415.82152534375,9693.888581595633,161.56480969326054,386.3388251459086,224.6337205018875,1,1,Pobre extremo,24363.732357273235
2024,357,13,2,250101,25,2501,Costa rural,3,130.14966999505282,390.44900998515845,83304.07803244486,2314.0021675679127,469.2979805928337,255.33622344226933,0,0,No pobre,121387.27731977271
2021,246,17,4,050101,05,0501,Lima Metropolitana,2,1613.0719343657538,3226.1438687315076,48958.737185417165,2039.9473827257152,392.635551801436,248.71032304616048,0,0,No pobre,37510.217852221074
2024,444,14,4,050101,05,0501,Selva rural,1,143.77498987457707,143.77498987457707,16067.392517639584,1338.9493764699653,442.93408430123236,240.19814301010044,0,0,No pobre,19218.475214288133
2025,353,14,1,250101,25,2501,Costa rural,3,548.1965177377862,1644.5895532133586,22003.839844967337,611.2177734713149,442.5747064563141,224.76830253311581,0,0,No pobre,27427.393668914727
2025,111,16,3,050101,05,0501,Selva urbana,6,609.7286037741555,3658.3716226449333,20464.288413971743,284.22622797182976,399.8645205366212,264.47344234857957,1,0,Pobre no extremo,143557.89096945067
2024,6,17,4,150101,15,1501,Selva rural,6,399.26641240316013,2395.598474418961,34328.86807642592,476.7898343948044,479.84112612357814,235.89283199267115,1,0,Pobre no extremo,41256.977448349775
2025,236,6,1,050101,05,0501,Sierra urbana,2,1014.0105727712012,2028.0211455424023,98025.9656779175,4084.415236579896,414.7367773195886,243.96723639260645,0,0,No pobre,70793.49526645076
2022,127,7,3,210101,21,2101,Lima Metropolitana,3,639.0071232717469,1917.0213698152406,12015.7331135714,333.7703642658722,470.50943709633947,229.0754161619092,1,0,Pobre no extremo,22379.48334924191
2024,104,1,4,210101,21,2101,Sierra rural,3,1987.2471538817877,5961.7414616453625,35009.57574390389,972.4882151084415,474.8284732253745,254.65707161703503,0,0,No pobre,5284.177067784236
2022,237,15,2,040101,04,0401,Sierra urbana,5,1201.940707394334,6009.70353697167,33873.33545614759,564.5555909357932,474.89888142996966,223.8727654470974,0,0,No pobre,69844.08689292238
2022,403,18,1,150132,15,1501,Callao,4,1176.3078676030568,4705.231470412227,4499.604603333014,93.7417625694378,455.2837587601723,256.7444074056266,1,1,Pobre extremo,50150.002279703374
2023,480,13,4,130101,13,1301,Sierra urbana,4,519.6522972022649,2078.6091888090596,256363.71531164477,5340.910735659266,405.3805005311983,207.55590000701065,0,0,No pobre,95558.89747117081
2024,155,2,1,210101,21,2101,Costa rural,4,876.5099335583316,3506.0397342333263,32483.725492655736,676.7442810969945,392.0655351810258,249.6273325887212,0,0,No pobre,39501.48168821277
2025,257,19,1,010201,01,0102,Sierra rural,2,335.55818928400004,671.1163785680001,76182.2044404236,3174.258518350983,436.98849771542217,233.38175044617515,0,0,No pobre,408354.25599665346
2022,235,15,1,040101,04,0401,Lima Metropolitana,4,1548.8055792757339,6195.222317102935,6272.473289053801,130.6765268552875,416.00391310970105,248.91274940453357,1,1,Pobre extremo,14158.122893349746
2023,289,12,2,250101,25,2501,Selva rural,7,729.2025676916062,5104.417973841243,152431.56359516166,1814.661471370972,463.1039011819224,237.19769501326675,0,0,No pobre,12242.117724306529
2024,40,15,3,130101,13,1301,Costa rural,2,1528.7350834470997,3057.4701668941993,19591.197777898065,816.2999074124194,454.49900526167517,209.40144293925215,0,0,No pobre,30226.01229193379
2024,288,18,3,130101,13,1301,Callao,4,806.2223998660033,3224.8895994640134,3384.6180939119618,70.5128769564992,407.64682961734115,233.38940797852976,1,1,Pobre extremo,27037.699619226732
2021,197,14,4,250101,25,2501,Costa urbana,3,1978.6387562182065,5935.91626865462,7479.6493298042415,207.76803693900672,381.70152336897286,267.5191279465282,1,1,Pobre extremo,29878.414152158257
2021,273,6,2,150132,15,1501,Costa rural,4,425.13108228378144,1700.5243291351258,8903.683260712081,185.49340126483503,403.73157589509117,252.8388420865752,1,1,Pobre extremo,32917.879919468876
2022,382,12,3,200101,20,2001,Selva rural,4,102.89539837832946,411.58159351331784,13412.54716225944,279.428065880405,436.71155842422667,221.0132497415013,1,0,Pobre no extremo,26334.04356288858
2021,264,6,4,200101,20,2001,Selva urbana,4,1230.168528618933,4920.674114475732,8426.734249258527,175.5569635262193,387.8997472212594,266.0879903534792,1,1,Pobre extremo,21054.88304580276
2022,57,9,4,010101,01,0101,Callao,6,1910.6110801668924,11463.666481001354,55793.14163709819,774.904744959697,445.8272599716615,254.52623940323753,0,0,No pobre,13485.350948227571
2025,298,4,1,010101,01,0101,Lima Metropolitana,3,1329.4027043213607,3988.208112964082,31606.383079022537,877.9550855284037,447.16962847723,225.5112984754711,0,0,No pobre,63328.41414595507
2022,98,17,2,040101,04,0401,Lima Metropolitana,4,262.8746932215438,1051.4987728861752,42622.95203887114,887.9781674764821,396.9393922359879,242.25017760433295,0,0,No pobre,119582.0306067246
2021,137,2,3,010101,01,0101,Costa rural,1,1126.9127266858284,1126.9127266858284,39617.95299252759,3301.496082710633,439.6318234085431,229.86799228254728,0,0,No pobre,979471.8611673943
2025,376,16,2,010101,01,0101,Costa urbana,5,1828.025178661682,9140.12589330841,21578.302270455402,359.6383711742567,440.6971427961234,206.76832757243744,1,0,Pobre no extremo,52518.369632684684
2021,87,14,2,250101,25,2501,Costa rural,3,112.36152897202419,337.08458691607257,6611.307828113465,183.64743966981848,427.7978146354054,256.42205844532765,1,1,Pobre extremo,112294.39818303604
2022,419,8,3,200101,20,2001,Callao,5,417.1332043918177,2085.6660219590885,6903.813475763137,115.06355792938561,475.3245807528874,213.3754687589265,1,1,Pobre extremo,45113.387154922544
2023,242,14,3,010101,01,0101,Selva rural,3,1647.6669565949712,4943.000869784913,7172.907166968391,199.24742130467752,390.81631802985,232.06268073113316,1,1,Pobre extremo,73583.08895752877
2024,199,2,2,210101,21,2101,Lima Metropolitana,1,1798.4235024972174,1798.4235024972174,10069.141649946343,839.0951374955285,420.662566870292,249.18466846220048,0,0,No pobre,33789.85498942228
2021,463,16,4,010201,01,0102,Costa urbana,2,1443.6051796497147,2887.2103592994295,123509.94247879327,5146.247603283053,468.2920772253161,265.25495821788064,0,0,No pobre,27211.31673296436
2022,437,4,2,210101,21,2101,Sierra rural,7,1983.9643109156596,13887.750176409616,7000.585389427008,83.34030225508343,418.63140174596094,204.3908263312944,1,1,Pobre extremo,28651.28862344884
2025,310,1,3,150132,15,1501,Selva rural,3,271.41026621448174,814.2307986434453,101757.84051640367,2826.606681011213,422.4639609005335,227.52634897488264,0,0,No pobre,241975.26983815263
2021,84,14,2,210101,21,2101,Lima Metropolitana,2,1136.7853800894645,2273.570760178929,10417.480426878798,434.06168445328325,446.8273880436953,243.02534074204488,1,0,Pobre no extremo,215950.58281911386
2021,242,8,3,040101,04,0401,Costa rural,2,1401.4899730304137,2802.9799460608274,7945.438775768666,331.0599489903611,446.5563549579582,254.55165138163616,1,0,Pobre no extremo,15714.425917177692
2024,281,3,4,010101,01,0101,Lima Metropolitana,3,1435.024968701267,4305.0749061038005,39317.0329881828,1092.1398052273,382.2901958438765,264.4651823270351,0,0,No pobre,59878.35372182471
2022,323,5,2,010101,01,0101,Costa urbana,1,1607.620769153947,1607.620769153947,84162.68759586003,7013.557299655003,425.5697426112954,200.0348120537186,0,0,No pobre,27945.426409294265
2023,252,6,4,250101,25,2501,Callao,4,1843.489485688828,7373.957942755312,6236.289637854364,129.92270078863257,413.3511844698409,243.94343678891443,1,1,Pobre extremo,218200.2818855327
2025,190,8,2,150101,15,1501,Selva rural,3,787.1187466725178,2361.3562400175533,24817.727763849827,689.3813267736064,442.7695247146786,200.48558476362643,0,0,No pobre,11081.764166895035
2022,439,6,2,150132,15,1501,Sierra rural,4,181.6304463345081,726.5217853380324,78307.5581295024,1631.4074610313,435.57023156952715,255.10787012785576,0,0,No pobre,113339.60692805774
2025,430,6,3,210101,21,2101,Selva urbana,2,788.6396375138207,1577.2792750276415,61071.45817904692,2544.6440907936217,445.08616271136975,210.476661791006,0,0,No pobre,40140.75091034968
2021,152,4,1,150101,15,1501,Sierra urbana,3,1376.0680504357463,4128.204151307239,6698.172194549409,186.0603387374836,445.3767386506004,262.6234447541168,1,1,Pobre extremo,5680.377294946315
2024,482,7,3,130101,13,1301,Costa urbana,4,505.5665659339227,2022.2662637356907,22372.13345215737,466.0861135866119,405.48718613076335,210.8586965022227,0,0,No pobre,248132.65741801055
2024,302,19,2,010201,01,0102,Selva urbana,2,1638.9486079615497,3277.8972159230993,6322.383952609197,263.43266469204985,404.6464764569185,253.5030287338806,1,0,Pobre no extremo,6431.936671986683
2023,278,7,1,010201,01,0102,Sierra rural,3,517.5524696733786,1552.6574090201357,37673.63482202761,1046.4898561674336,417.02823950231533,220.25127494697662,0,0,No pobre,13093.054205717268
2024,139,3,1,200101,20,2001,Selva urbana,3,119.12046452232934,357.361393566988,31224.874838162326,867.3576343933979,404.1958460536694,239.00777172811777,0,0,No pobre,10475.124103321758
2021,176,8,4,010101,01,0101,Costa rural,3,1065.3534710248007,3196.0604130744023,44737.62910836694,1242.7119196768595,448.2808077818667,242.59039645732426,0,0,No pobre,133467.67922323215
2023,8,1,2,200101,20,2001,Sierra urbana,4,1480.276985666878,5921.107942667512,11389.809325985529,237.28769429136517,440.2865975224459,214.47324540529956,1,0,Pobre no extremo,19738.285598914434
2022,295,1,3,250101,25,2501,Costa urbana,4,764.3451470199846,3057.380588079938,14340.971695164928,298.77024364926933,401.63870066420503,220.90878184682384,1,0,Pobre no extremo,11351.22429737064
2024,235,14,1,150132,15,1501,Selva rural,4,1522.902019119895,6091.60807647958,65489.583142316704,1364.3663154649314,468.4104808799691,207.5255447706034,0,0,No pobre,67038.02809668271
2023,163,6,1,150132,15,1501,Lima Metropolitana,2,932.9682348299156,1865.9364696598311,68041.92225991777,2835.0800941632406,426.0662615071135,200.37023037639574,0,0,No pobre,11984.756334506921
2021,49,10,3,130101,13,1301,Sierra rural,3,426.2577728827973,1278.773318648392,121180.90300953404,3366.136194709279,392.7053223291666,216.7627626961244,0,0,No pobre,57851.741272623854
2025,302,14,3,040101,04,0401,Sierra urbana,3,272.06094821801435,816.182844654043,96661.70010559609,2685.047225155447,401.2965588091582,236.1201649087326,0,0,No pobre,52300.903041963305
2025,38,4,1,150132,15,1501,Sierra rural,4,1450.1156133239601,5800.4624532958405,6100.742423073896,127.09880048070617,433.98505631303453,249.9518081597487,1,1,Pobre extremo,46771.990249173476
2021,136,6,3,150132,15,1501,Lima Metropolitana,4,832.8580964454678,3331.4323857818713,80959.35436539783,1686.6532159457881,413.8424016455595,255.54917375643524,0,0,No pobre,5178.159566323197
2021,310,16,4,150132,15,1501,Selva urbana,3,1834.2701590551635,5502.810477165491,26081.544432279417,724.487345341095,465.12219365944685,204.88361725156494,0,0,No pobre,116175.89329880271
2025,421,1,1,010201,01,0102,Sierra rural,5,1126.4846112905045,5632.423056452522,51778.909095547286,862.9818182591214,429.473540740217,219.0689020584224,0,0,No pobre,157275.42394537467
2023,219,6,4,040101,04,0401,Callao,2,762.0215946193349,1524.0431892386698,19845.07812748581,826.8782553119087,471.52948004344034,253.91567851191652,0,0,No pobre,93787.07213708966
2025,348,9,2,040101,04,0401,Sierra rural,7,763.082761280474,5341.5793289633175,11807.841736441034,140.5695444814409,390.1826480938355,233.66082124425364,1,1,Pobre extremo,77643.9473382219
2021,296,15,4,050101,05,0501,Selva urbana,2,349.7319424600334,699.4638849200668,20821.87024842794,867.5779270178308,446.8593132994758,212.75308911285862,0,0,No pobre,30579.86959336036
2024,34,12,3,210101,21,2101,Selva urbana,5,1228.1993918193975,6140.996959096988,28513.043190266126,475.2173865044354,468.5784852352689,227.4549805527544,0,0,No pobre,204221.5885275831
2022,352,3,1,250101,25,2501,Lima Metropolitana,3,1206.1175572796121,3618.3526718388366,34930.0517214617,970.2792144850472,409.293047555722,218.90239336299692,0,0,No pobre,9088.096177808917
2024,79,11,4,010101,01,0101,Sierra urbana,6,1619.9880146793375,9719.928088076025,64619.30388325266,897.4903317118425,393.5687596315288,203.54574536779546,0,0,No pobre,3757.9294665553602
2024,236,15,3,150132,15,1501,Costa urbana,2,482.2742286874446,964.5484573748892,10572.870293191874,440.5362622163281,425.6644737978198,253.4539001918648,0,0,No pobre,126474.39218337745
2021,383,3,3,150132,15,1501,Selva urbana,3,652.500320704072,1957.500962112216,9776.340329780276,271.56500916056325,476.1334226327617,220.4185562644111,1,0,Pobre no extremo,6288.74742598716
2025,273,14,4,050101,05,0501,Callao,3,284.7521412816052,854.2564238448156,6205.7994435453475,172.38331787625964,443.34619255033203,266.15919295531415,1,1,Pobre extremo,108983.5781506649
2023,161,2,1,010101,01,0101,Sierra urbana,7,661.1501843109228,4628.05129017646,22028.65861407251,262.24593588181557,444.3976971030239,262.1687528312213,1,0,Pobre no extremo,8785.734900435113
2024,175,4,4,040101,04,0401,Lima Metropolitana,7,913.3940199333614,6393.75813953353,12244.757565899838,145.7709234035695,447.1501254530589,250.13942361635955,1,1,Pobre extremo,68946.74946329808
2025,366,19,2,130101,13,1301,Sierra rural,2,1931.6539713125692,3863.3079426251384,19970.42844466521,832.1011851943837,383.9761375593791,222.86440710584162,0,0,No pobre,17330.22945662904
2023,308,12,4,010201,01,0102,Callao,4,1340.8254054623353,5363.301621849341,27506.577310239234,573.0536939633174,424.56498013243925,219.59464868767353,0,0,No pobre,53827.1638425117
2024,374,2,4,150132,15,1501,Sierra rural,4,1587.4604665804713,6349.841866321885,5408.0401998021935,112.6675041625457,387.757201044171,233.2690036110881,1,1,Pobre extremo,148945.1116569752
2023,464,17,1,250101,25,2501,Selva rural,2,718.4687819189313,1436.9375638378626,16318.368266691745,679.932011112156,411.5858829371954,224.82217502293486,0,0,No pobre,15715.787568218797
2025,221,3,4,250101,25,2501,Costa rural,2,374.5743443353833,749.1486886707665,37287.75951022765,1553.6566462594853,462.15990243368776,263.08108268178216,0,0,No pobre,190403.6896334554
2022,9,10,3,150132,15,1501,Selva urbana,7,587.7678896353266,4114.375227447286,28621.778982641845,340.7354640790696,445.6269949727029,208.6446597496864,1,0,Pobre no extremo,36953.66681143875
2025,289,16,1,250101,25,2501,Lima Metropolitana,4,587.2886128987101,2349.1544515948403,19212.475817405324,400.2599128626109,479.5572698735315,250.71273029305297,1,0,Pobre no extremo,40806.82747487553
2021,444,9,3,130101,13,1301,Callao,2,1207.9191237575117,2415.8382475150233,26054.640253648235,1085.6100105686764,397.2154424372677,242.76277560281005,0,0,No pobre,118912.48027995383
2023,113,11,1,250101,25,2501,Callao,3,748.7951516645545,2246.3854549936636,21062.912496180743,585.0809026716873,419.70542361854234,256.44108339354574,0,0,No pobre,135038.35692175748
2022,477,15,2,150101,15,1501,Sierra urbana,3,1729.0578422332298,5187.173526699689,10974.036882975442,304.83435786042895,460.96402163229345,237.97411287251447,1,0,Pobre no extremo,34007.888646321684
2023,205,3,2,010101,01,0101,Selva rural,4,1978.2345865493462,7912.938346197385,9427.887814263306,196.41432946381886,401.5691602393424,244.0678474330834,1,1,Pobre extremo,7840.066337517361
2023,405,16,2,050101,05,0501,Sierra urbana,3,752.2669700005521,2256.800910001656,302120.4848325875,8392.235689794097,395.3721846329125,267.3918442376533,0,0,No pobre,38185.53725011808
2024,186,12,4,050101,05,0501,Costa urbana,4,1439.6145200053204,5758.458080021282,47372.1606752527,986.9200140677646,422.7612556993826,206.4373086889413,0,0,No pobre,8066.528674509075
2021,341,5,2,200101,20,2001,Selva rural,2,1349.2245056487006,2698.4490112974013,71194.95182740786,2966.456326141994,418.37264901575014,207.34059611719442,0,0,No pobre,33241.528459585694
2023,197,7,1,010201,01,0102,Lima Metropolitana,3,469.4787266913348,1408.4361800740044,46322.23618133638,1286.7287828148994,478.0205940903352,227.55253793095284,0,0,No pobre,25550.88323435389
2025,266,9,2,010101,01,0101,Sierra urbana,2,1844.2163301592045,3688.432660318409,94248.60250456657,3927.0251043569406,425.6251529026651,233.0912955380695,0,0,No pobre,8584.373233203023
2025,262,18,1,150132,15,1501,Selva urbana,6,478.94091565796236,2873.6454939477744,45069.62298489737,625.9669859013524,466.09463431027535,213.99104294438638,0,0,No pobre,14994.781263034003
2024,248,8,3,150101,15,1501,Sierra urbana,2,1500.2185501724277,3000.4371003448555,4046.4431643661223,168.6017985152551,468.79655192338896,205.78674578880083,1,1,Pobre extremo,130288.7359728358
2021,115,12,4,130101,13,1301,Costa rural,5,760.4583203211937,3802.2916016059685,12651.767182491196,210.86278637485327,395.78717140944093,201.55233795949118,1,0,Pobre no extremo,26274.210386755807
2021,121,2,3,200101,20,2001,Sierra rural,3,797.4549773170455,2392.3649319511364,33277.525668260925,924.3757130072479,451.53048012484544,253.5214575312087,0,0,No pobre,22954.422153416654
2025,141,10,3,010201,01,0102,Sierra rural,4,965.3532004890246,3861.4128019560985,32470.51273710088,676.4690153562683,407.76071392114034,233.95401755646776,0,0,No pobre,62176.84231484896
2022,65,19,2,010201,01,0102,Callao,3,1742.5651583047652,5227.695474914295,30280.962775386364,841.1378548718435,389.47389682626294,259.03824008832186,0,0,No pobre,187065.07672916213
2024,276,9,2,210101,21,2101,Selva rural,4,366.478688871303,1465.914755485212,9855.90789498301,205.3314144788127,467.47049111015866,225.25860645269995,1,1,Pobre extremo,20260.273754403206
2024,313,8,2,010101,01,0101,Sierra urbana,5,203.68219788603244,1018.4109894301622,16233.016147434928,270.5502691239155,409.2433040963351,249.24122910195825,1,0,Pobre no extremo,117022.5700293259
2025,239,1,3,150101,15,1501,Sierra urbana,3,863.8775559361846,2591.632667808554,33617.552297593706,933.8208971553807,414.536567019081,234.19643656542124,0,0,No pobre,36255.25378887632
2025,302,6,4,040101,04,0401,Sierra urbana,3,205.61168836996737,616.8350651099021,27796.63346645568,772.1287074015468,412.398903651934,242.84489990292332,0,0,No pobre,250571.55035234068
2022,392,12,4,130101,13,1301,Sierra urbana,4,1406.441677809137,5625.766711236548,54063.79078580718,1126.3289747043161,400.02954229533697,225.91377887847807,0,0,No pobre,105534.03486313729
2022,10,19,3,200101,20,2001,Callao,2,1544.617642551705,3089.23528510341,10225.731975171044,426.0721656321268,423.4503382028624,205.68188393131385,0,0,No pobre,25216.321612392952
2021,457,17,4,150132,15,1501,Costa rural,4,1723.953550031192,6895.814200124768,41660.39046632225,867.9248013817136,422.82928208024396,266.3161507548033,0,0,No pobre,47912.31092901748
2024,369,2,3,050101,05,0501,Selva urbana,2,1513.300266418834,3026.600532837668,16065.004147328986,669.3751728053744,420.87516257111827,258.526289704303,0,0,No pobre,16297.089797870354
2024,233,11,3,200101,20,2001,Costa rural,4,1841.0676480160903,7364.270592064361,19526.538901990807,406.8028937914751,471.6297747156579,221.83242412084817,1,0,Pobre no extremo,42737.42692929732
2025,195,18,4,250101,25,2501,Lima Metropolitana,4,1521.772133174122,6087.088532696488,25585.892231047263,533.0394214801513,413.97516286958114,267.1092054880761,0,0,No pobre,15872.975493467557
2021,395,11,1,010201,01,0102,Lima Metropolitana,2,1878.543715768963,3757.087431537926,5662.952699021102,235.95636245921256,383.0378908344157,221.03421119905812,1,0,Pobre no extremo,18224.573780470448
2024,12,18,1,150132,15,1501,Costa rural,4,466.91050899779003,1867.6420359911601,30164.352370058405,628.4240077095501,397.84370062407766,231.00930141518091,0,0,No pobre,117073.4293766206
2021,394,8,2,130101,13,1301,Costa rural,3,1049.7399524486873,3149.219857346062,83444.06145830225,2317.8905960639513,452.1497076573474,252.8594962482214,0,0,No pobre,45629.514258783034
2021,409,15,4,150101,15,1501,Sierra rural,3,1988.4681394393265,5965.404418317979,9005.013108273548,250.13925300759854,439.0858606314511,221.63029738326662,1,0,Pobre no extremo,52218.17272380262
2025,177,9,2,040101,04,0401,Lima Metropolitana,3,1394.9985468311597,4184.995640493479,143198.30114447622,3977.7305873465616,475.1734803741186,222.71555850450116,0,0,No pobre,22095.502539987214
2021,177,15,3,250101,25,2501,Costa rural,4,1769.418124179589,7077.672496718356,15021.218590571421,312.94205397023796,449.4435107190883,228.7057511140867,1,0,Pobre no extremo,26653.47637921729
2022,217,7,1,150132,15,1501,Sierra urbana,2,157.74820828242494,315.4964165648499,45712.51176461396,1904.6879901922484,399.42416733987113,232.7872551721865,0,0,No pobre,25443.61062952967
2022,11,13,4,150132,15,1501,Costa rural,7,1756.340007280031,12294.380050960217,8177.318699146766,97.3490321326996,392.0644218627303,208.65313692693994,1,1,Pobre extremo,20147.51305906931
2023,446,13,4,010201,01,0102,Sierra urbana,4,1425.6551456869856,5702.6205827479425,187820.55289715106,3912.928185357314,432.0759775314477,201.22441606135752,0,0,No pobre,19393.62281702104
2025,118,1,4,010101,01,0101,Selva rural,2,424.4353245766502,848.8706491533004,10361.122760042412,431.7134483351005,446.52627361423424,264.3410034998538,1,0,Pobre no extremo,15289.983969861987
2023,164,4,1,250101,25,2501,Lima Metropolitana,5,148.7938172048335,743.9690860241674,32415.50615513443,540.2584359189071,396.56367379685366,224.72320424160952,0,0,No pobre,9123.390371670268
2022,39,4,2,010201,01,0102,Selva urbana,3,593.8604984387405,1781.5814953162214,16607.31737236919,461.31437145469977,440.16930103827184,207.11820210860762,0,0,No pobre,33668.774533918346
2023,53,4,1,200101,20,2001,Sierra rural,4,1839.9693820862635,7359.877528345054,25721.70990190913,535.8689562897736,466.50286839296575,253.14199814980307,0,0,No pobre,14017.72826268437
2025,218,13,2,250101,25,2501,Selva urbana,3,1369.4525835305442,4108.357750591633,29759.013898383804,826.6392749551056,452.7568928093044,220.65424696985235,0,0,No pobre,191094.1849710426
2025,206,2,3,040101,04,0401,Callao,5,1846.991298138316,9234.95649069158,20058.912996632207,334.31521661053677,446.41910808818074,212.7164851941013,1,0,Pobre no extremo,9530.423634066488
2021,487,15,3,050101,05,0501,Callao,5,947.686486739093,4738.432433695465,14591.3872661074,243.18978776845668,458.93310545099246,267.38277230024664,1,1,Pobre extremo,24245.064893795032
2024,312,4,2,200101,20,2001,Selva rural,4,1879.591480946958,7518.365923787832,25784.023526807163,537.1671568084826,390.4082709053731,264.4380024017877,0,0,No pobre,75665.39765401935
2021,360,6,3,040101,04,0401,Selva urbana,3,979.6236493455107,2938.870948036532,25283.9582810473,702.3321744735362,400.38314558111944,207.4022100555893,0,0,No pobre,4266.063807052315
2025,385,3,3,150101,15,1501,Sierra rural,3,488.08397639483553,1464.2519291845065,36006.509246278314,1000.1808123966198,383.80994970257893,262.94996468750884,0,0,No pobre,78748.65761567935
2022,56,7,4,010201,01,0102,Sierra urbana,3,387.64758195044993,1162.9427458513499,41606.89026807949,1155.746951891097,394.4977945426757,262.3607268202293,0,0,No pobre,15921.438364782292
2022,118,6,4,040101,04,0401,Selva rural,2,1988.2424447665842,3976.4848895331684,55820.5195618471,2325.854981743629,471.31823426695263,244.40621870429334,0,0,No pobre,12319.284183617603
2021,388,3,1,010101,01,0101,Selva rural,3,734.3390568016847,2203.017170405054,44599.569036534,1238.8769176815,402.2144927917313,237.0816600623127,0,0,No pobre,65183.31420246007
2025,253,4,1,210101,21,2101,Sierra urbana,4,404.1007481034166,1616.4029924136664,30302.987951979463,631.3122489995721,446.2097216345863,215.2206962460916,0,0,No pobre,73055.82956006551
2022,286,10,1,050101,05,0501,Sierra urbana,5,115.97601869242911,579.8800934621455,21357.266257013962,355.9544376168994,449.15672491353786,208.49689927841084,1,0,Pobre no extremo,12015.446579383923
2025,268,9,4,150101,15,1501,Sierra rural,3,642.5821764062825,1927.7465292188476,6770.823130439176,188.0784202899771,444.5325459419588,242.4458335672022,1,1,Pobre extremo,25971.804712707046
2022,291,6,1,150132,15,1501,Lima Metropolitana,3,1789.320672844824,5367.962018534472,30939.66820202787,859.4352278341075,435.39210487358633,257.5370079706025,0,0,No pobre,121567.98659641173
2025,333,11,1,010201,01,0102,Costa rural,5,1114.6177092868732,5573.0885464343655,72043.53669389847,1200.7256115649745,428.61303474468116,248.2050698179788,0,0,No pobre,23295.568464842432
2023,180,7,4,200101,20,2001,Lima Metropolitana,6,1301.6265978974143,7809.759587384486,13489.491122608608,187.354043369564,421.99208417808416,212.6560296567149,1,1,Pobre extremo,13302.988320224218
2025,415,18,2,210101,21,2101,Costa urbana,3,1852.5430973920124,5557.629292176038,14745.147700811047,409.5874361336402,471.6898696618285,220.3013048176197,1,0,Pobre no extremo,32065.423465673266
2025,358,4,4,250101,25,2501,Costa rural,1,1074.3958444033556,1074.3958444033556,87108.28846847196,7259.02403903933,380.9514360877145,238.24923110326637,0,0,No pobre,33075.342029333726
2021,235,5,2,010201,01,0102,Lima Metropolitana,4,1692.7317071199677,6770.926828479871,116919.49578488924,2435.822828851859,385.34896260269153,243.74947622804237,0,0,No pobre,28035.927453336946
2023,343,4,4,130101,13,1301,Costa rural,5,715.283228345072,3576.41614172536,12690.537986136776,211.50896643561293,429.25124655026485,205.0576828755149,1,0,Pobre no extremo,56889.460709213694
2024,196,4,1,010201,01,0102,Callao,1,1956.4935393983178,1956.4935393983178,267358.2486323034,22279.85405269195,413.05100818041933,242.98361467712752,0,0,No pobre,19070.015428486695
2021,308,13,3,130101,13,1301,Selva urbana,4,249.74635967365955,998.9854386946382,39172.99578805251,816.1040789177606,420.8230213103253,251.5423576404536,0,0,No pobre,68215.62149352749
2024,80,16,3,150132,15,1501,Callao,4,1477.1760984752027,5908.704393900811,61766.12458719431,1286.7942622332148,479.7848519558941,212.69504940254782,0,0,No pobre,25096.298235126163
2022,135,14,2,150101,15,1501,Costa urbana,3,1355.0759448445594,4065.227834533678,19595.879695089767,544.3299915302713,457.513469919622,217.2353100537144,0,0,No pobre,8604.204876967406
2024,22,11,2,050101,05,0501,Sierra urbana,5,464.1758611165522,2320.879305582761,33939.64551159796,565.6607585266327,467.7407955988225,218.12276131251,0,0,No pobre,177927.4571179237
2025,477,2,2,010201,01,0102,Costa rural,3,838.8035978084183,2516.410793425255,39467.9715797645,1096.3325438823472,416.8574564245614,265.78671768030983,0,0,No pobre,7773.250244434204
2024,331,14,3,150132,15,1501,Lima Metropolitana,4,694.3753218763122,2777.501287505249,11973.11155860857,249.43982413767856,403.9560440006177,228.49112845515927,1,0,Pobre no extremo,83142.58577878347
2021,440,7,2,250101,25,2501,Sierra rural,4,279.5364498317412,1118.1457993269648,119151.14835759014,2482.315590783128,456.7990468322446,237.14000194691963,0,0,No pobre,30904.95017523651
2021,225,11,4,210101,21,2101,Costa rural,3,1211.0972436065983,3633.291730819795,25970.89277739481,721.4136882609669,460.7576094257113,250.70200448019168,0,0,No pobre,37074.42258691326
2024,58,4,4,010101,01,0101,Sierra urbana,4,1987.9727065738143,7951.890826295257,17152.713355374333,357.34819490363196,434.98984459741877,226.00221843708786,1,0,Pobre no extremo,15183.357660286973
2021,93,7,3,040101,04,0401,Lima Metropolitana,5,1163.2174680014396,5816.087340007198,9481.211483735291,158.02019139558817,469.59415146473043,207.38888828610484,1,1,Pobre extremo,22340.39906701787
2021,192,16,4,150132,15,1501,Costa rural,7,1135.9938230707878,7951.956761495515,44628.03921185053,531.2861810934587,476.73252567953256,245.80253095031046,0,0,No pobre,80506.50988207605
2024,103,6,2,210101,21,2101,Selva rural,3,176.5960439736418,529.7881319209254,33870.46701232358,940.8463058978772,427.102067843131,246.7091216601608,0,0,No pobre,11981.986590301049
2023,396,6,3,130101,13,1301,Callao,2,364.5184243910118,729.0368487820236,11180.4038391718,465.8501599654917,402.2666667780732,218.238347050085,0,0,No pobre,21962.944709748477
2023,7,2,2,150132,15,1501,Selva urbana,7,1075.116269294296,7525.813885060072,30518.26362880221,363.3126622476454,431.7113107051314,202.46602368955052,1,0,Pobre no extremo,104454.03568444455
2022,128,8,4,250101,25,2501,Selva urbana,4,1971.8392719497356,7887.357087798942,41735.71282790976,869.49401724812,478.95332236756366,246.57472079717635,0,0,No pobre,20209.57342151929
2021,55,7,2,150132,15,1501,Costa rural,6,1765.554697377532,10593.328184265192,18854.7240026534,261.8711667035194,409.292685968308,249.23978867137555,1,0,Pobre no extremo,37374.18777124549
2024,231,14,3,050101,05,0501,Selva urbana,2,746.3973306090182,1492.7946612180365,37653.68456842643,1568.9035236844347,441.7599323732801,201.82454248009353,0,0,No pobre,40555.977593597585
2021,362,9,2,130101,13,1301,Sierra rural,3,1131.708083033442,3395.1242491003263,27018.01749523471,750.500485978742,449.39836640699474,248.52282879193524,0,0,No pobre,15209.36002790825
2025,62,15,4,010201,01,0102,Costa urbana,2,1150.1342222828596,2300.268444565719,22078.196121679528,919.9248384033136,401.3928794345277,265.72499983462507,0,0,No pobre,55469.683540037964
2021,240,18,1,200101,20,2001,Costa rural,5,1402.185164248148,7010.92582124074,11339.016571940929,188.98360953234882,438.84591228221655,212.51496981098734,1,1,Pobre extremo,33747.29993887233
2021,90,12,3,010101,01,0101,Sierra rural,6,1406.7858783543631,8440.715270126178,32181.451966504766,446.96461064589954,411.45070059691153,236.4926628221362,0,0,No pobre,16297.988932647386
2023,232,19,2,010201,01,0102,Selva rural,4,1600.60572793335,6402.4229117334,4160.400471191905,86.67500981649802,465.4209609086742,248.77435182958575,1,1,Pobre extremo,68369.56208406971
2024,457,13,3,040101,04,0401,Sierra rural,2,147.44494719539654,294.8898943907931,98153.89925145697,4089.74580214404,451.47535707060445,216.10555814814575,0,0,No pobre,41990.831318786695
2021,233,7,2,150132,15,1501,Sierra rural,2,1892.992362211147,3785.984724422294,78318.53870582512,3263.272446076047,462.6266427478991,252.6084224163783,0,0,No pobre,33872.44979245403
2023,354,10,1,150101,15,1501,Selva rural,4,233.11788737956851,932.4715495182741,10699.390412264842,222.9039669221842,399.96823945919556,260.766190074666,1,1,Pobre extremo,26622.348384907255
2022,493,10,4,150132,15,1501,Sierra urbana,4,1004.7042118061859,4018.8168472247435,7368.585531634102,153.51219857571047,383.45747056855674,257.0185672538883,1,1,Pobre extremo,8383.07286690692
2023,333,2,2,130101,13,1301,Costa rural,4,1847.2006250821812,7388.802500328725,77057.22976389716,1605.3589534145242,465.0525684809875,218.1229240916046,0,0,No pobre,31155.259696641497
2023,439,14,2,050101,05,0501,Callao,3,1026.5707755390515,3079.7123266171548,23167.134876148153,643.5315243374487,418.675420041643,256.2951508584561,0,0,No pobre,3938.0037555512426
2023,375,13,1,150132,15,1501,Costa rural,3,220.909985042922,662.7299551287659,28391.76233599845,788.6600648888458,397.9722411912149,228.93402710816684,0,0,No pobre,75968.23193179174
2021,292,6,3,040101,04,0401,Costa rural,1,535.5560376426845,535.5560376426845,27487.757485178045,2290.6464570981702,389.1895365267305,218.65243973755722,0,0,No pobre,11442.991563575943
2021,345,9,4,250101,25,2501,Callao,4,1199.466835200003,4797.867340800012,8244.983184528892,171.77048301101857,431.65008060570915,211.75800270224488,1,1,Pobre extremo,62282.77743352306
2022,152,13,2,150132,15,1501,Costa urbana,3,266.93707400804124,800.8112220241237,54552.17791422222,1515.3382753950618,395.0127952611946,263.62870097546806,0,0,No pobre,8935.10705852602
2025,428,9,2,010201,01,0102,Sierra rural,6,904.9880689328633,5429.928413597179,40295.25053126654,559.6562573787019,436.6692024441257,229.88282790616395,0,0,No pobre,9937.09237384245
2025,145,13,4,200101,20,2001,Costa rural,4,725.2772057636693,2901.108823054677,27361.589045741475,570.0331051196141,452.7306542512745,260.6011830817965,0,0,No pobre,17297.43879331981
2025,130,5,1,150101,15,1501,Callao,3,1648.894492866055,4946.6834785981655,3491.1692123145976,96.97692256429438,433.5058171516252,211.1681492250855,1,1,Pobre extremo,234185.6553469689
2022,141,14,3,040101,04,0401,Callao,3,309.2506828373535,927.7520485120606,42329.89888586407,1175.8305246073353,470.3699782688481,253.6895426307183,0,0,No pobre,23477.101425608078
2025,415,5,4,040101,04,0401,Selva urbana,6,1397.317055301694,8383.902331810164,37812.04768936213,525.1673290189185,395.5569624335638,207.70093434529227,0,0,No pobre,193999.20785292622
2025,93,9,3,130101,13,1301,Sierra urbana,1,872.5192346642274,872.5192346642274,24711.853097445768,2059.321091453814,429.3953473250499,201.22954622559598,0,0,No pobre,57728.979305302186
2023,114,8,1,040101,04,0401,Selva rural,3,1216.7262928974244,3650.1788786922734,64133.806356632886,1781.4946210175801,396.31904593866324,269.6534515408489,0,0,No pobre,28022.908925960277
2021,284,7,1,150101,15,1501,Selva rural,6,490.510366649035,2943.06219989421,74314.32891253551,1032.1434571185487,467.5901926446547,205.14761332798938,0,0,No pobre,43173.28321906921
2021,444,8,4,010201,01,0102,Costa urbana,4,1258.4370010470884,5033.748004188354,36392.482913823835,758.1767273713299,473.2239276351138,232.30783164439842,0,0,No pobre,50728.8080625756
2023,411,3,2,200101,20,2001,Callao,4,1380.5576820906142,5522.230728362457,6898.96186625222,143.7283722135879,419.9995881642848,261.4869768051092,1,1,Pobre extremo,56606.05500534108
2023,143,15,1,210101,21,2101,Lima Metropolitana,3,233.43997285604786,700.3199185681435,8614.519024523268,239.29219512564634,410.57482578486747,257.356568364603,1,1,Pobre extremo,136657.66760700903
2023,223,8,1,150132,15,1501,Selva rural,5,1666.2541084075804,8331.270542037902,14357.9580024256,239.29930004042666,407.9316095429249,232.98229990689256,1,0,Pobre no extremo,39598.80429442926
2021,232,1,4,040101,04,0401,Sierra urbana,3,1736.3828144876586,5209.148443462976,21509.980622697134,597.4994617415871,465.9727345990734,242.75939546714142,0,0,No pobre,67073.34200713852
2025,463,7,4,250101,25,2501,Lima Metropolitana,3,220.75270579730994,662.2581173919298,57376.18675849175,1593.7829655136597,448.2441924626645,244.07943061639736,0,0,No pobre,257160.1973975918
2023,33,19,4,050101,05,0501,Callao,2,1246.056227384843,2492.112454769686,36188.70395090235,1507.8626646209314,468.05930546538343,207.6877488107459,0,0,No pobre,7563.626144363097
2022,276,2,1,250101,25,2501,Callao,2,1228.6218442472314,2457.2436884944627,23174.779268321083,965.6158028467117,391.7516829483783,219.94328660377525,0,0,No pobre,32344.61902591417
2023,170,14,3,010201,01,0102,Sierra rural,7,123.67098255004231,865.6968778502962,47385.93866884702,564.118317486274,427.602792786407,221.06882128267677,0,0,No pobre,80914.19159786623
2024,140,18,1,210101,21,2101,Selva rural,4,750.4581865163075,3001.83274606523,13388.432968250967,278.92568683856183,447.6179094465096,226.4689705374268,1,0,Pobre no extremo,9080.789734422471
2023,357,15,4,130101,13,1301,Lima Metropolitana,4,1940.9589871561204,7763.835948624482,47298.39975736327,985.3833282784016,469.7090760752795,219.1742274602181,0,0,No pobre,13757.918507125934
2021,201,14,2,010201,01,0102,Lima Metropolitana,7,1155.3564293106117,8087.495005174282,33023.19483962571,393.13327190030606,418.20192139129887,217.60489230229257,1,0,Pobre no extremo,14180.482199909347
2023,23,19,2,250101,25,2501,Selva rural,3,1873.1024252088596,5619.307275626579,43083.26413970578,1196.7573372140496,411.3090072710278,224.8349858902926,0,0,No pobre,53266.07544797296
2024,456,19,4,150101,15,1501,Selva urbana,1,1383.7248081670296,1383.7248081670296,57619.907516978834,4801.658959748236,471.29657091858456,226.54585555322274,0,0,No pobre,61442.24464813317
2022,224,17,2,150132,15,1501,Sierra rural,4,153.94198462422523,615.7679384969009,25775.490918479016,536.9893941349795,384.7533269830162,234.1056839731063,0,0,No pobre,15029.327191254843
2025,368,19,1,010201,01,0102,Costa rural,4,247.6550762919449,990.6203051677796,4482.958681341382,93.39497252794546,427.959548985558,212.14747815038027,1,1,Pobre extremo,55737.050654589584
2023,270,16,3,010101,01,0101,Callao,4,1472.1400151981036,5888.560060792414,14865.537167273713,309.698690984869,425.8626560606583,255.1835664463279,1,0,Pobre no extremo,18986.516624681295
2024,347,19,1,150132,15,1501,Sierra urbana,2,1153.6788017011368,2307.3576034022735,54365.42898942432,2265.22620789268,394.6056413890812,260.2467390259448,0,0,No pobre,127491.75320864459
2024,153,1,4,010101,01,0101,Selva rural,4,341.58816273976385,1366.3526509590554,16181.51437886014,337.1148828929196,419.4950111181378,217.37154184434073,1,0,Pobre no extremo,60556.69663194554
2022,333,19,1,040101,04,0401,Selva urbana,3,1266.719088871871,3800.157266615613,14794.346227371649,410.9540618714347,452.25997399834836,208.63105089825405,1,0,Pobre no extremo,75710.00124268426
2021,85,7,2,050101,05,0501,Callao,3,1639.5459850795728,4918.637955238719,28453.314363911628,790.3698434419897,416.6868444554254,250.56183868844116,0,0,No pobre,177892.31770598632
2023,109,11,1,010201,01,0102,Sierra urbana,3,1530.6666172519629,4591.999851755889,71972.98336927753,1999.249538035487,410.96604796097796,264.6971585906054,0,0,No pobre,72563.05782202167
2024,31,5,3,150132,15,1501,Lima Metropolitana,3,567.7086740609273,1703.1260221827818,40627.96197102889,1128.554499195247,458.1895497906346,202.46038374210724,0,0,No pobre,20542.843415013962
2022,229,17,2,130101,13,1301,Costa urbana,3,590.5704366464835,1771.7113099394505,128888.3887219733,3580.233020054814,478.8715411027402,201.01051853240244,0,0,No pobre,41099.49425779549
2025,240,11,3,010101,01,0101,Selva urbana,3,1938.891829694016,5816.675489082048,38613.576481953125,1072.59934672092,457.935237393028,212.83978229690356,0,0,No pobre,9785.780905187075
2024,378,8,3,200101,20,2001,Callao,7,1786.0691240901608,12502.483868631125,37293.55002034969,443.9708335755916,464.6343288159082,247.93547397155558,1,0,Pobre no extremo,12047.165789153085
2022,363,10,3,250101,25,2501,Lima Metropolitana,6,704.8408974186568,4229.045384511941,21800.105518024888,302.7792433059012,473.9500749812513,267.5346705481624,1,0,Pobre no extremo,65896.27701618701
2021,310,12,1,150132,15,1501,Costa urbana,4,1665.703530371116,6662.814121484464,6659.1707439775155,138.7327238328649,460.17724660760314,252.52666686115285,1,1,Pobre extremo,193634.5272418081
2021,389,10,1,050101,05,0501,Selva rural,7,407.3032064918363,2851.1224454428543,30716.899720718575,365.6773776276021,478.0354289816708,240.1122820255683,1,0,Pobre no extremo,106196.84952262272
2024,141,13,1,010201,01,0102,Selva urbana,7,473.99809252047237,3317.9866476433067,27927.416038023566,332.4692385478996,454.72842547570616,249.03845750128835,1,0,Pobre no extremo,51107.65381726424
2024,156,18,1,150132,15,1501,Costa rural,3,444.2725023061561,1332.8175069184683,48884.09150181271,1357.8914306059087,446.1522551167242,216.14888179045323,0,0,No pobre,8075.0107865359005
2023,299,10,2,010201,01,0102,Lima Metropolitana,3,266.6694725256788,800.0084175770364,35396.94671204428,983.2485197790078,449.3348549249625,248.19863636455844,0,0,No pobre,41566.7832814233
2022,345,19,1,150101,15,1501,Callao,7,1723.8884207065753,12067.218944946027,34280.00924830279,408.0953481940808,470.0081826774984,222.501146743505,1,0,Pobre no extremo,13281.92688229484
2024,371,17,2,010101,01,0101,Sierra urbana,4,1199.733106588693,4798.932426354772,74757.69090200492,1557.4518937917692,448.30081508617985,215.56954929828748,0,0,No pobre,53612.53731477442
2023,99,16,3,150132,15,1501,Sierra urbana,3,592.0165757384833,1776.0497272154498,21268.54803415704,590.7930009488067,456.12051709476737,216.55891989586112,0,0,No pobre,9657.715882534283
2023,47,5,2,150132,15,1501,Lima Metropolitana,4,1712.4445621824289,6849.778248729715,57224.80247357974,1192.1833848662445,401.60099336970603,246.74514262993026,0,0,No pobre,42760.28402618403
2024,487,3,4,050101,05,0501,Lima Metropolitana,3,1625.0288428463584,4875.0865285390755,85789.04831797454,2383.029119943737,471.264961293481,253.70580055402044,0,0,No pobre,21647.84912218144
2021,327,15,1,050101,05,0501,Sierra rural,3,291.80788444273566,875.4236533282069,16346.344163583137,454.06511565508714,424.72132421792105,240.72614773909828,0,0,No pobre,39537.82054518787
2022,422,2,4,250101,25,2501,Selva urbana,3,1323.8648100964465,3971.5944302893395,18633.24418738239,517.5901163161775,396.1067330912805,204.4698682974791,0,0,No pobre,21363.81264900826
2022,480,13,2,130101,13,1301,Callao,3,1471.4838428989642,4414.451528696893,13476.592662861402,374.3497961905945,459.9787191427461,202.66065335938234,1,0,Pobre no extremo,7591.636773400667
2021,67,8,1,010201,01,0102,Callao,1,1460.0719402733314,1460.0719402733314,7928.779206653524,660.7316005544603,415.6393017632974,215.20167950547196,0,0,No pobre,101101.28947686804
2024,62,17,4,210101,21,2101,Callao,6,1473.9711449224812,8843.826869534887,141415.79337361577,1964.108241300219,398.41191429616214,220.05280916967897,0,0,No pobre,26994.985575852377
2022,109,4,1,250101,25,2501,Callao,3,421.96979273317095,1265.909378199513,472874.37202645,13135.399222956945,405.62511591705953,228.33739249888293,0,0,No pobre,23557.28135091751
2024,167,19,2,050101,05,0501,Selva urbana,2,698.6642631106618,1397.3285262213235,32514.167989162594,1354.7569995484414,383.49489803904703,205.32196541585824,0,0,No pobre,31596.83246349598
2024,37,9,4,210101,21,2101,Lima Metropolitana,2,1703.9391661584787,3407.8783323169573,19978.90992280375,832.4545801168229,389.0622982893385,250.76111361596278,0,0,No pobre,18840.295683295924
2023,119,15,2,040101,04,0401,Costa urbana,4,1806.9443254323442,7227.777301729377,128552.82217938847,2678.1837954039265,439.26247353861254,249.80487110994443,0,0,No pobre,18802.04679416215
2021,498,9,4,210101,21,2101,Selva urbana,7,630.4588844732535,4413.212191312775,46208.6424083727,550.1028858139607,466.62178280944556,224.26743155603478,0,0,No pobre,152924.75887509945
2024,86,9,3,010101,01,0101,Sierra urbana,2,143.73708073772963,287.47416147545925,13646.533340335249,568.6055558473021,424.8530413398826,239.41017670578873,0,0,No pobre,39427.340845371225
2025,382,14,3,150132,15,1501,Selva urbana,2,1733.5571996156054,3467.114399231211,12204.995047130917,508.54146029712155,442.6058142299723,207.0641161058225,0,0,No pobre,23450.35715300208
2021,392,16,3,050101,05,0501,Sierra rural,3,816.474491867657,2449.423475602971,56217.75186868233,1561.604218574509,460.9733101229284,229.0653049960074,0,0,No pobre,6903.20579454527
2022,465,17,3,150132,15,1501,Sierra rural,4,725.9807563238791,2903.9230252955163,37980.172587558525,791.2535955741359,415.67689104580694,260.0295330236039,0,0,No pobre,21760.088656783606
2023,52,13,3,250101,25,2501,Lima Metropolitana,3,759.2993914083887,2277.8981742251663,73872.19355473261,2052.00537652035,445.4314070351334,246.24357241851183,0,0,No pobre,13753.831235892258
2022,91,9,2,150101,15,1501,Sierra urbana,3,889.8232055385189,2669.469616615557,50685.256317403255,1407.923786594535,415.0432425790954,207.27606429717164,0,0,No pobre,23838.49439936103
2022,289,15,3,050101,05,0501,Sierra urbana,3,818.70658114435,2456.11974343305,8968.20399858412,249.11677773844778,444.2715354772069,259.33046218521486,1,1,Pobre extremo,165926.71989368816
2021,494,7,2,050101,05,0501,Callao,3,1176.2187083537647,3528.656125061294,13409.716900008038,372.4921361113344,401.7607720139248,247.64873605933346,1,0,Pobre no extremo,152118.07475717002
2022,337,1,3,200101,20,2001,Sierra urbana,6,249.98652914656137,1499.9191748793683,12209.22437866736,169.57256081482444,477.783965427042,231.71394058601464,1,1,Pobre extremo,27977.301721792282
2024,298,1,1,150132,15,1501,Selva urbana,1,1945.9263691861788,1945.9263691861788,32706.115983014493,2725.509665251208,387.6177768556543,248.4463727309203,0,0,No pobre,18260.766968609787
2022,204,5,3,050101,05,0501,Selva urbana,3,1879.2569654971064,5637.770896491319,24078.313804597234,668.842050127701,430.5232849522558,212.09741788012235,0,0,No pobre,64724.13360250323
2023,368,9,1,150101,15,1501,Costa rural,5,1875.3726285694486,9376.863142847244,17852.470402730618,297.5411733788436,408.6296413052077,238.5340529190784,1,0,Pobre no extremo,111149.52464419817
2023,238,12,2,150101,15,1501,Selva rural,5,1770.6274857556355,8853.137428778176,20335.424300945873,338.9237383490979,440.08378348160846,243.25489024958694,1,0,Pobre no extremo,27675.854433701763
2025,382,6,3,010101,01,0101,Lima Metropolitana,2,1354.6199741452865,2709.239948290573,49346.596688700105,2056.1081953625044,422.8306979910911,264.942137606018,0,0,No pobre,273977.8078803399
2023,155,13,4,010201,01,0102,Selva rural,7,520.1062692220215,3640.7438845541506,22860.889404255875,272.1534452887604,410.6665587609927,204.68241975611488,1,0,Pobre no extremo,21153.337328115078
2022,240,8,2,050101,05,0501,Callao,4,194.01862557810736,776.0745023124294,14575.021341273901,303.64627794320626,405.00376382829353,226.23478999825943,1,0,Pobre no extremo,25401.470078977076
2023,136,15,3,150101,15,1501,Callao,3,288.71002308535657,866.1300692560696,8310.54284648934,230.84841240248164,398.2498614197615,265.5770296951653,1,1,Pobre extremo,31024.41387711675
2021,407,6,2,150101,15,1501,Costa urbana,4,715.5857508846506,2862.3430035386023,11936.827871948071,248.68391399891814,458.28793161887626,215.20547385900153,1,0,Pobre no extremo,25920.60506011754
2023,362,6,4,010101,01,0101,Selva urbana,3,1057.3777484419923,3172.1332453259765,70358.8740976665,1954.413169379625,402.2199937093646,256.92402298258645,0,0,No pobre,11501.485209254288
2024,381,4,3,200101,20,2001,Costa rural,2,1987.1808352511086,3974.3616705022173,14744.5085454867,614.3545227286126,457.35261963759154,200.1123874471647,0,0,No pobre,78660.65291703511
2021,369,11,4,010201,01,0102,Costa rural,3,927.3426344097385,2782.0279032292156,137636.47411141553,3823.2353919837647,428.5038609154345,201.811884889324,0,0,No pobre,27275.458211851477
2025,64,18,3,130101,13,1301,Sierra rural,4,1096.827571933616,4387.310287734464,47411.01995778975,987.7295824539532,387.2228021356198,222.9336019677182,0,0,No pobre,312858.3285871207
2024,123,3,1,050101,05,0501,Selva urbana,5,1420.7987696573532,7103.993848286766,12902.207576549947,215.03679294249912,396.5442677653736,253.79525975811907,1,1,Pobre extremo,78642.39758145687
2022,254,3,2,130101,13,1301,Costa rural,3,443.3945438508129,1330.1836315524388,15500.581000032102,430.57169444533616,469.2904644122199,207.29004284645762,1,0,Pobre no extremo,50214.182788087244
2022,477,12,4,130101,13,1301,Sierra rural,3,1872.3713029682858,5617.113908904857,4032.4076285193596,112.01132301442665,440.28158220051296,226.79975505396825,1,1,Pobre extremo,251028.98467777643
2022,114,6,2,250101,25,2501,Costa urbana,4,1105.165751101195,4420.66300440478,18109.83306579497,377.28818887072856,398.43331787216846,209.20277181106468,1,0,Pobre no extremo,74478.72814054335
2024,20,6,4,200101,20,2001,Sierra rural,4,624.8870566433603,2499.5482265734413,155386.9036396541,3237.2271591594604,450.3764915200801,215.65154986089857,0,0,No pobre,71979.16135796714
2024,16,8,2,250101,25,2501,Callao,5,1876.7070740437969,9383.535370218984,116995.54947497687,1949.9258245829478,462.326174442849,235.20959344900183,0,0,No pobre,18635.282861000243
2024,145,15,2,150132,15,1501,Costa urbana,3,1288.3561752620053,3865.068525786016,114412.11699206207,3178.114360890613,413.0653147558475,222.3397119371448,0,0,No pobre,28601.073667401863
2021,208,18,2,210101,21,2101,Callao,4,1019.0104893734998,4076.0419574939992,46552.374288612984,969.8411310127705,435.65952128107125,214.8338852186058,0,0,No pobre,98359.10397307567
2021,19,16,1,010101,01,0101,Selva rural,3,1202.2962289254708,3606.888686776412,22922.532012884258,636.737000357896,409.3449970283137,227.54478867608492,0,0,No pobre,81709.03102189522
2022,376,6,3,150101,15,1501,Callao,5,1521.7742159199306,7608.871079599653,29378.717768377926,489.6452961396321,388.0061717720586,249.07384749915417,0,0,No pobre,19893.01923309117
2023,392,17,1,150101,15,1501,Selva rural,2,393.62220701661136,787.2444140332227,43925.22127244908,1830.2175530187117,419.9509077736936,208.3592674620692,0,0,No pobre,375698.6170681728
2022,166,9,2,010201,01,0102,Sierra urbana,3,1743.177818336128,5229.533455008384,26511.7846660292,736.4384629452557,455.14320191148863,233.57161117525305,0,0,No pobre,29603.21440433997
2025,38,19,4,200101,20,2001,Sierra urbana,3,1923.0629395666047,5769.188818699814,13260.223977307498,368.3395549252083,425.86802788882767,219.23037960297577,1,0,Pobre no extremo,117199.39617458713
2021,181,18,2,150101,15,1501,Lima Metropolitana,6,1177.2993383251414,7063.796029950849,25216.232964541396,350.2254578408527,420.52690080201575,226.50346114779697,1,0,Pobre no extremo,47170.60604462973
2024,349,5,3,250101,25,2501,Sierra rural,4,1396.3146089154363,5585.258435661745,7962.672443941693,165.88900924878527,416.60071888394214,257.5088625235735,1,1,Pobre extremo,57296.5626871888
2021,105,6,1,210101,21,2101,Lima Metropolitana,7,1733.6836136078575,12135.785295255002,45948.41985653321,547.004998292062,425.89168226695494,265.08109857931,0,0,No pobre,25857.517593217828
2024,100,12,3,250101,25,2501,Sierra urbana,2,812.140199691351,1624.280399382702,11873.11465149828,494.71311047909495,411.8228952132665,217.0084533584672,0,0,No pobre,44461.42717331193
2025,90,11,4,130101,13,1301,Callao,4,1986.3804102765569,7945.521641106227,44923.08666904486,935.8976389384346,441.2184194911875,244.0979669780643,0,0,No pobre,7716.005747640663
2025,415,16,3,150132,15,1501,Selva urbana,3,1392.9526016831055,4178.857805049316,10176.581590437425,282.68282195659515,386.3565979524695,247.36740959070207,1,0,Pobre no extremo,109544.0985844859
2021,300,17,1,150101,15,1501,Sierra rural,4,905.597526880166,3622.390107520664,23163.967102163053,482.5826479617303,460.73881734473144,258.9740199287703,0,0,No pobre,77036.08852313976
2024,444,9,4,130101,13,1301,Costa rural,5,1386.9421525030916,6934.710762515459,34457.9768697136,574.2996144952267,397.31669471533377,262.9329727950838,0,0,No pobre,234020.93691486193
2025,332,1,3,150101,15,1501,Callao,5,1091.1920617755293,5455.960308877647,23211.366519050054,386.85610865083424,443.3444728288745,232.75942582738182,1,0,Pobre no extremo,39209.53617716658
2022,401,3,1,050101,05,0501,Selva urbana,4,312.11898592289384,1248.4759436915754,47849.697697422074,996.8687020296265,424.9882523052241,268.780295167395,0,0,No pobre,13438.184877140173
2022,79,9,1,040101,04,0401,Lima Metropolitana,4,1612.144079061705,6448.57631624682,40252.3923448911,838.5915071852313,457.3493546878807,267.9580281517944,0,0,No pobre,162188.5285955339
2024,73,19,2,010101,01,0101,Sierra rural,6,1172.313602480571,7033.881614883427,18405.435712248047,255.63105155900064,462.61399868210566,235.4527579586928,1,0,Pobre no extremo,27893.241730568338
2021,423,13,3,010101,01,0101,Lima Metropolitana,3,1612.1065599603885,4836.319679881166,15820.130389553759,439.4480663764933,400.42003721856673,237.9422484452819,0,0,No pobre,1011.166133880131
2025,426,14,4,150101,15,1501,Selva rural,5,394.33268669818506,1971.6634334909254,14838.041090949208,247.30068484915347,447.71791474377557,246.7424887685629,1,0,Pobre no extremo,59966.713536982395
2021,176,19,2,210101,21,2101,Costa urbana,6,1122.8785979214738,6737.271587528843,13037.582059172462,181.07752859961752,398.9907506767506,226.16713009538555,1,1,Pobre extremo,92681.40407429035
2022,396,7,3,200101,20,2001,Lima Metropolitana,4,1556.5861172045345,6226.344468818138,177620.25965060058,3700.422076054179,392.39982608348845,246.34307397372177,0,0,No pobre,122984.77068999775
2025,96,4,3,010201,01,0102,Sierra urbana,5,1977.7786784225168,9888.893392112584,15251.54374865693,254.19239581094882,473.0296101471251,235.9999775558296,1,0,Pobre no extremo,14743.189318265206
2021,345,12,4,210101,21,2101,Sierra urbana,3,1780.3548251319914,5341.064475395974,71890.17568533531,1996.9493245926476,396.4389070441343,202.48057360440674,0,0,No pobre,60493.7796484138
2023,103,14,2,200101,20,2001,Sierra urbana,2,1742.2642914152148,3484.5285828304295,31174.697215047876,1298.9457172936616,402.8131932582733,259.69102556737255,0,0,No pobre,64860.27850960753
2024,402,2,2,210101,21,2101,Sierra rural,4,570.1742624781562,2280.6970499126246,19538.95442354409,407.06155049050193,393.0324007787969,265.83120608099057,0,0,No pobre,67325.53621399034
2024,463,1,4,050101,05,0501,Selva urbana,2,1692.17074324719,3384.34148649438,32039.921383527373,1334.9967243136405,427.0291889371456,201.8360354982897,0,0,No pobre,19942.739445059608
2023,224,18,2,210101,21,2101,Costa urbana,4,421.6344273316298,1686.5377093265192,33832.02545981879,704.8338637462248,471.960732252439,255.24832731650994,0,0,No pobre,51808.149486255825
2022,6,8,1,010201,01,0102,Sierra urbana,6,476.40456264202373,2858.427375852142,5530.0911003188385,76.80682083776165,406.4055738712244,227.00692826587192,1,1,Pobre extremo,111157.22859051262
2025,122,3,4,010101,01,0101,Selva urbana,2,309.22181311259686,618.4436262251937,25086.033375936306,1045.2513906640127,434.185213074929,240.9942260020247,0,0,No pobre,5543.184230997697
2024,236,6,3,210101,21,2101,Lima Metropolitana,1,1729.4334083561955,1729.4334083561955,27058.412096335313,2254.8676746946094,421.1458737092765,234.9996462872501,0,0,No pobre,35817.61020758436
2023,427,13,4,250101,25,2501,Costa rural,4,305.6835432575055,1222.734173030022,20006.88637132387,416.810132735914,413.6009410840477,238.5917455583133,0,0,No pobre,98948.12510332705
2023,116,9,1,200101,20,2001,Selva rural,3,362.41181151551905,1087.2354345465571,3981.4109975655792,110.5947499323772,437.2152691263575,234.6630413330659,1,1,Pobre extremo,182249.5429373155
2022,163,9,4,150132,15,1501,Costa rural,3,567.1855851565331,1701.5567554695992,19952.973779886564,554.2492716635156,435.88929011688106,259.7362760041513,0,0,No pobre,170995.2636110619
2022,226,9,3,200101,20,2001,Costa urbana,3,1188.058577329218,3564.175731987654,114939.80775813786,3192.7724377260515,415.93666008840006,247.84546792867178,0,0,No pobre,93404.04761229297
2021,230,15,3,010101,01,0101,Sierra urbana,2,1772.3423520707659,3544.6847041415317,44156.08440086747,1839.8368500361446,465.0563296566042,228.88460788820794,0,0,No pobre,235045.97393324078
2024,182,13,4,210101,21,2101,Callao,1,894.6334949855794,894.6334949855794,10432.061295747999,869.3384413123332,385.3172107749525,248.19980068053843,0,0,No pobre,96367.96865746623
2021,249,16,4,250101,25,2501,Callao,6,1137.9433034643919,6827.659820786352,60106.230002972625,834.8087500412864,388.5238395167308,267.5533473358717,0,0,No pobre,3550.8524282481376
2023,318,2,1,210101,21,2101,Costa rural,3,416.32985991878064,1248.989579756342,9932.462376436762,275.90173267879896,479.0781259966738,205.62157834374028,1,0,Pobre no extremo,23164.084438710048
2025,453,14,1,210101,21,2101,Selva rural,3,605.2971262058041,1815.8913786174126,34269.426190078826,951.9285052799673,454.7682912051179,227.166298009064,0,0,No pobre,151260.8749248777
2025,210,6,3,150101,15,1501,Selva urbana,7,354.45894872297237,2481.2126410608066,34529.197615630444,411.0618763765529,460.39289034300987,260.9317822626657,1,0,Pobre no extremo,21815.03231932235
2022,144,2,2,050101,05,0501,Callao,5,878.8458052474705,4394.229026237353,19334.518100843616,322.2419683473936,440.27010751387974,251.73385775680313,1,0,Pobre no extremo,133202.28604281455
2025,392,8,2,010201,01,0102,Selva urbana,2,1221.6377514885655,2443.275502977131,68735.5431793804,2863.980965807517,421.98604260264597,265.4450222613846,0,0,No pobre,78741.26641764636
2025,345,4,2,050101,05,0501,Costa rural,4,639.6371070635629,2558.5484282542516,53013.734791858275,1104.452808163714,442.92268787323076,202.78669213362676,0,0,No pobre,238741.78266795434
2025,96,14,2,150132,15,1501,Lima Metropolitana,5,1707.392125592106,8536.960627960529,13389.255667143467,223.1542611190578,389.2584705608713,260.3942926448951,1,1,Pobre extremo,23562.19443187855
2023,382,11,3,010101,01,0101,Lima Metropolitana,4,1964.3528669126054,7857.411467650421,20721.59970619553,431.6999938790736,455.7769168302163,255.42591389684102,1,0,Pobre no extremo,5791.376924026976
2025,346,14,2,210101,21,2101,Sierra urbana,5,328.2942193977039,1641.4710969885195,12443.479085957671,207.39131809929452,434.07430471438494,257.0527311257661,1,1,Pobre extremo,29393.14817291415
2025,244,12,2,040101,04,0401,Selva rural,4,133.93410642911587,535.7364257164635,16056.660179575229,334.5137537411506,475.6731890538092,241.80839096785056,1,0,Pobre no extremo,8747.9308382946
2025,86,16,4,050101,05,0501,Costa urbana,2,1600.5761240500892,3201.1522481001784,48296.451989283356,2012.35216622014,443.747525770765,203.6341924584424,0,0,No pobre,22891.83462220777
2021,415,6,2,130101,13,1301,Sierra urbana,4,462.22108782635524,1848.884351305421,26578.59347915438,553.7206974823829,395.1692537178451,237.73909502655854,0,0,No pobre,2222.94060494932
2023,491,1,4,040101,04,0401,Callao,4,770.9785260556321,3083.9141042225283,67947.34491056987,1415.5696856368722,427.7550114978047,228.54257958929068,0,0,No pobre,36940.208068678825
2022,394,12,3,050101,05,0501,Sierra rural,4,849.0393147240396,3396.1572588961585,6485.798084936117,135.12079343616912,385.7822249219321,236.89292268562915,1,1,Pobre extremo,56035.14869117119
2021,184,7,4,130101,13,1301,Costa rural,2,1841.5388389117945,3683.077677823589,34489.17032634023,1437.0487635975096,454.54295592918714,251.82071815349394,0,0,No pobre,59358.82995565243
2024,121,8,1,010101,01,0101,Sierra rural,2,1351.7926099557078,2703.5852199114156,56843.93098376953,2368.4971243237305,430.18315215683174,241.71724441582325,0,0,No pobre,97666.4948615123
2023,332,9,4,210101,21,2101,Callao,7,177.1580315754924,1240.1062210284467,29473.8994439282,350.8797552848595,416.96533697923695,220.47940229015032,1,0,Pobre no extremo,50115.79530159315
2023,92,2,2,250101,25,2501,Costa rural,2,128.13945735689373,256.27891471378746,7890.068659598871,328.7528608166196,476.8549381672039,241.9655140149295,1,0,Pobre no extremo,19022.06839787363
2024,70,17,4,250101,25,2501,Costa urbana,3,479.1793853075323,1437.5381559225968,10456.753332467079,290.46537034630774,474.059851896738,205.8196910156717,1,0,Pobre no extremo,127141.7161079217
2024,404,13,4,050101,05,0501,Sierra urbana,5,704.5266876581517,3522.6334382907585,60942.397064439385,1015.7066177406564,475.28319968261195,200.3756193852124,0,0,No pobre,74083.12610961735
2024,133,5,3,210101,21,2101,Selva rural,3,1020.595284764538,3061.7858542936137,16652.830124935444,462.57861458154014,402.097024221691,228.10696191047836,0,0,No pobre,34010.495204754625
2022,279,10,3,050101,05,0501,Callao,2,1691.8948833868255,3383.789766773651,13338.650973395119,555.7771238914632,452.8569595718992,253.0030452763515,0,0,No pobre,32601.95677120523
2025,137,12,2,010101,01,0101,Lima Metropolitana,4,698.153736466043,2792.614945864172,19832.21403711845,413.17112577330107,474.5382137202456,257.5843961692187,1,0,Pobre no extremo,19505.286102793303
2023,314,17,1,130101,13,1301,Lima Metropolitana,4,815.420716616145,3261.68286646458,21420.0128926002,446.2502685958375,437.08702567066337,238.4887519315247,0,0,No pobre,132410.1284744444
2025,187,6,1,210101,21,2101,Sierra urbana,4,725.7420670183494,2902.9682680733977,78243.67017037155,1630.0764618827407,401.4160343933171,260.76048203925734,0,0,No pobre,37722.20953909228
2025,221,3,4,040101,04,0401,Costa rural,6,117.03413846252066,702.2048307751239,5593.434885959074,77.68659563832047,461.78124638822624,208.81403953939443,1,1,Pobre extremo,87865.40548230892
2024,464,15,1,130101,13,1301,Lima Metropolitana,3,1914.8829243244277,5744.6487729732835,45172.66068591018,1254.7961301641717,467.99182473267115,267.4874098711218,0,0,No pobre,4926.928944062752
2022,438,7,3,040101,04,0401,Selva urbana,4,364.0921798593002,1456.3687194372008,100172.3296018236,2086.923533371325,450.32353863865137,264.5232235555473,0,0,No pobre,42067.94092940377
2021,46,6,2,040101,04,0401,Sierra rural,2,646.5682085861694,1293.1364171723387,62993.93636046529,2624.7473483527206,409.35528775355965,241.94660753484433,0,0,No pobre,48333.058997198
2022,278,4,2,010101,01,0101,Selva rural,3,345.6762739832394,1037.0288219497183,217816.92081979677,6050.470022772132,399.06938986544526,204.1105486824012,0,0,No pobre,11298.213982966676
2025,192,19,3,010201,01,0102,Selva rural,5,1032.031996697773,5160.159983488865,17826.235428124357,297.10392380207264,442.4269801196717,231.79420039661647,1,0,Pobre no extremo,17306.90920659522
2022,8,5,2,010201,01,0102,Lima Metropolitana,3,1871.1156183907483,5613.346855172245,60051.72311376461,1668.1034198267946,428.2800524802448,212.54910727857404,0,0,No pobre,77092.19891063568
2024,379,3,4,210101,21,2101,Callao,4,291.3313634884239,1165.3254539536956,24899.412787372705,518.737766403598,446.8782724413272,243.98976878874726,0,0,No pobre,66557.4805920864
2021,276,9,2,150132,15,1501,Sierra urbana,2,937.7041548181426,1875.4083096362851,16865.08945524036,702.712060635015,391.1699665462366,213.2975636283195,0,0,No pobre,49000.893183017804
2024,179,6,1,200101,20,2001,Sierra urbana,2,142.51220696599904,285.0244139319981,3648.037565690557,152.00156523710655,393.5913551048064,233.72583622968924,1,1,Pobre extremo,133577.17913184076
2021,334,13,2,010201,01,0102,Costa rural,4,1564.7066206336815,6258.826482534726,17706.93370572706,368.8944522026471,416.28895559768716,214.3938848802133,1,0,Pobre no extremo,64504.72840959155
2025,39,4,2,210101,21,2101,Selva urbana,4,1318.3296727534075,5273.31869101363,70163.0456989242,1461.7301187275873,405.87602876288753,212.7291591230313,0,0,No pobre,148083.27251161172
2021,293,2,3,040101,04,0401,Callao,2,1429.4274610435853,2858.8549220871705,5743.953342069782,239.33138925290757,441.93386310926707,217.35465031594296,1,0,Pobre no extremo,14687.612149908173
2021,178,4,3,250101,25,2501,Callao,6,997.4390857018922,5984.634514211353,177704.63358318812,2468.1199108776127,416.7540529362188,202.0437518861195,0,0,No pobre,46170.02974643604
2021,162,8,1,010201,01,0102,Callao,3,1824.502756157171,5473.508268471513,38902.9180962529,1080.6366137848026,448.39707861478837,250.1280449165906,0,0,No pobre,40061.859844610255
2022,331,13,3,010101,01,0101,Sierra rural,2,878.1591566579581,1756.3183133159162,9947.612749805854,414.4838645752439,456.879840210569,221.47084634450488,1,0,Pobre no extremo,10804.783124975525
2022,374,10,1,210101,21,2101,Selva urbana,3,1076.7616420954462,3230.2849262863383,33049.89086029538,918.0525238970939,398.71675702191817,248.86756377568662,0,0,No pobre,214506.11311204906
2025,104,18,4,200101,20,2001,Selva rural,2,1421.0495223141959,2842.0990446283918,49915.84797974484,2079.826999156035,471.9823835415061,245.7434752904043,0,0,No pobre,23000.46481143916
2021,161,9,1,050101,05,0501,Selva urbana,2,1089.065218081374,2178.130436162748,17326.737736566734,721.9474056902806,458.71598402865703,204.62788610362307,0,0,No pobre,53700.01486296555
2023,287,1,2,150132,15,1501,Lima Metropolitana,5,459.7377310410231,2298.6886552051155,15343.400321059034,255.72333868431724,442.67808021542754,221.84243306863337,1,0,Pobre no extremo,22291.800072963804
2025,123,13,1,040101,04,0401,Costa rural,4,702.4341742853328,2809.736697141331,159014.84351210343,3312.809239835488,470.89288547481374,239.68023733156895,0,0,No pobre,113485.57314214538
2021,54,18,4,040101,04,0401,Selva urbana,3,275.35948946373003,826.0784683911901,19813.213986170216,550.3670551713949,406.58687496191993,264.28808357927255,0,0,No pobre,28134.05180560435
2021,428,15,2,050101,05,0501,Callao,7,921.9656447128658,6453.759512990061,23640.928431291934,281.4396241820468,422.1713201972018,228.09237973139517,1,0,Pobre no extremo,27961.755425643336
2022,34,2,1,010201,01,0102,Sierra rural,3,1257.8449768640232,3773.53493059207,88525.11101311061,2459.030861475295,388.57869804006015,235.335408165079,0,0,No pobre,37106.285006777456
2025,242,11,3,250101,25,2501,Selva rural,2,325.20689411136726,650.4137882227345,25195.749388981305,1049.8228912075544,425.6181821157108,252.51111624502454,0,0,No pobre,39519.1988129096
2021,455,14,3,050101,05,0501,Costa urbana,3,1298.115530793245,3894.346592379735,53534.1550071587,1487.0598613099637,430.6400729597721,256.2306831670754,0,0,No pobre,20984.108616476766
2021,378,15,3,250101,25,2501,Selva rural,3,1796.4570655290077,5389.3711965870225,17595.252278454354,488.75700773484317,441.60669236600614,264.6338352580733,0,0,No pobre,16781.724884162693
2025,113,14,1,040101,04,0401,Callao,4,741.6750926724873,2966.700370689949,14357.778440611748,299.1203841794114,386.40392130843674,234.8032606141201,1,0,Pobre no extremo,21180.510678273495
2023,318,16,1,200101,20,2001,Costa urbana,3,521.8628828157576,1565.588648447273,37903.21688767328,1052.8671357687024,383.24660192337024,213.56865506513057,0,0,No pobre,31091.743272823398
2025,23,15,4,010201,01,0102,Sierra rural,4,1796.711521299616,7186.846085198464,11126.774091309158,231.8077935689408,421.9890165281097,253.50948608607422,1,1,Pobre extremo,47648.995176051736
2025,46,19,2,210101,21,2101,Selva rural,4,1414.6959482053423,5658.783792821369,38809.57883374437,808.5328923696743,398.91333122759255,208.7902685223759,0,0,No pobre,24189.19637136093
2023,312,9,2,040101,04,0401,Selva rural,5,300.2502493074523,1501.2512465372615,11778.912030881029,196.31520051468382,455.8788342152463,229.28396185208274,1,1,Pobre extremo,11637.210663609016
2025,135,5,2,050101,05,0501,Selva rural,5,875.4127089172916,4377.063544586458,38477.497214222385,641.2916202370398,446.873628413523,243.97491348964118,0,0,No pobre,10847.18372185346
2021,118,5,2,250101,25,2501,Selva rural,3,1380.7702395336426,4142.310718600927,81759.2125068272,2271.0892363007556,412.58269743830516,248.42993305059517,0,0,No pobre,14567.405801477838
2025,473,11,1,250101,25,2501,Costa rural,2,1191.329362453364,2382.658724906728,4473.350643952617,186.38961016469239,384.5783265163333,251.3119402051149,1,1,Pobre extremo,50576.359500479
2023,189,4,1,040101,04,0401,Sierra urbana,4,1275.2395267647587,5100.958107059035,18582.024285095802,387.1255059394959,398.24436238435175,213.5472674078293,1,0,Pobre no extremo,87266.57351819664
2024,131,18,4,040101,04,0401,Selva rural,2,1177.5568305504596,2355.113661100919,4611.2581321990465,192.1357555082936,449.16793426131113,268.71544409604354,1,1,Pobre extremo,12042.099030277812
2025,422,3,2,200101,20,2001,Costa rural,2,1616.3165940792915,3232.633188158583,20661.116857323486,860.8798690551453,479.0164893336977,212.4893003633272,0,0,No pobre,55554.89782585035
2022,212,4,1,200101,20,2001,Sierra rural,4,708.8112179142594,2835.2448716570375,36410.78252493996,758.5579692695825,412.64604050995825,206.72513836793516,0,0,No pobre,52606.73387645651
2021,418,14,1,150101,15,1501,Selva rural,3,1446.0784610087896,4338.235383026369,19810.966399330027,550.3046222036119,460.1996286965393,246.48352813502055,0,0,No pobre,227594.8005266959
2021,113,7,1,050101,05,0501,Selva urbana,5,1983.05094073914,9915.2547036957,3917.315112747143,65.28858521245238,466.7096491598757,263.69999998996104,1,1,Pobre extremo,370865.0225101169
2022,44,8,1,010101,01,0101,Selva rural,3,840.9218297842426,2522.765489352728,60411.64236001711,1678.101176667142,384.8180872158477,239.15686015495538,0,0,No pobre,104985.08713207304
2022,128,16,2,050101,05,0501,Lima Metropolitana,7,1602.991797654107,11220.942583578748,7231.781987908575,86.09264271319732,471.62215979222145,241.68377041603176,1,1,Pobre extremo,73432.73678303279
2025,364,15,2,200101,20,2001,Selva rural,5,567.607550558725,2838.0377527936253,57071.52359336925,951.1920598894875,426.62027043699544,237.69393235540232,0,0,No pobre,61852.781779477
2022,158,7,1,150101,15,1501,Callao,2,635.6037533396938,1271.2075066793875,13737.56069769232,572.3983624038467,476.42422065371676,202.99237358650225,0,0,No pobre,17476.292281641076
2024,273,17,3,010201,01,0102,Costa urbana,4,1876.2413609487319,7504.9654437949275,12291.905908830686,256.08137310063927,433.8555827453116,247.69181007453537,1,0,Pobre no extremo,11565.492778373615
2023,315,12,4,040101,04,0401,Selva urbana,4,149.2828768725087,597.1315074900348,27167.017650019825,565.979534375413,403.5143509898648,225.07393843804311,0,0,No pobre,7643.770612307157
2022,394,18,2,150132,15,1501,Selva rural,4,513.1119552355756,2052.4478209423023,70236.12459801881,1463.2525957920586,477.46683074076276,265.4971656719417,0,0,No pobre,42506.04212870877
2022,355,14,2,050101,05,0501,Selva rural,4,1017.5493258428058,4070.1973033712234,156377.29859516714,3257.8603873993156,404.3304914115967,213.07530332840298,0,0,No pobre,17124.562458392553
2024,340,15,3,050101,05,0501,Selva rural,4,863.5104812379542,3454.041924951817,18598.607448716815,387.47098851493365,468.24782275975036,221.14810472013966,1,0,Pobre no extremo,80333.44253212854
2021,402,15,2,130101,13,1301,Costa rural,3,1295.4224893465594,3886.267468039678,8334.945046193538,231.5262512831538,397.31284947185503,235.3398324217433,1,1,Pobre extremo,11797.362622572797
2021,45,5,3,200101,20,2001,Callao,3,466.17189568472565,1398.5156870541769,36725.96160330316,1020.1656000917545,447.4767572756628,233.41485305333063,0,0,No pobre,46787.23080107479
2025,108,16,3,150132,15,1501,Sierra rural,6,234.03930830020954,1404.2358498012572,8060.411025236394,111.95015312828326,421.1291608886194,228.0213319175618,1,1,Pobre extremo,16925.865690541956
2024,219,5,1,210101,21,2101,Costa urbana,3,801.7334558290383,2405.200367487115,52542.18340977988,1459.5050947161078,477.2018173151445,222.00820563811018,0,0,No pobre,9148.865147733053
2023,443,2,2,130101,13,1301,Selva rural,2,1096.2749600739437,2192.5499201478874,40102.96875951973,1670.9570316466554,398.47726311392546,210.30293156194284,0,0,No pobre,16100.213927830759
2023,318,9,4,010101,01,0101,Sierra rural,2,1167.8034904613316,2335.6069809226633,91061.63935412507,3794.234973088545,420.87946730080813,257.4645311011524,0,0,No pobre,19010.670188766333
2024,315,9,3,050101,05,0501,Callao,6,1242.837694730687,7457.026168384122,69437.32043767092,964.407228300985,443.9776324043741,231.41388510905293,0,0,No pobre,35560.56719525421
2023,177,4,4,150101,15,1501,Costa urbana,4,1142.4577919469543,4569.831167787817,30504.15954742568,635.5033239047017,477.762042327544,240.10695913693408,0,0,No pobre,19841.193279362546
2021,228,15,1,150101,15,1501,Costa urbana,5,566.9287448452565,2834.6437242262823,27668.754740880475,461.1459123480079,410.38630766313406,238.25870045450375,0,0,No pobre,14379.958037866687
2023,191,11,2,210101,21,2101,Lima Metropolitana,5,1552.6444983411034,7763.222491705517,12106.07440667794,201.7679067779657,419.6871051044777,240.2842262653743,1,1,Pobre extremo,16291.501068230533
2023,471,1,1,250101,25,2501,Callao,5,266.78249730485726,1333.9124865242864,11890.549230051589,198.17582050085983,426.17919873223593,249.33882602912786,1,1,Pobre extremo,869.6887350079234
2024,160,18,1,130101,13,1301,Costa urbana,4,476.8723711491477,1907.4894845965907,25922.281237896263,540.0475257895055,405.27004912961763,244.05666965281662,0,0,No pobre,24846.387691884032
2024,394,1,4,130101,13,1301,Callao,2,1504.818217136317,3009.636434272634,10203.91929817736,425.16330409072333,461.73547004036425,219.17320421789952,1,0,Pobre no extremo,37565.00142511036
2023,267,8,4,150101,15,1501,Callao,2,631.4796547999782,1262.9593095999564,21140.95918847007,880.8732995195863,389.1995605752303,238.75969482228274,0,0,No pobre,23817.929563093392
2022,358,16,3,150101,15,1501,Selva rural,4,1037.5995390578698,4150.398156231479,17615.26172723515,366.98461931739894,450.47899317063025,217.11590338786624,1,0,Pobre no extremo,44272.603409485884
2024,326,18,2,040101,04,0401,Costa rural,3,721.6757076255618,2165.0271228766856,45857.808311316956,1273.8280086476932,433.3928969957536,241.21855219356945,0,0,No pobre,95340.11040168405
2025,379,9,1,150101,15,1501,Selva rural,4,1063.264302070406,4253.057208281624,26365.606128074774,549.2834610015578,404.1926955985712,230.23542341417019,0,0,No pobre,104764.34735347398
2025,489,12,3,200101,20,2001,Selva rural,4,758.6460198999936,3034.5840795999743,65873.76971954947,1372.370202490614,429.28304735340487,202.75928648076135,0,0,No pobre,96529.5801303477
2021,190,19,3,150101,15,1501,Sierra rural,4,1988.9951808214958,7955.980723285983,20504.60862012631,427.17934625263143,462.9949092194205,251.37899811578103,1,0,Pobre no extremo,19625.056648325826
2023,175,18,1,130101,13,1301,Sierra urbana,1,779.2074197804786,779.2074197804786,9391.964976517926,782.6637480431605,424.54416039221263,219.22664924158966,0,0,No pobre,14346.106204027958
2022,290,5,1,040101,04,0401,Sierra urbana,1,1291.3938930555262,1291.3938930555262,44097.41134710874,3674.7842789257284,392.1897764914977,264.4136048593672,0,0,No pobre,20718.399797741942
2021,484,2,3,010101,01,0101,Lima Metropolitana,5,1787.852113536667,8939.260567683335,24061.686707887642,401.0281117981274,384.08019621315196,219.63900691632855,0,0,No pobre,66380.09568850939
2023,357,7,1,130101,13,1301,Callao,2,1312.0764892930258,2624.1529785860516,21098.062273637104,879.0859280682126,457.7796294113557,269.763592019462,0,0,No pobre,49592.48518800714
2024,145,10,1,150101,15,1501,Sierra urbana,4,1175.1287847082563,4700.515138833025,18399.95426458826,383.33238051225544,413.0433145834041,232.4065817464986,1,0,Pobre no extremo,16947.470030904104
2025,232,15,4,150101,15,1501,Sierra rural,4,1181.5359640367956,4726.143856147182,26625.86004860086,554.7054176791846,473.1244696574136,201.8485123712337,0,0,No pobre,106620.61175696559
2022,360,7,2,150101,15,1501,Selva urbana,7,1043.2753507544326,7302.9274552810275,21092.27558205392,251.09851883397525,441.71471810005227,205.33882872855588,1,0,Pobre no extremo,11984.735197219956
2025,438,5,3,040101,04,0401,Lima Metropolitana,5,1634.4027626684647,8172.013813342323,42835.97032778737,713.9328387964562,423.62838911681627,205.74616110113982,0,0,No pobre,21536.762836401853
2024,204,15,1,050101,05,0501,Sierra rural,3,195.80574888662574,587.4172466598773,52362.27969349967,1454.5077692638797,436.44649201507127,203.93500947047562,0,0,No pobre,44760.2054104612
2023,213,15,3,040101,04,0401,Costa urbana,4,1781.7468250657225,7126.98730026289,19276.31750806003,401.58994808458397,425.71326449126326,218.7452579769406,1,0,Pobre no extremo,83580.36003514954
2024,40,10,2,010201,01,0102,Selva rural,2,1213.9552184667211,2427.9104369334423,162705.52340305783,6779.396808460743,470.5811082383286,222.72121804049888,0,0,No pobre,115651.88972045765
2024,275,14,3,200101,20,2001,Selva urbana,3,1712.8591203859216,5138.577361157765,16102.081854973416,447.28005152703935,425.8021869367291,207.79001048703574,0,0,No pobre,49250.29038810208
2025,323,10,3,150132,15,1501,Costa urbana,5,119.74613483399624,598.7306741699812,27342.979585644345,455.71632642740576,390.40645085887473,230.66920393609706,0,0,No pobre,10538.32783860759
2022,82,17,3,200101,20,2001,Lima Metropolitana,4,1751.6251675270735,7006.500670108294,6247.312608201682,130.15234600420172,439.70880391584586,225.5745575178978,1,1,Pobre extremo,104696.97579301786
2024,181,14,4,150101,15,1501,Selva rural,4,328.2612864292071,1313.0451457168283,24488.91532526618,510.1857359430455,442.2981046150319,244.5426797074209,0,0,No pobre,12814.461403384685
2025,499,2,2,150132,15,1501,Selva rural,2,1470.3142121455585,2940.628424291117,22399.438031954644,933.3099179981101,456.5330072793035,213.71051916512695,0,0,No pobre,22483.69127652793
2022,320,16,2,010101,01,0101,Lima Metropolitana,5,891.390646486903,4456.9532324345155,25728.27985442448,428.804664240408,473.32841415510086,263.9789843152138,1,0,Pobre no extremo,13561.35827901743
2023,83,13,3,250101,25,2501,Costa urbana,3,1394.0375430860563,4182.112629258168,64813.81434135708,1800.3837317043633,424.30816821234504,236.11935451654344,0,0,No pobre,33163.28760332808
2023,303,9,3,130101,13,1301,Sierra rural,5,1293.560501586992,6467.802507934959,121963.84376402725,2032.730729400454,415.2076606607306,243.6613127637972,0,0,No pobre,13086.320357228442
2021,262,7,2,050101,05,0501,Sierra urbana,4,410.45343942775946,1641.8137577110379,72929.08556859837,1519.3559493457994,429.0771015747499,202.76642368802965,0,0,No pobre,58234.45599582587
2025,272,16,1,250101,25,2501,Selva urbana,3,1077.7661524503485,3233.2984573510457,24527.93823793587,681.3316177204408,470.0198901911297,239.13620892071464,0,0,No pobre,55006.576279165325
2022,200,10,4,040101,04,0401,Callao,1,626.7378990696275,626.7378990696275,32116.20265074772,2676.3502208956434,477.998238183652,225.76701431581552,0,0,No pobre,77172.11684595796
2024,240,9,2,010201,01,0102,Lima Metropolitana,3,1164.8300014112235,3494.4900042336703,105960.00668646154,2943.333519068376,477.1235006613742,264.69204341707297,0,0,No pobre,48297.124122788584
2023,402,7,3,210101,21,2101,Lima Metropolitana,6,1502.2062378004036,9013.237426802421,10926.914023051893,151.76269476460962,402.9695512805228,261.99503208834994,1,1,Pobre extremo,45410.955910533885
2022,180,16,1,200101,20,2001,Selva rural,5,254.39098770549202,1271.9549385274602,54524.489849023164,908.7414974837194,429.6895361561876,244.63540900152017,0,0,No pobre,13623.263695955962
2025,432,9,1,250101,25,2501,Costa rural,4,1079.948604708948,4319.794418835792,12097.76034149274,252.03667378109876,405.94740258550115,253.74959455640192,1,1,Pobre extremo,18434.345355185433
2021,171,17,1,010201,01,0102,Selva rural,4,1273.4966594482912,5093.986637793165,75267.41338843701,1568.0711122591044,416.79827823670473,245.12152099811598,0,0,No pobre,32814.40192112322
2023,295,7,4,150101,15,1501,Callao,4,661.1981618347063,2644.792647338825,23849.789111992766,496.8706064998493,383.1684105541547,201.18776781252058,0,0,No pobre,35683.491605747935
2022,177,11,4,040101,04,0401,Sierra urbana,4,1910.7066173124135,7642.826469249654,12189.367214107391,253.945150293904,396.06011792715833,249.21885812712173,1,0,Pobre no extremo,26006.776387918373
2022,369,8,2,040101,04,0401,Selva rural,4,1088.575368462976,4354.301473851904,14883.976055324,310.08283448591664,419.7075954687027,212.39635346905862,1,0,Pobre no extremo,63358.39324956467
2022,396,7,2,130101,13,1301,Costa rural,3,446.7824707072722,1340.3474121218164,17170.185704720545,476.949602908904,416.4704632223064,247.77996684791538,0,0,No pobre,368347.6027092546
2025,237,19,2,150132,15,1501,Lima Metropolitana,5,304.79769741863964,1523.9884870931983,63427.291403909316,1057.1215233984885,407.8832551131338,200.73547489611195,0,0,No pobre,54439.64069392694
2025,138,12,2,150132,15,1501,Sierra rural,5,1129.1531434141946,5645.765717070973,89814.69581736485,1496.9115969560808,403.03095770863035,221.76347658746857,0,0,No pobre,18572.562958571154
2025,327,7,3,250101,25,2501,Selva rural,3,812.9529241411651,2438.8587724234953,18737.2880564301,520.4802237897251,454.895571444739,236.18495853519278,0,0,No pobre,79333.95769585867
2024,366,8,4,010101,01,0101,Selva urbana,5,465.8394857599308,2329.197428799654,12268.518089941692,204.4753014990282,409.45496998113913,223.3219420252545,1,1,Pobre extremo,19468.436497426646
2022,311,7,1,150132,15,1501,Sierra rural,4,158.3271248929717,633.3084995718868,167177.52058427513,3482.8650121723986,450.65436314627436,248.57910764210453,0,0,No pobre,51745.01786280073
2023,129,6,3,150132,15,1501,Costa rural,2,1176.540152071972,2353.080304143944,56224.694019790615,2342.6955841579424,416.86251090816637,236.5896677125312,0,0,No pobre,58354.94289542678
2025,49,9,2,150101,15,1501,Costa urbana,2,1237.3404499839576,2474.680899967915,13389.195952456344,557.883164685681,460.1979239075558,267.176716667318,0,0,No pobre,45753.6588113929
2025,164,13,2,150101,15,1501,Selva rural,4,369.4249422447901,1477.6997689791604,37180.88285493395,774.6017261444573,396.7233348735342,225.04686964576325,0,0,No pobre,20058.000350069637
2022,277,7,3,010201,01,0102,Callao,6,1243.3022945635782,7459.813767381469,18563.781608481546,257.83030011779925,395.7603880369578,250.53015320855488,1,0,Pobre no extremo,39139.69608029514
2025,293,8,1,040101,04,0401,Lima Metropolitana,5,1908.748233944437,9543.741169722185,8462.034795429128,141.03391325715214,447.9672267041004,258.50891650953946,1,1,Pobre extremo,21964.508695784665
2024,116,17,4,040101,04,0401,Lima Metropolitana,4,1958.761658980505,7835.04663592202,20352.447685251973,424.0093267760828,471.4915241808855,217.75324509766327,1,0,Pobre no extremo,21864.86216699364
2024,24,17,4,040101,04,0401,Sierra rural,2,1788.1365794583096,3576.273158916619,7835.333291021449,326.47222045922706,394.29867048328714,252.78920330564443,1,0,Pobre no extremo,6974.951439294429
2025,311,16,1,010201,01,0102,Selva rural,2,1633.449303587907,3266.898607175814,17457.281229910146,727.3867179129228,387.3704617843817,227.53197999880965,0,0,No pobre,32111.95863572124
2022,25,2,4,210101,21,2101,Callao,3,497.7988897553294,1493.3966692659883,18994.65429607246,527.6292860020127,473.4637206821824,209.01090061432726,0,0,No pobre,316479.81339126406
2022,391,8,2,150101,15,1501,Selva urbana,6,397.22684674226724,2383.3610804536033,16551.7557403209,229.88549639334582,391.73269438658195,200.25529542027593,1,0,Pobre no extremo,2973.378939178509
2022,127,17,2,010201,01,0102,Selva rural,7,945.4004443421735,6617.803110395214,61075.043156964006,727.0838471067143,405.03669197656825,252.06302868459875,0,0,No pobre,3927.7166872921066
2021,234,13,2,040101,04,0401,Sierra rural,3,1277.3003275052497,3831.900982515749,38711.6146267126,1075.3226285197945,472.94941674200805,213.03708552149064,0,0,No pobre,38464.13331780371
2025,209,18,2,250101,25,2501,Sierra urbana,5,1716.2894996159182,8581.447498079591,15133.655646802401,252.22759411337336,460.29178929602216,203.5835543947228,1,0,Pobre no extremo,76921.21878633443
2022,93,10,1,150101,15,1501,Sierra rural,4,540.729778159923,2162.919112639692,35969.29669928181,749.3603479017044,414.27578136572936,234.8046361277749,0,0,No pobre,9462.468207913575
2024,94,2,4,050101,05,0501,Costa rural,1,1011.3310109886319,1011.3310109886319,87147.76335619697,7262.313613016414,475.45277196565934,224.26886242405914,0,0,No pobre,45077.31490628958
2023,327,2,4,150132,15,1501,Sierra rural,4,1330.1364597180072,5320.545838872029,12747.13719838734,265.56535829973626,436.80485131987376,248.42646931337015,1,0,Pobre no extremo,30899.432477583705
2023,225,14,3,150101,15,1501,Lima Metropolitana,5,946.6283236153963,4733.141618076981,8244.709443338226,137.4118240556371,387.22482626276934,207.51550067736127,1,1,Pobre extremo,19882.231261964425
2022,455,16,1,150101,15,1501,Selva urbana,3,962.9679864506401,2888.90395935192,10136.607763536496,281.5724378760138,450.30668772678143,209.28572187411382,1,0,Pobre no extremo,53174.52311377542
2023,378,7,4,040101,04,0401,Sierra rural,6,527.7226059537302,3166.335635722381,37754.735113862575,524.3713210258691,433.72773578233017,228.28753958104207,0,0,No pobre,13260.079579625182
2023,280,12,4,200101,20,2001,Sierra rural,3,1974.6557193310443,5923.967157993133,102831.25375547541,2856.4237154298726,437.25880505191554,236.42857200982434,0,0,No pobre,100489.4045727699
2021,11,14,3,210101,21,2101,Selva urbana,2,1002.8672384741424,2005.7344769482847,57701.26220211345,2404.219258421394,479.4104244325465,257.6935743105136,0,0,No pobre,5361.883562219844
2024,329,4,2,150101,15,1501,Sierra rural,2,1112.2096962704347,2224.4193925408695,85513.71320681152,3563.0713836171467,395.25142832995414,240.99376336544577,0,0,No pobre,33443.63563677771
2024,12,4,4,010201,01,0102,Lima Metropolitana,5,515.2626534449752,2576.3132672248757,3716.715220059933,61.94525366766555,445.6795900287892,263.18182116021876,1,1,Pobre extremo,40434.752627984075
2021,35,18,2,010101,01,0101,Selva urbana,3,1076.8597648304553,3230.579294491366,12708.106183821938,353.0029495506094,425.8741097229692,215.24374852968512,1,0,Pobre no extremo,30748.79010316182
2021,447,3,3,040101,04,0401,Lima Metropolitana,5,585.1641612151828,2925.8208060759143,9837.53647699453,163.95894128324215,407.18931248879954,241.7353661198869,1,1,Pobre extremo,21746.007985622753
2023,452,1,4,040101,04,0401,Lima Metropolitana,4,484.4388776285862,1937.755510514345,44478.29310052191,926.631106260873,449.3544791662963,245.86668868548188,0,0,No pobre,68110.23883673102
2025,228,17,2,200101,20,2001,Lima Metropolitana,4,623.8722767915755,2495.489107166302,22484.739920303455,468.43208167298866,446.821280725,250.80635362007246,0,0,No pobre,24141.473538072038
2023,220,7,1,130101,13,1301,Costa rural,5,105.24333216003387,526.2166608001694,1808.8136283415467,30.146893805692446,465.649510812353,269.20554887600633,1,1,Pobre extremo,7960.227160346196
2021,441,16,2,010101,01,0101,Selva urbana,3,1183.2871128031993,3549.861338409598,53301.567842041746,1480.5991067233817,467.8869235186504,232.76236756884657,0,0,No pobre,18336.298500034824
2024,141,5,2,050101,05,0501,Costa rural,5,836.2120104934021,4181.060052467011,76977.84129741561,1282.9640216235935,436.18194530492383,225.85237059040261,0,0,No pobre,39958.90867624284
2023,23,19,2,150132,15,1501,Costa rural,2,1807.5091364684677,3615.0182729369353,164142.52606817332,6839.271919507221,412.5572566067718,259.65446726076794,0,0,No pobre,21000.720180696993
2025,83,7,2,130101,13,1301,Callao,4,177.34362986379026,709.374519455161,31211.51037369479,650.2397994519748,432.9580450438145,212.37536335597207,0,0,No pobre,26244.765552411453
2023,490,14,1,250101,25,2501,Selva urbana,5,182.08057162592522,910.4028581296261,46963.31609184871,782.7219348641452,415.9255126702863,202.59196680958408,0,0,No pobre,78681.33206972638
2022,229,2,3,150101,15,1501,Sierra rural,6,1783.1596828939087,10698.958097363451,9632.01239103564,133.77794987549498,407.73560840296113,231.05123374719332,1,1,Pobre extremo,19991.61420833093
2023,423,3,2,250101,25,2501,Selva rural,3,340.62482018824835,1021.874460564745,6139.482817834198,170.54118938428326,435.1575377777167,217.30440981756215,1,1,Pobre extremo,33021.215819747966
2021,344,17,2,050101,05,0501,Callao,4,104.10419783560343,416.4167913424137,82384.70788699832,1716.3480809791317,445.7934174163069,227.75677808785636,0,0,No pobre,29867.953216307415
2024,80,16,4,010201,01,0102,Sierra urbana,3,439.93634105472614,1319.8090231641784,44018.63883289082,1222.7399675803006,439.0571286910394,269.0258318012425,0,0,No pobre,106348.32870985418
2024,353,8,4,210101,21,2101,Selva rural,3,1665.364732685448,4996.094198056344,82769.24911543074,2299.145808761965,475.44195213633196,224.39417611534768,0,0,No pobre,38127.57250395289
2021,396,18,1,010201,01,0102,Lima Metropolitana,2,1625.1567572441943,3250.3135144883886,21371.924589428785,890.496857892866,409.86361185539647,249.55759958753663,0,0,No pobre,80921.31365044901
2022,290,15,1,010201,01,0102,Selva urbana,2,746.251200602557,1492.502401205114,227081.0038796317,9461.708494984654,417.23416850546744,217.52814068253255,0,0,No pobre,17681.298113440407
2021,455,7,1,010201,01,0102,Sierra rural,5,1369.2587427937187,6846.293713968594,35659.72046695419,594.3286744492365,446.76428232235537,221.2396060636323,0,0,No pobre,209612.87695977007
2023,331,9,4,010101,01,0101,Costa rural,5,1063.7744439380726,5318.872219690364,13653.590312383596,227.5598385397266,440.0358627503607,217.02086354221805,1,0,Pobre no extremo,83335.66603684948
2021,159,6,2,040101,04,0401,Costa urbana,3,1818.9964807072215,5456.989442121665,20208.214353899257,561.3392876083127,380.1863385337364,240.05126091580257,0,0,No pobre,190610.47151963922
2021,477,18,4,150101,15,1501,Sierra urbana,5,207.2046032931024,1036.023016465512,6351.952576032636,105.8658762672106,411.2285468526741,215.82760103375037,1,1,Pobre extremo,44329.8262744036
2022,128,18,3,150132,15,1501,Callao,2,1645.0403445996003,3290.0806891992006,11520.623831047327,480.0259929603053,405.37618524686377,250.2854871863236,0,0,No pobre,19814.9203435973
2023,190,14,1,010101,01,0101,Callao,4,424.1374719121741,1696.5498876486963,18988.868313101484,395.60142318961425,463.99148866460155,247.61919389750346,1,0,Pobre no extremo,28914.34014285931
2025,397,14,1,130101,13,1301,Selva rural,6,844.0797051203427,5064.478230722057,108532.87655539598,1507.4010632693887,466.6248730884929,229.4888773192582,0,0,No pobre,44785.19375636549
2025,31,14,1,130101,13,1301,Callao,5,464.7185877260552,2323.592938630276,25355.695117555417,422.59491862592364,408.38931410311585,201.79039147264638,0,0,No pobre,44199.731361016005
2024,386,4,3,010101,01,0101,Sierra rural,3,1434.9673782288642,4304.902134686592,71391.27334156688,1983.0909261546356,390.20711536275365,201.58557925584577,0,0,No pobre,24122.008905743576
2021,359,4,2,050101,05,0501,Lima Metropolitana,5,1388.8197415311897,6944.098707655949,24590.771438480544,409.8461906413424,400.5201947058699,237.29647719762534,0,0,No pobre,35810.12649005378
2024,15,15,2,250101,25,2501,Sierra urbana,3,1141.005443228151,3423.016329684453,10684.166950287366,296.7824152857602,397.6568398919059,258.7439179989683,1,0,Pobre no extremo,46845.21564248564
2022,313,15,2,010101,01,0101,Lima Metropolitana,5,1426.509769926945,7132.548849634724,43956.36101442293,732.6060169070489,403.74353592850895,241.92115699631927,0,0,No pobre,16083.702478566389
2025,75,18,1,010101,01,0101,Costa urbana,4,1315.1730831488803,5260.692332595521,12577.683943864206,262.0350821638376,403.46449022974156,230.49553231095518,1,0,Pobre no extremo,25126.826923582918
2021,34,14,2,150132,15,1501,Costa urbana,5,1575.2399058001092,7876.199529000546,18819.735382090705,313.6622563681784,427.9838648900973,261.7483183437745,1,0,Pobre no extremo,138364.5038149355
2022,359,1,4,150132,15,1501,Callao,2,554.8726374520426,1109.7452749040851,167449.2147559894,6977.050614832892,411.96413807375643,213.78968143187447,0,0,No pobre,120613.9456914276
2022,196,10,1,040101,04,0401,Costa urbana,4,914.933968387369,3659.735873549476,46353.92075323742,965.706682359113,435.9821750855444,225.15971005214126,0,0,No pobre,16417.637802486297
2021,331,10,3,150132,15,1501,Selva rural,4,388.09040577303455,1552.3616230921382,12858.00952420193,267.8751984208736,414.4134624340841,239.57166163094294,1,0,Pobre no extremo,241297.51187774306
2022,29,10,3,040101,04,0401,Lima Metropolitana,4,916.2277720183686,3664.9110880734743,51994.66401658798,1083.2221670122497,461.46769299652703,220.41686284038704,0,0,No pobre,16376.430859318907
2021,194,2,2,010201,01,0102,Selva urbana,4,1433.2143276986483,5732.857310794593,11568.007435108006,241.00015489808345,475.07924777837377,269.8398737301987,1,1,Pobre extremo,54559.371025575194
2021,16,8,1,250101,25,2501,Callao,6,1413.643205490268,8481.859232941608,5548.8052996206725,77.06674027250934,420.39184533550247,231.66246418546714,1,1,Pobre extremo,137130.18678246034
2023,423,1,4,050101,05,0501,Sierra urbana,5,1447.9111162603915,7239.555581301957,71915.36908664824,1198.5894847774705,384.9468534786555,203.62055563388066,0,0,No pobre,16363.886477218895
2024,77,1,4,250101,25,2501,Selva urbana,3,686.6583044242774,2059.974913272832,35078.75206545074,974.4097795958538,403.95782473678395,212.3258393126695,0,0,No pobre,11757.007205274482
2022,293,4,1,040101,04,0401,Lima Metropolitana,5,1358.2065502027554,6791.032751013777,22527.176166885703,375.4529361147617,390.18581642030415,237.27366077922787,1,0,Pobre no extremo,59311.6842678937
2022,81,7,2,150132,15,1501,Costa urbana,2,798.1860072189825,1596.372014437965,6009.60612533332,250.40025522222166,414.47639098129065,238.50393397799266,1,0,Pobre no extremo,33812.23014043256
2023,405,9,3,010101,01,0101,Sierra rural,4,1894.5348875995949,7578.1395503983795,20255.976683360204,421.9995142366709,444.51142341801693,268.8900987036286,1,0,Pobre no extremo,25670.879287488497
2023,428,16,3,150101,15,1501,Costa urbana,6,752.3960951726436,4514.376571035862,31984.412201416115,444.2279472418905,431.8907908944511,241.9976492898388,0,0,No pobre,9364.438280936727
2023,124,5,4,010201,01,0102,Selva urbana,2,1245.7346446843374,2491.4692893686747,9423.695205934178,392.6539669139241,404.2875678027638,246.66391242514524,1,0,Pobre no extremo,135560.10306794307
2025,19,2,4,200101,20,2001,Costa urbana,5,1525.2768569651344,7626.384284825672,27946.114093967986,465.7685682327998,456.7259052642657,214.96059389539414,0,0,No pobre,46706.468867223964
2025,455,11,4,130101,13,1301,Lima Metropolitana,5,1822.1741151500482,9110.870575750241,108584.91544958719,1809.7485908264532,393.1480729379729,207.48054171445315,0,0,No pobre,72229.72040621798
2025,102,18,3,040101,04,0401,Costa urbana,4,932.0643465624307,3728.257386249723,32989.865714191525,687.2888690456567,402.8195975124701,242.14070057036614,0,0,No pobre,116432.31130615652
2021,392,19,4,250101,25,2501,Selva urbana,3,784.9217055957091,2354.765116787127,45519.88079473183,1264.441133186995,447.6047150592675,260.54159836221726,0,0,No pobre,6388.9112778567915
2022,77,13,3,150132,15,1501,Selva urbana,3,917.0535331015191,2751.1605993045573,18108.767189650152,503.02131082361535,399.7234386688867,241.11610662531527,0,0,No pobre,43433.99589599517
2024,229,11,3,010201,01,0102,Lima Metropolitana,7,715.0230679445835,5005.161475612085,10446.44543563387,124.36244566230798,447.8762715878589,230.99482527292344,1,1,Pobre extremo,7974.793392004947
2021,450,19,2,130101,13,1301,Callao,3,1342.4565311278966,4027.36959338369,16229.983360109185,450.83287111414404,477.694135029615,240.47446489251405,1,0,Pobre no extremo,76936.06842006675
2022,297,17,2,200101,20,2001,Callao,4,1872.1618516163096,7488.647406465238,69524.84719020476,1448.434316462599,463.1353287196153,232.81401049400046,0,0,No pobre,139600.13891161323
2022,203,5,2,010101,01,0101,Sierra rural,2,339.53491232979684,679.0698246595937,24648.10777588602,1027.0044906619175,396.0010540362924,209.9317103210722,0,0,No pobre,33212.18786736703
2023,472,13,4,010101,01,0101,Selva urbana,3,1165.7519230632981,3497.2557691898946,22426.131586005984,622.9480996112774,432.04984215032533,251.88290976770313,0,0,No pobre,33892.12544371842
2023,454,1,3,040101,04,0401,Lima Metropolitana,5,1805.5325781846288,9027.662890923144,17067.989114050255,284.46648523417093,422.23215634324845,237.31267144252706,1,0,Pobre no extremo,64495.1863741703
2021,61,10,4,040101,04,0401,Callao,3,290.2176348464333,870.6529045392999,8567.164880561586,237.97680223782183,479.1669413233397,227.9526013240709,1,0,Pobre no extremo,58446.362570254874
2023,26,8,3,150132,15,1501,Callao,7,1038.3442804559336,7268.409963191535,92100.34354684452,1096.4326612719585,476.4400701740583,239.17469514294044,0,0,No pobre,29111.561291769398
2022,71,8,2,150101,15,1501,Sierra rural,4,1743.9362321348476,6975.7449285393905,22308.80517855058,464.7667745531371,392.71120527709047,216.88588681173343,0,0,No pobre,73671.21824154237
2023,103,19,2,150132,15,1501,Costa rural,4,1810.8592022529565,7243.436809011826,16674.17868911308,347.3787226898558,470.8730872016333,229.95704008293026,1,0,Pobre no extremo,28691.519996154457
2025,467,6,4,050101,05,0501,Lima Metropolitana,1,1077.2691061905414,1077.2691061905414,28904.41757965282,2408.7014649710686,399.3418338038459,243.57116407026098,0,0,No pobre,49330.0691018235
2023,326,12,3,010201,01,0102,Costa rural,7,147.40858048866318,1031.8600634206423,16703.930560574903,198.85631619732027,411.9451501712749,215.83355015670625,1,1,Pobre extremo,10362.684401955043
2022,363,7,4,010201,01,0102,Selva urbana,2,300.7144390128612,601.4288780257224,35653.38003954543,1485.5575016477262,415.34079797309437,252.42965592651956,0,0,No pobre,114843.03751929697
2021,157,16,1,250101,25,2501,Callao,4,1214.7618159583442,4859.047263833377,14528.653901306758,302.68028961055745,408.6822045121821,236.47076382996107,1,0,Pobre no extremo,15180.374217053726
2024,363,9,4,010101,01,0101,Costa urbana,3,335.3313522860554,1005.9940568581662,30068.585852495533,835.2384959026537,465.32437931669295,260.3194697292961,0,0,No pobre,49848.135400149455
2023,359,10,2,210101,21,2101,Sierra urbana,3,383.8937761314145,1151.6813283942433,25659.98078266105,712.7772439628069,412.9932405876375,259.3065604387494,0,0,No pobre,11767.737107878706
2022,194,10,3,150132,15,1501,Costa urbana,4,1567.0224857860164,6268.089943144066,142903.26269694784,2977.1513061864134,461.67384190851914,234.61619306035593,0,0,No pobre,23309.700760790365
2024,275,10,3,250101,25,2501,Selva urbana,4,1526.3149112934507,6105.259645173803,150154.1193185493,3128.2108191364437,479.43768165049573,213.68259274425301,0,0,No pobre,21672.351348786822
2024,324,16,4,040101,04,0401,Sierra rural,2,1701.2682429083966,3402.536485816793,54651.218433958515,2277.134101414938,464.0761537827046,251.5649250627065,0,0,No pobre,61221.06229307873
2025,186,1,2,010201,01,0102,Lima Metropolitana,4,300.89675936160074,1203.587037446403,24848.04448169692,517.6675933686859,414.6142926434292,229.3074694978307,0,0,No pobre,159234.33412422764
2024,326,17,1,040101,04,0401,Costa urbana,5,476.47527408395365,2382.376370419768,55423.48580819043,923.7247634698405,451.12523934128626,241.6239238416748,0,0,No pobre,16921.864515579382
2022,113,14,4,150132,15,1501,Costa rural,3,1682.626716731436,5047.880150194308,53857.06891968764,1496.0296922135456,433.39234469910735,207.50857031217572,0,0,No pobre,14583.86283463511
2022,313,19,3,130101,13,1301,Callao,2,1470.066456525805,2940.13291305161,17620.49984954697,734.1874937311237,458.65177838834086,244.21087926611946,0,0,No pobre,102721.92544978394
2023,165,17,2,040101,04,0401,Selva rural,3,1631.3166428732764,4893.949928619829,6095.595426036356,169.32209516767657,395.30973946462416,226.14853422615872,1,1,Pobre extremo,17790.0255318072
2023,61,14,3,210101,21,2101,Callao,3,1980.516782325052,5941.550346975156,4852.65299906305,134.79591664064026,443.8134592645904,223.3932824802946,1,1,Pobre extremo,369760.6866208503
2023,92,8,3,010201,01,0102,Selva urbana,2,1742.420051695834,3484.840103391668,24170.407289102695,1007.1003037126123,457.36667733417346,268.59409051444607,0,0,No pobre,12575.688603188324
2024,286,9,3,150132,15,1501,Callao,3,1088.8801766145446,3266.640529843634,17077.754622413468,474.38207284481854,456.123133540664,230.27014499321731,0,0,No pobre,75053.56813743807
2024,455,8,3,250101,25,2501,Costa urbana,4,690.4595511147891,2761.8382044591563,16486.336100634504,343.4653354298855,476.35930056037813,247.4626864681014,1,0,Pobre no extremo,7811.482205931903
2025,457,13,1,150101,15,1501,Selva rural,2,1182.385514491932,2364.771028983864,13040.388381994815,543.3495159164506,385.841138078432,243.9409274901689,0,0,No pobre,13134.615953561264
2023,153,17,2,150101,15,1501,Costa urbana,4,1313.3144454454596,5253.257781781838,12540.525571748529,261.2609494114277,414.57793690922904,207.30124856196105,1,0,Pobre no extremo,13632.090340547556
2021,225,19,4,150132,15,1501,Sierra rural,7,737.0930683932797,5159.651478752958,48501.8018195832,577.4024026140856,427.6553581791439,252.35492759450213,0,0,No pobre,19975.50962606426
2025,127,7,2,150101,15,1501,Sierra rural,7,1564.780371220889,10953.462598546223,1761.2105766259417,20.96679257888026,410.9763528392081,222.62114424035036,1,1,Pobre extremo,83131.38869609343
2021,193,17,2,010201,01,0102,Sierra rural,5,276.2322060499848,1381.1610302499241,45681.13607428515,761.3522679047525,410.9789513672471,255.92576844377146,0,0,No pobre,34934.06875736757
2024,115,1,2,130101,13,1301,Selva rural,3,1580.846416295249,4742.539248885747,20985.015483570874,582.9170967658577,397.61286066899265,242.53485478307678,0,0,No pobre,113744.99710650381
2025,262,5,4,040101,04,0401,Sierra urbana,1,160.7971854957021,160.7971854957021,98387.43925362107,8198.95327113509,461.2951403025208,222.19640429674428,0,0,No pobre,81382.17156038052
2025,18,6,2,210101,21,2101,Selva rural,5,1046.1355153708314,5230.677576854157,34189.9634519691,569.832724199485,470.80690443845424,224.94050722317496,0,0,No pobre,13472.341695487537
2022,10,2,4,200101,20,2001,Selva urbana,2,1736.729280618206,3473.458561236412,5654.548431019394,235.60618462580808,388.23273595717507,251.20551587664525,1,1,Pobre extremo,32631.24094919069
2024,92,16,4,250101,25,2501,Selva urbana,3,264.34102064065536,793.023061921966,4992.050798954613,138.66807774873925,395.4898911758299,238.50415205860173,1,1,Pobre extremo,123462.60633606247
2024,139,5,1,010201,01,0102,Costa rural,4,1083.7039793389224,4334.81591735569,9622.160902425207,200.4616854671918,402.84529998718534,246.78457284699206,1,1,Pobre extremo,15454.26763822644
2025,481,5,3,010101,01,0101,Costa rural,2,402.84373402650107,805.6874680530021,34138.3180598392,1422.4299191599666,430.8987483854169,211.08228247526318,0,0,No pobre,64483.44270476532
2024,449,12,4,050101,05,0501,Selva urbana,5,1800.149925115777,9000.749625578885,5758.401265720937,95.97335442868228,459.1172033300967,255.0883670559893,1,1,Pobre extremo,17587.044085370137
2025,333,3,3,050101,05,0501,Costa urbana,5,1681.4565013638974,8407.282506819487,29712.76718445613,495.21278640760215,387.145552476495,222.42739232405242,0,0,No pobre,14008.218561030897
